ABM: Se creó la estación Tandil
ABM: Se agrego Tandil (Tandil) - Av. España 745 CP:7000 | vías: 4, plataformas: 2
ABM: Se creó la estación Retiro
ABM: Se agrego Retiro (CABA) - Av. Dr. Jose Maria Ramos Mejia 1430 CP:C1104 | vías: 9, plataformas: 6
ABM: Se creó la estación Constitucion
ABM: Se agrego Constitucion (CABA) - Av. Brasil 1128 CP:C1154 | vías: 14, plataformas: 8
ABM: Se creó la estación Canuelas
ABM: Se agrego Canuelas (Canuelas) - Libertad 150 CP:1814 | vías: 3, plataformas: 2
ABM: Se creó la estación Las Flores
ABM: Se agrego Las Flores (Las Flores) - Av. Rivadavia 400 CP:7200 | vías: 2, plataformas: 2
ABM: Se creó la estación Neuquen
ABM: Se agrego Neuquen (capital) - Av. Brasil 1128 CP:C1154 | vías: 14, plataformas: 8
ABM: Se creó la estación Bariloche
ABM: Se agrego Bariloche (Rio negro) - Libertad 150 CP:1814 | vías: 3, plataformas: 2
ABM: Se creó la estación Tierra del fuego
ABM: Se agrego Tierra del fuego (tierra) - Av. Rivadavia 400 CP:7200 | vías: 2, plataformas: 2
ABM: Se creó la estación La Plata
ABM: Se agrego La Plata (Buenos Aires) - Calle 1 100 CP:1900 | vías: 5, plataformas: 4
ABM: Se creó la estación Mar del Plata
ABM: Se agrego Mar del Plata (Buenos Aires) - Av. Luro 200 CP:7600 | vías: 4, plataformas: 3
ABM: Se creó la estación Rosario
ABM: Se agrego Rosario (Santa Fe) - Aristobulo 300 CP:2000 | vías: 6, plataformas: 4
ABM: Se creó la estación Cordoba
ABM: Se agrego Cordoba (Cordoba) - Peron 400 CP:5000 | vías: 5, plataformas: 3
ABM: Se creó la estación Mendoza
ABM: Se agrego Mendoza (Mendoza) - Las Heras 500 CP:5500 | vías: 3, plataformas: 2
ABM: Se creó la estación Tucuman
ABM: Se agrego Tucuman (Tucuman) - Corrientes 600 CP:4000 | vías: 3, plataformas: 2
ABM: Se creó la estación Salta
ABM: Se agrego Salta (Salta) - Balcarce 700 CP:4400 | vías: 2, plataformas: 2
ABM: Se creó la estación San Juan
ABM: Se agrego San Juan (San Juan) - España 800 CP:5400 | vías: 2, plataformas: 2
ABM: Se creó la estación San Luis
ABM: Se agrego San Luis (San Luis) - Illia 900 CP:5700 | vías: 2, plataformas: 2
ABM: Se creó la estación Santa Rosa
ABM: Se agrego Santa Rosa (La Pampa) - Luro 1000 CP:6300 | vías: 2, plataformas: 2
ABM: Se creó la estación Viedma
ABM: Se agrego Viedma (Rio Negro) - Roca 1100 CP:8500 | vías: 2, plataformas: 2
ABM: Se creó la estación Rawson
ABM: Se agrego Rawson (Chubut) - Fontana 1200 CP:9103 | vías: 2, plataformas: 2
Se agrego la estacion Retiro
Se agrego la estacion Tandil
Se agrego la estacion Constitucion
Se agrego la estacion Canuelas
Se agrego la estacion Las Flores
Se agrego la estacion Neuquen
Se agrego la estacion Bariloche
Se agrego la estacion Tierra del fuego
Se agrego la estacion Rosario
Se agrego la estacion Cordoba
Se agrego la estacion Mendoza
Se agrego la estacion San Juan
Se agrego la estacion San Luis
Se agrego la estacion La Plata
Se agrego la estacion Mar del Plata
ABM: Se creó el tramo de riel entre Retiro y Tandil
ABM: Se creó el tramo de riel entre Constitucion y Canuelas
ABM: Se creó el tramo de riel entre Canuelas y Las Flores
ABM: Se creó el tramo de riel entre Las Flores y Tandil
ABM: Se creó el tramo de riel entre Las Flores y Neuquen
ABM: Se creó el tramo de riel entre Las Flores y Bariloche
ABM: Se creó el tramo de riel entre Las Flores y Tierra del fuego
ABM: Se creó el tramo de riel entre Constitucion y Tierra del fuego
ABM: Se creó el tramo de riel entre Canuelas y Retiro
ABM: Se creó el tramo de riel entre Constitucion y Retiro
ABM: Se creó el tramo de riel entre Retiro y La Plata
ABM: Se creó el tramo de riel entre La Plata y Mar del Plata
ABM: Se creó el tramo de riel entre Constitucion y Mar del Plata
ABM: Se creó el tramo de riel entre Retiro y Rosario
ABM: Se creó el tramo de riel entre Rosario y Cordoba
ABM: Se creó el tramo de riel entre Cordoba y Mendoza
ABM: Se creó el tramo de riel entre Mendoza y San Juan
ABM: Se creó el tramo de riel entre San Juan y San Luis
ABM: Se creó el tramo de riel entre San Luis y Cordoba
Se agrego la estacion Tucuman
ABM: Se creó el tramo de riel entre Cordoba y Tucuman
Se agrego la estacion Salta
ABM: Se creó el tramo de riel entre Tucuman y Salta
Se agrego la estacion Santa Rosa
ABM: Se creó el tramo de riel entre Neuquen y Santa Rosa
ABM: Se creó el tramo de riel entre Santa Rosa y Canuelas
Se agrego la estacion Viedma
ABM: Se creó el tramo de riel entre Bariloche y Viedma
Se agrego la estacion Rawson
ABM: Se creó el tramo de riel entre Viedma y Rawson
ABM: Se creó el tramo de riel entre Rawson y Tierra del fuego
ABM: Se creó el tramo de riel entre Rosario y Tucuman
ABM: Se creó el tramo de riel entre Mendoza y Neuquen
ABM: Se creó el tramo de riel entre La Plata y Las Flores
ABM: Se creó el tramo de riel entre Tandil y Mar del Plata
ABM: Se creó el tramo de riel entre Constitucion y La Plata
ABM: Se agrego Tren 9012 [diesel] pas:6 carga:2 linea:Mitre
ABM: Se agrego Tren 893 [gasolina] pas:0 carga:11 linea:no-asignado
ABM: Se agrego Tren 4402 [diesel] pas:8 carga:4 linea:Roca-Tandil
ABM: Se agrego Tren 1001 [electrico] pas:8 carga:1 linea:San Martin
ABM: Se agrego Tren 1002 [diesel] pas:5 carga:3 linea:Belgrano Norte
ABM: Se agrego Tren 1003 [gasolina] pas:4 carga:5 linea:Mitre
ABM: Se agrego Tren 1004 [electrico] pas:7 carga:2 linea:Roca-Tandil
ABM: Se agrego Tren 1005 [diesel] pas:6 carga:4 linea:San Martin
ABM: Se agrego Tren 1006 [electrico] pas:9 carga:1 linea:Belgrano Norte
ABM: Se agrego Tren 1007 [diesel] pas:5 carga:6 linea:Mitre
ABM: Se agrego Tren 1008 [gasolina] pas:3 carga:8 linea:no-asignado
ABM: Se agrego Tren 1009 [electrico] pas:10 carga:2 linea:San Martin
ABM: Se agrego Tren 1010 [diesel] pas:7 carga:3 linea:Roca-Tandil
ABM: Se agrego Tren 1011 [diesel] pas:6 carga:4 linea:Belgrano Norte
ABM: Se agrego Tren 1012 [electrico] pas:8 carga:1 linea:Mitre
ABM: Se agrego Tren 1013 [gasolina] pas:4 carga:7 linea:no-asignado
ABM: Se agrego Tren 1014 [diesel] pas:5 carga:5 linea:San Martin
ABM: Se agrego Tren 1015 [electrico] pas:9 carga:2 linea:Roca-Tandil
ABM: Se agrego Tren 1016 [diesel] pas:6 carga:3 linea:Belgrano Norte
ABM: Se agrego Tren 1017 [electrico] pas:7 carga:1 linea:San Martin

=== ESTADO DEL SISTEMA POST-CARGA INICIAL ===
eed.tp.TrenesSA@55f96302
==============================================

ABM: Se creó la estación Palermo
ABM: Se agrego Palermo (bs as) - neuquen 100 CP:8300 | vías: 1, plataformas: 1
ABM: Se creó la estación Tandil
ABM: Se agrego Tandil (Tandil) - Av. España 745 CP:7000 | vías: 4, plataformas: 2
ABM: Se creó la estación Retiro
ABM: Se agrego Retiro (CABA) - Av. Dr. Jose Maria Ramos Mejia 1430 CP:C1104 | vías: 9, plataformas: 6
ABM: Se creó la estación Constitucion
ABM: Se agrego Constitucion (CABA) - Av. Brasil 1128 CP:C1154 | vías: 14, plataformas: 8
ABM: Se creó la estación Canuelas
ABM: Se agrego Canuelas (Canuelas) - Libertad 150 CP:1814 | vías: 3, plataformas: 2
ABM: Se creó la estación Las Flores
ABM: Se agrego Las Flores (Las Flores) - Av. Rivadavia 400 CP:7200 | vías: 2, plataformas: 2
ABM: Se creó la estación Neuquen
ABM: Se agrego Neuquen (capital) - Av. Brasil 1128 CP:C1154 | vías: 14, plataformas: 8
ABM: Se creó la estación Bariloche
ABM: Se agrego Bariloche (Rio negro) - Libertad 150 CP:1814 | vías: 3, plataformas: 2
ABM: Se creó la estación Tierra del fuego
ABM: Se agrego Tierra del fuego (tierra) - Av. Rivadavia 400 CP:7200 | vías: 2, plataformas: 2
ABM: Se creó la estación La Plata
ABM: Se agrego La Plata (Buenos Aires) - Calle 1 100 CP:1900 | vías: 5, plataformas: 4
ABM: Se creó la estación Mar del Plata
ABM: Se agrego Mar del Plata (Buenos Aires) - Av. Luro 200 CP:7600 | vías: 4, plataformas: 3
ABM: Se creó la estación Rosario
ABM: Se agrego Rosario (Santa Fe) - Aristobulo 300 CP:2000 | vías: 6, plataformas: 4
ABM: Se creó la estación Cordoba
ABM: Se agrego Cordoba (Cordoba) - Peron 400 CP:5000 | vías: 5, plataformas: 3
ABM: Se creó la estación Mendoza
ABM: Se agrego Mendoza (Mendoza) - Las Heras 500 CP:5500 | vías: 3, plataformas: 2
ABM: Se creó la estación Tucuman
ABM: Se agrego Tucuman (Tucuman) - Corrientes 600 CP:4000 | vías: 3, plataformas: 2
ABM: Se creó la estación Salta
ABM: Se agrego Salta (Salta) - Balcarce 700 CP:4400 | vías: 2, plataformas: 2
ABM: Se creó la estación San Juan
ABM: Se agrego San Juan (San Juan) - España 800 CP:5400 | vías: 2, plataformas: 2
ABM: Se creó la estación San Luis
ABM: Se agrego San Luis (San Luis) - Illia 900 CP:5700 | vías: 2, plataformas: 2
ABM: Se creó la estación Santa Rosa
ABM: Se agrego Santa Rosa (La Pampa) - Luro 1000 CP:6300 | vías: 2, plataformas: 2
ABM: Se creó la estación Viedma
ABM: Se agrego Viedma (Rio Negro) - Roca 1100 CP:8500 | vías: 2, plataformas: 2
ABM: Se creó la estación Rawson
ABM: Se agrego Rawson (Chubut) - Fontana 1200 CP:9103 | vías: 2, plataformas: 2
Se agrego la estacion Retiro
Se agrego la estacion Tandil
Se agrego la estacion Constitucion
Se agrego la estacion Canuelas
Se agrego la estacion Las Flores
Se agrego la estacion Neuquen
Se agrego la estacion Bariloche
Se agrego la estacion Tierra del fuego
Se agrego la estacion Rosario
Se agrego la estacion Cordoba
Se agrego la estacion Mendoza
Se agrego la estacion San Juan
Se agrego la estacion San Luis
Se agrego la estacion La Plata
Se agrego la estacion Mar del Plata
ABM: Se creó el tramo de riel entre Retiro y Tandil
ABM: Se creó el tramo de riel entre Constitucion y Canuelas
ABM: Se creó el tramo de riel entre Canuelas y Las Flores
ABM: Se creó el tramo de riel entre Las Flores y Tandil
ABM: Se creó el tramo de riel entre Las Flores y Neuquen
ABM: Se creó el tramo de riel entre Las Flores y Bariloche
ABM: Se creó el tramo de riel entre Las Flores y Tierra del fuego
ABM: Se creó el tramo de riel entre Constitucion y Tierra del fuego
ABM: Se creó el tramo de riel entre Canuelas y Retiro
ABM: Se creó el tramo de riel entre Constitucion y Retiro
ABM: Se creó el tramo de riel entre Retiro y La Plata
ABM: Se creó el tramo de riel entre La Plata y Mar del Plata
ABM: Se creó el tramo de riel entre Constitucion y Mar del Plata
ABM: Se creó el tramo de riel entre Retiro y Rosario
ABM: Se creó el tramo de riel entre Rosario y Cordoba
ABM: Se creó el tramo de riel entre Cordoba y Mendoza
ABM: Se creó el tramo de riel entre Mendoza y San Juan
ABM: Se creó el tramo de riel entre San Juan y San Luis
ABM: Se creó el tramo de riel entre San Luis y Cordoba
Se agrego la estacion Tucuman
ABM: Se creó el tramo de riel entre Cordoba y Tucuman
Se agrego la estacion Salta
ABM: Se creó el tramo de riel entre Tucuman y Salta
Se agrego la estacion Santa Rosa
ABM: Se creó el tramo de riel entre Neuquen y Santa Rosa
ABM: Se creó el tramo de riel entre Santa Rosa y Canuelas
Se agrego la estacion Viedma
ABM: Se creó el tramo de riel entre Bariloche y Viedma
Se agrego la estacion Rawson
ABM: Se creó el tramo de riel entre Viedma y Rawson
ABM: Se creó el tramo de riel entre Rawson y Tierra del fuego
ABM: Se creó el tramo de riel entre Rosario y Tucuman
ABM: Se creó el tramo de riel entre Mendoza y Neuquen
ABM: Se creó el tramo de riel entre La Plata y Las Flores
ABM: Se creó el tramo de riel entre Tandil y Mar del Plata
ABM: Se creó el tramo de riel entre Constitucion y La Plata
ABM: Se agrego Tren 9012 [diesel] pas:6 carga:2 linea:Mitre
ABM: Se agrego Tren 893 [gasolina] pas:0 carga:11 linea:no-asignado
ABM: Se agrego Tren 4402 [diesel] pas:8 carga:4 linea:Roca-Tandil
ABM: Se agrego Tren 1001 [electrico] pas:8 carga:1 linea:San Martin
ABM: Se agrego Tren 1002 [diesel] pas:5 carga:3 linea:Belgrano Norte
ABM: Se agrego Tren 1003 [gasolina] pas:4 carga:5 linea:Mitre
ABM: Se agrego Tren 1004 [electrico] pas:7 carga:2 linea:Roca-Tandil
ABM: Se agrego Tren 1005 [diesel] pas:6 carga:4 linea:San Martin
ABM: Se agrego Tren 1006 [electrico] pas:9 carga:1 linea:Belgrano Norte
ABM: Se agrego Tren 1007 [diesel] pas:5 carga:6 linea:Mitre
ABM: Se agrego Tren 1008 [gasolina] pas:3 carga:8 linea:no-asignado
ABM: Se agrego Tren 1009 [electrico] pas:10 carga:2 linea:San Martin
ABM: Se agrego Tren 1010 [diesel] pas:7 carga:3 linea:Roca-Tandil
ABM: Se agrego Tren 1011 [diesel] pas:6 carga:4 linea:Belgrano Norte
ABM: Se agrego Tren 1012 [electrico] pas:8 carga:1 linea:Mitre
ABM: Se agrego Tren 1013 [gasolina] pas:4 carga:7 linea:no-asignado
ABM: Se agrego Tren 1014 [diesel] pas:5 carga:5 linea:San Martin
ABM: Se agrego Tren 1015 [electrico] pas:9 carga:2 linea:Roca-Tandil
ABM: Se agrego Tren 1016 [diesel] pas:6 carga:3 linea:Belgrano Norte
ABM: Se agrego Tren 1017 [electrico] pas:7 carga:1 linea:San Martin

=== ESTADO DEL SISTEMA POST-CARGA INICIAL ===
eed.tp.TrenesSA@55f96302
==============================================


=== ESTADO DEL SISTEMA POST-CARGA INICIAL ===
eed.tp.TrenesSA@55f96302
==============================================

ABM: Se agrego Tren 50 [diesel] pas:1 carga:1 linea:1

=== ESTADO DEL SISTEMA POST-CARGA INICIAL ===
eed.tp.TrenesSA@55f96302
==============================================

ABM: Se agrego Tren 10 [1] pas:2 carga:2 linea:no-asignado

=== ESTADO DEL SISTEMA POST-CARGA INICIAL ===
eed.tp.TrenesSA@55f96302
==============================================

ABM: Se agrego Tren 1 [otro] pas:10 carga:10 linea:no-asignado
ABM: Se creó la estación Palermo
ABM: Se agrego Palermo (bs as) - calle1 1 CP:830 | vías: 1, plataformas: 10
ABM: Se creó la estación nqn
ABM: Se agrego nqn (nqn) - calle2 30 CP:830 | vías: 1, plataformas: 1
ABM: Se creó el tramo de riel entre 1 y 2

=== ESTADO DEL SISTEMA POST-CARGA INICIAL ===
eed.tp.TrenesSA@55f96302
==============================================


=== ESTADO DEL SISTEMA POST-CARGA INICIAL ===
eed.tp.TrenesSA@55f96302
==============================================

ABM: Se creó la estación Palermo
ABM: Se agrego Palermo (bsas) - nqn 1 CP:8300 | vías: 1, plataformas: 1
ABM: Se creó la estación nqn
ABM: Se agrego nqn (nqn) - nqn 39 CP:39 | vías: 1, plataformas: 1

=== ESTADO DEL SISTEMA POST-CARGA INICIAL ===
eed.tp.TrenesSA@55f96302
==============================================

ABM: Se creó la estación NQN
ABM: Se agrego NQN (NQN) - 3 3 CP:3 | vías: 3, plataformas: 3
ABM: Se creó la estación RN
ABM: Se agrego RN (RN) - 4 4 CP:4 | vías: 4, plataformas: 4

=== ESTADO DEL SISTEMA POST-CARGA INICIAL ===
==============================================


=== ESTADO DEL SISTEMA POST-CARGA INICIAL ===
eed.tp.TrenesSaControlador@15db9742
==============================================


=== ESTADO DEL SISTEMA POST-CARGA INICIAL ===
eed.tp.TrenesSaControlador@15db9742
==============================================


=== ESTADO DEL SISTEMA POST-CARGA INICIAL ===
eed.tp.TrenesSaControlador@15db9742
==============================================


=== ESTADO DEL SISTEMA POST-CARGA INICIAL ===
eed.tp.TrenesSaControlador@15db9742
==============================================


=== ESTADO DEL SISTEMA POST-CARGA INICIAL ===
eed.tp.TrenesSaControlador@15db9742
==============================================

ABM: Se creó la estación Tandil
ABM: Se agrego Tandil (Tandil) - Av. España 745 CP:7000 | vías: 4, plataformas: 2
ABM: Se creó la estación Retiro
ABM: Se agrego Retiro (CABA) - Av. Dr. Jose Maria Ramos Mejia 1430 CP:C1104 | vías: 9, plataformas: 6
ABM: Se creó la estación Constitucion
ABM: Se agrego Constitucion (CABA) - Av. Brasil 1128 CP:C1154 | vías: 14, plataformas: 8
ABM: Se creó la estación Canuelas
ABM: Se agrego Canuelas (Canuelas) - Libertad 150 CP:1814 | vías: 3, plataformas: 2
ABM: Se creó la estación Las Flores
ABM: Se agrego Las Flores (Las Flores) - Av. Rivadavia 400 CP:7200 | vías: 2, plataformas: 2
ABM: Se creó la estación Neuquen
ABM: Se agrego Neuquen (capital) - Av. Brasil 1128 CP:C1154 | vías: 14, plataformas: 8
ABM: Se creó la estación Bariloche
ABM: Se agrego Bariloche (Rio negro) - Libertad 150 CP:1814 | vías: 3, plataformas: 2
ABM: Se creó la estación Tierra del fuego
ABM: Se agrego Tierra del fuego (tierra) - Av. Rivadavia 400 CP:7200 | vías: 2, plataformas: 2
ABM: Se creó la estación La Plata
ABM: Se agrego La Plata (Buenos Aires) - Calle 1 100 CP:1900 | vías: 5, plataformas: 4
ABM: Se creó la estación Mar del Plata
ABM: Se agrego Mar del Plata (Buenos Aires) - Av. Luro 200 CP:7600 | vías: 4, plataformas: 3
ABM: Se creó la estación Rosario
ABM: Se agrego Rosario (Santa Fe) - Aristobulo 300 CP:2000 | vías: 6, plataformas: 4
ABM: Se creó la estación Cordoba
ABM: Se agrego Cordoba (Cordoba) - Peron 400 CP:5000 | vías: 5, plataformas: 3
ABM: Se creó la estación Mendoza
ABM: Se agrego Mendoza (Mendoza) - Las Heras 500 CP:5500 | vías: 3, plataformas: 2
ABM: Se creó la estación Tucuman
ABM: Se agrego Tucuman (Tucuman) - Corrientes 600 CP:4000 | vías: 3, plataformas: 2
ABM: Se creó la estación Salta
ABM: Se agrego Salta (Salta) - Balcarce 700 CP:4400 | vías: 2, plataformas: 2
ABM: Se creó la estación San Juan
ABM: Se agrego San Juan (San Juan) - España 800 CP:5400 | vías: 2, plataformas: 2
ABM: Se creó la estación San Luis
ABM: Se agrego San Luis (San Luis) - Illia 900 CP:5700 | vías: 2, plataformas: 2
ABM: Se creó la estación Santa Rosa
ABM: Se agrego Santa Rosa (La Pampa) - Luro 1000 CP:6300 | vías: 2, plataformas: 2
ABM: Se creó la estación Viedma
ABM: Se agrego Viedma (Rio Negro) - Roca 1100 CP:8500 | vías: 2, plataformas: 2
ABM: Se creó la estación Rawson
ABM: Se agrego Rawson (Chubut) - Fontana 1200 CP:9103 | vías: 2, plataformas: 2
ABM: Se creó el tramo de riel entre 2 y 1
ABM: Se creó el tramo de riel entre 3 y 4
ABM: Se creó el tramo de riel entre 4 y 5
ABM: Se creó el tramo de riel entre 5 y 1
ABM: Se creó el tramo de riel entre 5 y 6
ABM: Se creó el tramo de riel entre 5 y 7
ABM: Se creó el tramo de riel entre 5 y 8
ABM: Se creó el tramo de riel entre 3 y 8
ABM: Se creó el tramo de riel entre 4 y 2
ABM: Se creó el tramo de riel entre 3 y 2
ABM: Se creó el tramo de riel entre 2 y 9
ABM: Se creó el tramo de riel entre 9 y 10
ABM: Se creó el tramo de riel entre 3 y 10
ABM: Se creó el tramo de riel entre 2 y 11
ABM: Se creó el tramo de riel entre 11 y 12
ABM: Se creó el tramo de riel entre 12 y 13
ABM: Se creó el tramo de riel entre 13 y 16
ABM: Se creó el tramo de riel entre 16 y 17
ABM: Se creó el tramo de riel entre 17 y 12
ABM: Se creó el tramo de riel entre 12 y 14
ABM: Se creó el tramo de riel entre 14 y 15
ABM: Se creó el tramo de riel entre 6 y 18
ABM: Se creó el tramo de riel entre 18 y 4
ABM: Se creó el tramo de riel entre 7 y 19
ABM: Se creó el tramo de riel entre 19 y 20
ABM: Se creó el tramo de riel entre 20 y 8
ABM: Se creó el tramo de riel entre 11 y 14
ABM: Se creó el tramo de riel entre 13 y 6
ABM: Se creó el tramo de riel entre 9 y 5
ABM: Se creó el tramo de riel entre 1 y 10
ABM: Se creó el tramo de riel entre 3 y 9
ABM: Se agrego Tren  [diesel] pas:6 carga:0 linea:Mitre
ABM: Se agrego Tren  [gasolina] pas:0 carga:0 linea:no-asignado
ABM: Se agrego Tren  [diesel] pas:8 carga:0 linea:Roca-Tandil
ABM: Se agrego Tren  [electrico] pas:8 carga:0 linea:San Martin
ABM: Se agrego Tren  [diesel] pas:5 carga:0 linea:Belgrano Norte
ABM: Se agrego Tren  [gasolina] pas:4 carga:0 linea:Mitre
ABM: Se agrego Tren  [electrico] pas:7 carga:0 linea:Roca-Tandil
ABM: Se agrego Tren  [diesel] pas:6 carga:0 linea:San Martin
ABM: Se agrego Tren  [electrico] pas:9 carga:0 linea:Belgrano Norte
ABM: Se agrego Tren  [diesel] pas:5 carga:0 linea:Mitre
ABM: Se agrego Tren  [gasolina] pas:3 carga:0 linea:no-asignado
ABM: Se agrego Tren  [electrico] pas:10 carga:0 linea:San Martin
ABM: Se agrego Tren  [diesel] pas:7 carga:0 linea:Roca-Tandil
ABM: Se agrego Tren  [diesel] pas:6 carga:0 linea:Belgrano Norte
ABM: Se agrego Tren  [electrico] pas:8 carga:0 linea:Mitre
ABM: Se agrego Tren  [gasolina] pas:4 carga:0 linea:no-asignado
ABM: Se agrego Tren  [diesel] pas:5 carga:0 linea:San Martin
ABM: Se agrego Tren  [electrico] pas:9 carga:0 linea:Roca-Tandil
ABM: Se agrego Tren  [diesel] pas:6 carga:0 linea:Belgrano Norte
ABM: Se agrego Tren  [electrico] pas:7 carga:0 linea:San Martin

=== ESTADO DEL SISTEMA POST-CARGA INICIAL ===
eed.tp.TrenesSaControlador@6f79caec
==============================================

ABM: Se creó la estación Tandil
ABM: Se agrego Tandil (Tandil) - Av. España 745 CP:7000 | vías: 4, plataformas: 2
ABM: Se creó la estación Retiro
ABM: Se agrego Retiro (CABA) - Av. Dr. Jose Maria Ramos Mejia 1430 CP:C1104 | vías: 9, plataformas: 6
ABM: Se creó la estación Constitucion
ABM: Se agrego Constitucion (CABA) - Av. Brasil 1128 CP:C1154 | vías: 14, plataformas: 8
ABM: Se creó la estación Canuelas
ABM: Se agrego Canuelas (Canuelas) - Libertad 150 CP:1814 | vías: 3, plataformas: 2
ABM: Se creó la estación Las Flores
ABM: Se agrego Las Flores (Las Flores) - Av. Rivadavia 400 CP:7200 | vías: 2, plataformas: 2
ABM: Se creó la estación Neuquen
ABM: Se agrego Neuquen (capital) - Av. Brasil 1128 CP:C1154 | vías: 14, plataformas: 8
ABM: Se creó la estación Bariloche
ABM: Se agrego Bariloche (Rio negro) - Libertad 150 CP:1814 | vías: 3, plataformas: 2
ABM: Se creó la estación Tierra del fuego
ABM: Se agrego Tierra del fuego (tierra) - Av. Rivadavia 400 CP:7200 | vías: 2, plataformas: 2
ABM: Se creó la estación La Plata
ABM: Se agrego La Plata (Buenos Aires) - Calle 1 100 CP:1900 | vías: 5, plataformas: 4
ABM: Se creó la estación Mar del Plata
ABM: Se agrego Mar del Plata (Buenos Aires) - Av. Luro 200 CP:7600 | vías: 4, plataformas: 3
ABM: Se creó la estación Rosario
ABM: Se agrego Rosario (Santa Fe) - Aristobulo 300 CP:2000 | vías: 6, plataformas: 4
ABM: Se creó la estación Cordoba
ABM: Se agrego Cordoba (Cordoba) - Peron 400 CP:5000 | vías: 5, plataformas: 3
ABM: Se creó la estación Mendoza
ABM: Se agrego Mendoza (Mendoza) - Las Heras 500 CP:5500 | vías: 3, plataformas: 2
ABM: Se creó la estación Tucuman
ABM: Se agrego Tucuman (Tucuman) - Corrientes 600 CP:4000 | vías: 3, plataformas: 2
ABM: Se creó la estación Salta
ABM: Se agrego Salta (Salta) - Balcarce 700 CP:4400 | vías: 2, plataformas: 2
ABM: Se creó la estación San Juan
ABM: Se agrego San Juan (San Juan) - España 800 CP:5400 | vías: 2, plataformas: 2
ABM: Se creó la estación San Luis
ABM: Se agrego San Luis (San Luis) - Illia 900 CP:5700 | vías: 2, plataformas: 2
ABM: Se creó la estación Santa Rosa
ABM: Se agrego Santa Rosa (La Pampa) - Luro 1000 CP:6300 | vías: 2, plataformas: 2
ABM: Se creó la estación Viedma
ABM: Se agrego Viedma (Rio Negro) - Roca 1100 CP:8500 | vías: 2, plataformas: 2
ABM: Se creó la estación Rawson
ABM: Se agrego Rawson (Chubut) - Fontana 1200 CP:9103 | vías: 2, plataformas: 2
ABM: Se creó el tramo de riel entre 2 y 1
ABM: Se creó el tramo de riel entre 3 y 4
ABM: Se creó el tramo de riel entre 4 y 5
ABM: Se creó el tramo de riel entre 5 y 1
ABM: Se creó el tramo de riel entre 5 y 6
ABM: Se creó el tramo de riel entre 5 y 7
ABM: Se creó el tramo de riel entre 5 y 8
ABM: Se creó el tramo de riel entre 3 y 8
ABM: Se creó el tramo de riel entre 4 y 2
ABM: Se creó el tramo de riel entre 3 y 2
ABM: Se creó el tramo de riel entre 2 y 9
ABM: Se creó el tramo de riel entre 9 y 10
ABM: Se creó el tramo de riel entre 3 y 10
ABM: Se creó el tramo de riel entre 2 y 11
ABM: Se creó el tramo de riel entre 11 y 12
ABM: Se creó el tramo de riel entre 12 y 13
ABM: Se creó el tramo de riel entre 13 y 16
ABM: Se creó el tramo de riel entre 16 y 17
ABM: Se creó el tramo de riel entre 17 y 12
ABM: Se creó el tramo de riel entre 12 y 14
ABM: Se creó el tramo de riel entre 14 y 15
ABM: Se creó el tramo de riel entre 6 y 18
ABM: Se creó el tramo de riel entre 18 y 4
ABM: Se creó el tramo de riel entre 7 y 19
ABM: Se creó el tramo de riel entre 19 y 20
ABM: Se creó el tramo de riel entre 20 y 8
ABM: Se creó el tramo de riel entre 11 y 14
ABM: Se creó el tramo de riel entre 13 y 6
ABM: Se creó el tramo de riel entre 9 y 5
ABM: Se creó el tramo de riel entre 1 y 10
ABM: Se creó el tramo de riel entre 3 y 9
ABM: Se agrego Tren  [diesel] pas:6 carga:0 linea:Mitre
ABM: Se agrego Tren  [gasolina] pas:0 carga:0 linea:no-asignado
ABM: Se agrego Tren  [diesel] pas:8 carga:0 linea:Roca-Tandil
ABM: Se agrego Tren  [electrico] pas:8 carga:0 linea:San Martin
ABM: Se agrego Tren  [diesel] pas:5 carga:0 linea:Belgrano Norte
ABM: Se agrego Tren  [gasolina] pas:4 carga:0 linea:Mitre
ABM: Se agrego Tren  [electrico] pas:7 carga:0 linea:Roca-Tandil
ABM: Se agrego Tren  [diesel] pas:6 carga:0 linea:San Martin
ABM: Se agrego Tren  [electrico] pas:9 carga:0 linea:Belgrano Norte
ABM: Se agrego Tren  [diesel] pas:5 carga:0 linea:Mitre
ABM: Se agrego Tren  [gasolina] pas:3 carga:0 linea:no-asignado
ABM: Se agrego Tren  [electrico] pas:10 carga:0 linea:San Martin
ABM: Se agrego Tren  [diesel] pas:7 carga:0 linea:Roca-Tandil
ABM: Se agrego Tren  [diesel] pas:6 carga:0 linea:Belgrano Norte
ABM: Se agrego Tren  [electrico] pas:8 carga:0 linea:Mitre
ABM: Se agrego Tren  [gasolina] pas:4 carga:0 linea:no-asignado
ABM: Se agrego Tren  [diesel] pas:5 carga:0 linea:San Martin
ABM: Se agrego Tren  [electrico] pas:9 carga:0 linea:Roca-Tandil
ABM: Se agrego Tren  [diesel] pas:6 carga:0 linea:Belgrano Norte
ABM: Se agrego Tren  [electrico] pas:7 carga:0 linea:San Martin

=== ESTADO DEL SISTEMA POST-CARGA INICIAL ===
eed.tp.TrenesSaControlador@6ce253f1
==============================================

ABM: Se creó la estación Tandil
ABM: Se agrego Tandil (Tandil) - Av. España 745 CP:7000 | vías: 4, plataformas: 2
ABM: Se creó la estación Retiro
ABM: Se agrego Retiro (CABA) - Av. Dr. Jose Maria Ramos Mejia 1430 CP:C1104 | vías: 9, plataformas: 6
ABM: Se creó la estación Constitucion
ABM: Se agrego Constitucion (CABA) - Av. Brasil 1128 CP:C1154 | vías: 14, plataformas: 8
ABM: Se creó la estación Canuelas
ABM: Se agrego Canuelas (Canuelas) - Libertad 150 CP:1814 | vías: 3, plataformas: 2
ABM: Se creó la estación Las Flores
ABM: Se agrego Las Flores (Las Flores) - Av. Rivadavia 400 CP:7200 | vías: 2, plataformas: 2
ABM: Se creó la estación Neuquen
ABM: Se agrego Neuquen (capital) - Av. Brasil 1128 CP:C1154 | vías: 14, plataformas: 8
ABM: Se creó la estación Bariloche
ABM: Se agrego Bariloche (Rio negro) - Libertad 150 CP:1814 | vías: 3, plataformas: 2
ABM: Se creó la estación Tierra del fuego
ABM: Se agrego Tierra del fuego (tierra) - Av. Rivadavia 400 CP:7200 | vías: 2, plataformas: 2
ABM: Se creó la estación La Plata
ABM: Se agrego La Plata (Buenos Aires) - Calle 1 100 CP:1900 | vías: 5, plataformas: 4
ABM: Se creó la estación Mar del Plata
ABM: Se agrego Mar del Plata (Buenos Aires) - Av. Luro 200 CP:7600 | vías: 4, plataformas: 3
ABM: Se creó la estación Rosario
ABM: Se agrego Rosario (Santa Fe) - Aristobulo 300 CP:2000 | vías: 6, plataformas: 4
ABM: Se creó la estación Cordoba
ABM: Se agrego Cordoba (Cordoba) - Peron 400 CP:5000 | vías: 5, plataformas: 3
ABM: Se creó la estación Mendoza
ABM: Se agrego Mendoza (Mendoza) - Las Heras 500 CP:5500 | vías: 3, plataformas: 2
ABM: Se creó la estación Tucuman
ABM: Se agrego Tucuman (Tucuman) - Corrientes 600 CP:4000 | vías: 3, plataformas: 2
ABM: Se creó la estación Salta
ABM: Se agrego Salta (Salta) - Balcarce 700 CP:4400 | vías: 2, plataformas: 2
ABM: Se creó la estación San Juan
ABM: Se agrego San Juan (San Juan) - España 800 CP:5400 | vías: 2, plataformas: 2
ABM: Se creó la estación San Luis
ABM: Se agrego San Luis (San Luis) - Illia 900 CP:5700 | vías: 2, plataformas: 2
ABM: Se creó la estación Santa Rosa
ABM: Se agrego Santa Rosa (La Pampa) - Luro 1000 CP:6300 | vías: 2, plataformas: 2
ABM: Se creó la estación Viedma
ABM: Se agrego Viedma (Rio Negro) - Roca 1100 CP:8500 | vías: 2, plataformas: 2
ABM: Se creó la estación Rawson
ABM: Se agrego Rawson (Chubut) - Fontana 1200 CP:9103 | vías: 2, plataformas: 2
ABM: Se creó el tramo de riel entre 2 y 1
ABM: Se creó el tramo de riel entre 3 y 4
ABM: Se creó el tramo de riel entre 4 y 5
ABM: Se creó el tramo de riel entre 5 y 1
ABM: Se creó el tramo de riel entre 5 y 6
ABM: Se creó el tramo de riel entre 5 y 7
ABM: Se creó el tramo de riel entre 5 y 8
ABM: Se creó el tramo de riel entre 3 y 8
ABM: Se creó el tramo de riel entre 4 y 2
ABM: Se creó el tramo de riel entre 3 y 2
ABM: Se creó el tramo de riel entre 2 y 9
ABM: Se creó el tramo de riel entre 9 y 10
ABM: Se creó el tramo de riel entre 3 y 10
ABM: Se creó el tramo de riel entre 2 y 11
ABM: Se creó el tramo de riel entre 11 y 12
ABM: Se creó el tramo de riel entre 12 y 13
ABM: Se creó el tramo de riel entre 13 y 16
ABM: Se creó el tramo de riel entre 16 y 17
ABM: Se creó el tramo de riel entre 17 y 12
ABM: Se creó el tramo de riel entre 12 y 14
ABM: Se creó el tramo de riel entre 14 y 15
ABM: Se creó el tramo de riel entre 6 y 18
ABM: Se creó el tramo de riel entre 18 y 4
ABM: Se creó el tramo de riel entre 7 y 19
ABM: Se creó el tramo de riel entre 19 y 20
ABM: Se creó el tramo de riel entre 20 y 8
ABM: Se creó el tramo de riel entre 11 y 14
ABM: Se creó el tramo de riel entre 13 y 6
ABM: Se creó el tramo de riel entre 9 y 5
ABM: Se creó el tramo de riel entre 1 y 10
ABM: Se creó el tramo de riel entre 3 y 9
ABM: Se agrego Tren  [diesel] pas:6 carga:0 linea:Mitre
ABM: Se agrego Tren  [gasolina] pas:0 carga:0 linea:no-asignado
ABM: Se agrego Tren  [diesel] pas:8 carga:0 linea:Roca-Tandil
ABM: Se agrego Tren  [electrico] pas:8 carga:0 linea:San Martin
ABM: Se agrego Tren  [diesel] pas:5 carga:0 linea:Belgrano Norte
ABM: Se agrego Tren  [gasolina] pas:4 carga:0 linea:Mitre
ABM: Se agrego Tren  [electrico] pas:7 carga:0 linea:Roca-Tandil
ABM: Se agrego Tren  [diesel] pas:6 carga:0 linea:San Martin
ABM: Se agrego Tren  [electrico] pas:9 carga:0 linea:Belgrano Norte
ABM: Se agrego Tren  [diesel] pas:5 carga:0 linea:Mitre
ABM: Se agrego Tren  [gasolina] pas:3 carga:0 linea:no-asignado
ABM: Se agrego Tren  [electrico] pas:10 carga:0 linea:San Martin
ABM: Se agrego Tren  [diesel] pas:7 carga:0 linea:Roca-Tandil
ABM: Se agrego Tren  [diesel] pas:6 carga:0 linea:Belgrano Norte
ABM: Se agrego Tren  [electrico] pas:8 carga:0 linea:Mitre
ABM: Se agrego Tren  [gasolina] pas:4 carga:0 linea:no-asignado
ABM: Se agrego Tren  [diesel] pas:5 carga:0 linea:San Martin
ABM: Se agrego Tren  [electrico] pas:9 carga:0 linea:Roca-Tandil
ABM: Se agrego Tren  [diesel] pas:6 carga:0 linea:Belgrano Norte
ABM: Se agrego Tren  [electrico] pas:7 carga:0 linea:San Martin

=== ESTADO DEL SISTEMA POST-CARGA INICIAL ===
eed.tp.TrenesSaControlador@6ce253f1
==============================================

ABM: Se creó la estación Tandil
ABM: Se agrego Tandil (Tandil) - Av. España 745 CP:7000 | vías: 4, plataformas: 2
ABM: Se creó la estación Retiro
ABM: Se agrego Retiro (CABA) - Av. Dr. Jose Maria Ramos Mejia 1430 CP:C1104 | vías: 9, plataformas: 6
ABM: Se creó la estación Constitucion
ABM: Se agrego Constitucion (CABA) - Av. Brasil 1128 CP:C1154 | vías: 14, plataformas: 8
ABM: Se creó la estación Canuelas
ABM: Se agrego Canuelas (Canuelas) - Libertad 150 CP:1814 | vías: 3, plataformas: 2
ABM: Se creó la estación Las Flores
ABM: Se agrego Las Flores (Las Flores) - Av. Rivadavia 400 CP:7200 | vías: 2, plataformas: 2
ABM: Se creó la estación Neuquen
ABM: Se agrego Neuquen (capital) - Av. Brasil 1128 CP:C1154 | vías: 14, plataformas: 8
ABM: Se creó la estación Bariloche
ABM: Se agrego Bariloche (Rio negro) - Libertad 150 CP:1814 | vías: 3, plataformas: 2
ABM: Se creó la estación Tierra del fuego
ABM: Se agrego Tierra del fuego (tierra) - Av. Rivadavia 400 CP:7200 | vías: 2, plataformas: 2
ABM: Se creó la estación La Plata
ABM: Se agrego La Plata (Buenos Aires) - Calle 1 100 CP:1900 | vías: 5, plataformas: 4
ABM: Se creó la estación Mar del Plata
ABM: Se agrego Mar del Plata (Buenos Aires) - Av. Luro 200 CP:7600 | vías: 4, plataformas: 3
ABM: Se creó la estación Rosario
ABM: Se agrego Rosario (Santa Fe) - Aristobulo 300 CP:2000 | vías: 6, plataformas: 4
ABM: Se creó la estación Cordoba
ABM: Se agrego Cordoba (Cordoba) - Peron 400 CP:5000 | vías: 5, plataformas: 3
ABM: Se creó la estación Mendoza
ABM: Se agrego Mendoza (Mendoza) - Las Heras 500 CP:5500 | vías: 3, plataformas: 2
ABM: Se creó la estación Tucuman
ABM: Se agrego Tucuman (Tucuman) - Corrientes 600 CP:4000 | vías: 3, plataformas: 2
ABM: Se creó la estación Salta
ABM: Se agrego Salta (Salta) - Balcarce 700 CP:4400 | vías: 2, plataformas: 2
ABM: Se creó la estación San Juan
ABM: Se agrego San Juan (San Juan) - España 800 CP:5400 | vías: 2, plataformas: 2
ABM: Se creó la estación San Luis
ABM: Se agrego San Luis (San Luis) - Illia 900 CP:5700 | vías: 2, plataformas: 2
ABM: Se creó la estación Santa Rosa
ABM: Se agrego Santa Rosa (La Pampa) - Luro 1000 CP:6300 | vías: 2, plataformas: 2
ABM: Se creó la estación Viedma
ABM: Se agrego Viedma (Rio Negro) - Roca 1100 CP:8500 | vías: 2, plataformas: 2
ABM: Se creó la estación Rawson
ABM: Se agrego Rawson (Chubut) - Fontana 1200 CP:9103 | vías: 2, plataformas: 2
ABM: Se creó el tramo de riel entre 2 y 1
ABM: Se creó el tramo de riel entre 3 y 4
ABM: Se creó el tramo de riel entre 4 y 5
ABM: Se creó el tramo de riel entre 5 y 1
ABM: Se creó el tramo de riel entre 5 y 6
ABM: Se creó el tramo de riel entre 5 y 7
ABM: Se creó el tramo de riel entre 5 y 8
ABM: Se creó el tramo de riel entre 3 y 8
ABM: Se creó el tramo de riel entre 4 y 2
ABM: Se creó el tramo de riel entre 3 y 2
ABM: Se creó el tramo de riel entre 2 y 9
ABM: Se creó el tramo de riel entre 9 y 10
ABM: Se creó el tramo de riel entre 3 y 10
ABM: Se creó el tramo de riel entre 2 y 11
ABM: Se creó el tramo de riel entre 11 y 12
ABM: Se creó el tramo de riel entre 12 y 13
ABM: Se creó el tramo de riel entre 13 y 16
ABM: Se creó el tramo de riel entre 16 y 17
ABM: Se creó el tramo de riel entre 17 y 12
ABM: Se creó el tramo de riel entre 12 y 14
ABM: Se creó el tramo de riel entre 14 y 15
ABM: Se creó el tramo de riel entre 6 y 18
ABM: Se creó el tramo de riel entre 18 y 4
ABM: Se creó el tramo de riel entre 7 y 19
ABM: Se creó el tramo de riel entre 19 y 20
ABM: Se creó el tramo de riel entre 20 y 8
ABM: Se creó el tramo de riel entre 11 y 14
ABM: Se creó el tramo de riel entre 13 y 6
ABM: Se creó el tramo de riel entre 9 y 5
ABM: Se creó el tramo de riel entre 1 y 10
ABM: Se creó el tramo de riel entre 3 y 9
ABM: Se agrego Tren  [diesel] pas:6 carga:0 linea:Mitre
ABM: Se agrego Tren  [gasolina] pas:0 carga:0 linea:no-asignado
ABM: Se agrego Tren  [diesel] pas:8 carga:0 linea:Roca-Tandil
ABM: Se agrego Tren  [electrico] pas:8 carga:0 linea:San Martin
ABM: Se agrego Tren  [diesel] pas:5 carga:0 linea:Belgrano Norte
ABM: Se agrego Tren  [gasolina] pas:4 carga:0 linea:Mitre
ABM: Se agrego Tren  [electrico] pas:7 carga:0 linea:Roca-Tandil
ABM: Se agrego Tren  [diesel] pas:6 carga:0 linea:San Martin
ABM: Se agrego Tren  [electrico] pas:9 carga:0 linea:Belgrano Norte
ABM: Se agrego Tren  [diesel] pas:5 carga:0 linea:Mitre
ABM: Se agrego Tren  [gasolina] pas:3 carga:0 linea:no-asignado
ABM: Se agrego Tren  [electrico] pas:10 carga:0 linea:San Martin
ABM: Se agrego Tren  [diesel] pas:7 carga:0 linea:Roca-Tandil
ABM: Se agrego Tren  [diesel] pas:6 carga:0 linea:Belgrano Norte
ABM: Se agrego Tren  [electrico] pas:8 carga:0 linea:Mitre
ABM: Se agrego Tren  [gasolina] pas:4 carga:0 linea:no-asignado
ABM: Se agrego Tren  [diesel] pas:5 carga:0 linea:San Martin
ABM: Se agrego Tren  [electrico] pas:9 carga:0 linea:Roca-Tandil
ABM: Se agrego Tren  [diesel] pas:6 carga:0 linea:Belgrano Norte
ABM: Se agrego Tren  [electrico] pas:7 carga:0 linea:San Martin

=== ESTADO DEL SISTEMA POST-CARGA INICIAL ===
eed.tp.TrenesSaControlador@6ce253f1
==============================================

ABM: Se creó la estación Tandil
ABM: Se agrego Tandil (Tandil) - Av. España 745 CP:7000 | vías: 4, plataformas: 2
ABM: Se creó la estación Retiro
ABM: Se agrego Retiro (CABA) - Av. Dr. Jose Maria Ramos Mejia 1430 CP:C1104 | vías: 9, plataformas: 6
ABM: Se creó la estación Constitucion
ABM: Se agrego Constitucion (CABA) - Av. Brasil 1128 CP:C1154 | vías: 14, plataformas: 8
ABM: Se creó la estación Canuelas
ABM: Se agrego Canuelas (Canuelas) - Libertad 150 CP:1814 | vías: 3, plataformas: 2
ABM: Se creó la estación Las Flores
ABM: Se agrego Las Flores (Las Flores) - Av. Rivadavia 400 CP:7200 | vías: 2, plataformas: 2
ABM: Se creó la estación Neuquen
ABM: Se agrego Neuquen (capital) - Av. Brasil 1128 CP:C1154 | vías: 14, plataformas: 8
ABM: Se creó la estación Bariloche
ABM: Se agrego Bariloche (Rio negro) - Libertad 150 CP:1814 | vías: 3, plataformas: 2
ABM: Se creó la estación Tierra del fuego
ABM: Se agrego Tierra del fuego (tierra) - Av. Rivadavia 400 CP:7200 | vías: 2, plataformas: 2
ABM: Se creó la estación La Plata
ABM: Se agrego La Plata (Buenos Aires) - Calle 1 100 CP:1900 | vías: 5, plataformas: 4
ABM: Se creó la estación Mar del Plata
ABM: Se agrego Mar del Plata (Buenos Aires) - Av. Luro 200 CP:7600 | vías: 4, plataformas: 3
ABM: Se creó la estación Rosario
ABM: Se agrego Rosario (Santa Fe) - Aristobulo 300 CP:2000 | vías: 6, plataformas: 4
ABM: Se creó la estación Cordoba
ABM: Se agrego Cordoba (Cordoba) - Peron 400 CP:5000 | vías: 5, plataformas: 3
ABM: Se creó la estación Mendoza
ABM: Se agrego Mendoza (Mendoza) - Las Heras 500 CP:5500 | vías: 3, plataformas: 2
ABM: Se creó la estación Tucuman
ABM: Se agrego Tucuman (Tucuman) - Corrientes 600 CP:4000 | vías: 3, plataformas: 2
ABM: Se creó la estación Salta
ABM: Se agrego Salta (Salta) - Balcarce 700 CP:4400 | vías: 2, plataformas: 2
ABM: Se creó la estación San Juan
ABM: Se agrego San Juan (San Juan) - España 800 CP:5400 | vías: 2, plataformas: 2
ABM: Se creó la estación San Luis
ABM: Se agrego San Luis (San Luis) - Illia 900 CP:5700 | vías: 2, plataformas: 2
ABM: Se creó la estación Santa Rosa
ABM: Se agrego Santa Rosa (La Pampa) - Luro 1000 CP:6300 | vías: 2, plataformas: 2
ABM: Se creó la estación Viedma
ABM: Se agrego Viedma (Rio Negro) - Roca 1100 CP:8500 | vías: 2, plataformas: 2
ABM: Se creó la estación Rawson
ABM: Se agrego Rawson (Chubut) - Fontana 1200 CP:9103 | vías: 2, plataformas: 2
ABM: Se creó el tramo de riel entre 2 y 1
ABM: Se creó el tramo de riel entre 3 y 4
ABM: Se creó el tramo de riel entre 4 y 5
ABM: Se creó el tramo de riel entre 5 y 1
ABM: Se creó el tramo de riel entre 5 y 6
ABM: Se creó el tramo de riel entre 5 y 7
ABM: Se creó el tramo de riel entre 5 y 8
ABM: Se creó el tramo de riel entre 3 y 8
ABM: Se creó el tramo de riel entre 4 y 2
ABM: Se creó el tramo de riel entre 3 y 2
ABM: Se creó el tramo de riel entre 2 y 9
ABM: Se creó el tramo de riel entre 9 y 10
ABM: Se creó el tramo de riel entre 3 y 10
ABM: Se creó el tramo de riel entre 2 y 11
ABM: Se creó el tramo de riel entre 11 y 12
ABM: Se creó el tramo de riel entre 12 y 13
ABM: Se creó el tramo de riel entre 13 y 16
ABM: Se creó el tramo de riel entre 16 y 17
ABM: Se creó el tramo de riel entre 17 y 12
ABM: Se creó el tramo de riel entre 12 y 14
ABM: Se creó el tramo de riel entre 14 y 15
ABM: Se creó el tramo de riel entre 6 y 18
ABM: Se creó el tramo de riel entre 18 y 4
ABM: Se creó el tramo de riel entre 7 y 19
ABM: Se creó el tramo de riel entre 19 y 20
ABM: Se creó el tramo de riel entre 20 y 8
ABM: Se creó el tramo de riel entre 11 y 14
ABM: Se creó el tramo de riel entre 13 y 6
ABM: Se creó el tramo de riel entre 9 y 5
ABM: Se creó el tramo de riel entre 1 y 10
ABM: Se creó el tramo de riel entre 3 y 9
ABM: Se agrego Tren  [diesel] pas:6 carga:0 linea:Mitre
ABM: Se agrego Tren  [gasolina] pas:0 carga:0 linea:no-asignado
ABM: Se agrego Tren  [diesel] pas:8 carga:0 linea:Roca-Tandil
ABM: Se agrego Tren  [electrico] pas:8 carga:0 linea:San Martin
ABM: Se agrego Tren  [diesel] pas:5 carga:0 linea:Belgrano Norte
ABM: Se agrego Tren  [gasolina] pas:4 carga:0 linea:Mitre
ABM: Se agrego Tren  [electrico] pas:7 carga:0 linea:Roca-Tandil
ABM: Se agrego Tren  [diesel] pas:6 carga:0 linea:San Martin
ABM: Se agrego Tren  [electrico] pas:9 carga:0 linea:Belgrano Norte
ABM: Se agrego Tren  [diesel] pas:5 carga:0 linea:Mitre
ABM: Se agrego Tren  [gasolina] pas:3 carga:0 linea:no-asignado
ABM: Se agrego Tren  [electrico] pas:10 carga:0 linea:San Martin
ABM: Se agrego Tren  [diesel] pas:7 carga:0 linea:Roca-Tandil
ABM: Se agrego Tren  [diesel] pas:6 carga:0 linea:Belgrano Norte
ABM: Se agrego Tren  [electrico] pas:8 carga:0 linea:Mitre
ABM: Se agrego Tren  [gasolina] pas:4 carga:0 linea:no-asignado
ABM: Se agrego Tren  [diesel] pas:5 carga:0 linea:San Martin
ABM: Se agrego Tren  [electrico] pas:9 carga:0 linea:Roca-Tandil
ABM: Se agrego Tren  [diesel] pas:6 carga:0 linea:Belgrano Norte
ABM: Se agrego Tren  [electrico] pas:7 carga:0 linea:San Martin

=== ESTADO DEL SISTEMA POST-CARGA INICIAL ===
eed.tp.TrenesSaControlador@6ce253f1
==============================================

ABM: Se creó la estación Tandil
ABM: Se agrego Tandil (Tandil) - Av. España 745 CP:7000 | vías: 4, plataformas: 2
ABM: Se creó la estación Retiro
ABM: Se agrego Retiro (CABA) - Av. Dr. Jose Maria Ramos Mejia 1430 CP:C1104 | vías: 9, plataformas: 6
ABM: Se creó la estación Constitucion
ABM: Se agrego Constitucion (CABA) - Av. Brasil 1128 CP:C1154 | vías: 14, plataformas: 8
ABM: Se creó la estación Canuelas
ABM: Se agrego Canuelas (Canuelas) - Libertad 150 CP:1814 | vías: 3, plataformas: 2
ABM: Se creó la estación Las Flores
ABM: Se agrego Las Flores (Las Flores) - Av. Rivadavia 400 CP:7200 | vías: 2, plataformas: 2
ABM: Se creó la estación Neuquen
ABM: Se agrego Neuquen (capital) - Av. Brasil 1128 CP:C1154 | vías: 14, plataformas: 8
ABM: Se creó la estación Bariloche
ABM: Se agrego Bariloche (Rio negro) - Libertad 150 CP:1814 | vías: 3, plataformas: 2
ABM: Se creó la estación Tierra del fuego
ABM: Se agrego Tierra del fuego (tierra) - Av. Rivadavia 400 CP:7200 | vías: 2, plataformas: 2
ABM: Se creó la estación La Plata
ABM: Se agrego La Plata (Buenos Aires) - Calle 1 100 CP:1900 | vías: 5, plataformas: 4
ABM: Se creó la estación Mar del Plata
ABM: Se agrego Mar del Plata (Buenos Aires) - Av. Luro 200 CP:7600 | vías: 4, plataformas: 3
ABM: Se creó la estación Rosario
ABM: Se agrego Rosario (Santa Fe) - Aristobulo 300 CP:2000 | vías: 6, plataformas: 4
ABM: Se creó la estación Cordoba
ABM: Se agrego Cordoba (Cordoba) - Peron 400 CP:5000 | vías: 5, plataformas: 3
ABM: Se creó la estación Mendoza
ABM: Se agrego Mendoza (Mendoza) - Las Heras 500 CP:5500 | vías: 3, plataformas: 2
ABM: Se creó la estación Tucuman
ABM: Se agrego Tucuman (Tucuman) - Corrientes 600 CP:4000 | vías: 3, plataformas: 2
ABM: Se creó la estación Salta
ABM: Se agrego Salta (Salta) - Balcarce 700 CP:4400 | vías: 2, plataformas: 2
ABM: Se creó la estación San Juan
ABM: Se agrego San Juan (San Juan) - España 800 CP:5400 | vías: 2, plataformas: 2
ABM: Se creó la estación San Luis
ABM: Se agrego San Luis (San Luis) - Illia 900 CP:5700 | vías: 2, plataformas: 2
ABM: Se creó la estación Santa Rosa
ABM: Se agrego Santa Rosa (La Pampa) - Luro 1000 CP:6300 | vías: 2, plataformas: 2
ABM: Se creó la estación Viedma
ABM: Se agrego Viedma (Rio Negro) - Roca 1100 CP:8500 | vías: 2, plataformas: 2
ABM: Se creó la estación Rawson
ABM: Se agrego Rawson (Chubut) - Fontana 1200 CP:9103 | vías: 2, plataformas: 2
ABM: Se creó el tramo de riel entre 2 y 1
ABM: Se creó el tramo de riel entre 3 y 4
ABM: Se creó el tramo de riel entre 4 y 5
ABM: Se creó el tramo de riel entre 5 y 1
ABM: Se creó el tramo de riel entre 5 y 6
ABM: Se creó el tramo de riel entre 5 y 7
ABM: Se creó el tramo de riel entre 5 y 8
ABM: Se creó el tramo de riel entre 3 y 8
ABM: Se creó el tramo de riel entre 4 y 2
ABM: Se creó el tramo de riel entre 3 y 2
ABM: Se creó el tramo de riel entre 2 y 9
ABM: Se creó el tramo de riel entre 9 y 10
ABM: Se creó el tramo de riel entre 3 y 10
ABM: Se creó el tramo de riel entre 2 y 11
ABM: Se creó el tramo de riel entre 11 y 12
ABM: Se creó el tramo de riel entre 12 y 13
ABM: Se creó el tramo de riel entre 13 y 16
ABM: Se creó el tramo de riel entre 16 y 17
ABM: Se creó el tramo de riel entre 17 y 12
ABM: Se creó el tramo de riel entre 12 y 14
ABM: Se creó el tramo de riel entre 14 y 15
ABM: Se creó el tramo de riel entre 6 y 18
ABM: Se creó el tramo de riel entre 18 y 4
ABM: Se creó el tramo de riel entre 7 y 19
ABM: Se creó el tramo de riel entre 19 y 20
ABM: Se creó el tramo de riel entre 20 y 8
ABM: Se creó el tramo de riel entre 11 y 14
ABM: Se creó el tramo de riel entre 13 y 6
ABM: Se creó el tramo de riel entre 9 y 5
ABM: Se creó el tramo de riel entre 1 y 10
ABM: Se creó el tramo de riel entre 3 y 9
ABM: Se agrego Tren  [diesel] pas:6 carga:0 linea:Mitre
ABM: Se agrego Tren  [gasolina] pas:0 carga:0 linea:no-asignado
ABM: Se agrego Tren  [diesel] pas:8 carga:0 linea:Roca-Tandil
ABM: Se agrego Tren  [electrico] pas:8 carga:0 linea:San Martin
ABM: Se agrego Tren  [diesel] pas:5 carga:0 linea:Belgrano Norte
ABM: Se agrego Tren  [gasolina] pas:4 carga:0 linea:Mitre
ABM: Se agrego Tren  [electrico] pas:7 carga:0 linea:Roca-Tandil
ABM: Se agrego Tren  [diesel] pas:6 carga:0 linea:San Martin
ABM: Se agrego Tren  [electrico] pas:9 carga:0 linea:Belgrano Norte
ABM: Se agrego Tren  [diesel] pas:5 carga:0 linea:Mitre
ABM: Se agrego Tren  [gasolina] pas:3 carga:0 linea:no-asignado
ABM: Se agrego Tren  [electrico] pas:10 carga:0 linea:San Martin
ABM: Se agrego Tren  [diesel] pas:7 carga:0 linea:Roca-Tandil
ABM: Se agrego Tren  [diesel] pas:6 carga:0 linea:Belgrano Norte
ABM: Se agrego Tren  [electrico] pas:8 carga:0 linea:Mitre
ABM: Se agrego Tren  [gasolina] pas:4 carga:0 linea:no-asignado
ABM: Se agrego Tren  [diesel] pas:5 carga:0 linea:San Martin
ABM: Se agrego Tren  [electrico] pas:9 carga:0 linea:Roca-Tandil
ABM: Se agrego Tren  [diesel] pas:6 carga:0 linea:Belgrano Norte
ABM: Se agrego Tren  [electrico] pas:7 carga:0 linea:San Martin

=== ESTADO DEL SISTEMA POST-CARGA INICIAL ===
eed.tp.TrenesSaControlador@6ce253f1
==============================================

ABM: Se creó la estación Tandil
ABM: Se agrego Tandil (Tandil) - Av. España 745 CP:7000 | vías: 4, plataformas: 2
ABM: Se creó la estación Retiro
ABM: Se agrego Retiro (CABA) - Av. Dr. Jose Maria Ramos Mejia 1430 CP:C1104 | vías: 9, plataformas: 6
ABM: Se creó la estación Constitucion
ABM: Se agrego Constitucion (CABA) - Av. Brasil 1128 CP:C1154 | vías: 14, plataformas: 8
ABM: Se creó la estación Canuelas
ABM: Se agrego Canuelas (Canuelas) - Libertad 150 CP:1814 | vías: 3, plataformas: 2
ABM: Se creó la estación Las Flores
ABM: Se agrego Las Flores (Las Flores) - Av. Rivadavia 400 CP:7200 | vías: 2, plataformas: 2
ABM: Se creó la estación Neuquen
ABM: Se agrego Neuquen (capital) - Av. Brasil 1128 CP:C1154 | vías: 14, plataformas: 8
ABM: Se creó la estación Bariloche
ABM: Se agrego Bariloche (Rio negro) - Libertad 150 CP:1814 | vías: 3, plataformas: 2
ABM: Se creó la estación Tierra del fuego
ABM: Se agrego Tierra del fuego (tierra) - Av. Rivadavia 400 CP:7200 | vías: 2, plataformas: 2
ABM: Se creó la estación La Plata
ABM: Se agrego La Plata (Buenos Aires) - Calle 1 100 CP:1900 | vías: 5, plataformas: 4
ABM: Se creó la estación Mar del Plata
ABM: Se agrego Mar del Plata (Buenos Aires) - Av. Luro 200 CP:7600 | vías: 4, plataformas: 3
ABM: Se creó la estación Rosario
ABM: Se agrego Rosario (Santa Fe) - Aristobulo 300 CP:2000 | vías: 6, plataformas: 4
ABM: Se creó la estación Cordoba
ABM: Se agrego Cordoba (Cordoba) - Peron 400 CP:5000 | vías: 5, plataformas: 3
ABM: Se creó la estación Mendoza
ABM: Se agrego Mendoza (Mendoza) - Las Heras 500 CP:5500 | vías: 3, plataformas: 2
ABM: Se creó la estación Tucuman
ABM: Se agrego Tucuman (Tucuman) - Corrientes 600 CP:4000 | vías: 3, plataformas: 2
ABM: Se creó la estación Salta
ABM: Se agrego Salta (Salta) - Balcarce 700 CP:4400 | vías: 2, plataformas: 2
ABM: Se creó la estación San Juan
ABM: Se agrego San Juan (San Juan) - España 800 CP:5400 | vías: 2, plataformas: 2
ABM: Se creó la estación San Luis
ABM: Se agrego San Luis (San Luis) - Illia 900 CP:5700 | vías: 2, plataformas: 2
ABM: Se creó la estación Santa Rosa
ABM: Se agrego Santa Rosa (La Pampa) - Luro 1000 CP:6300 | vías: 2, plataformas: 2
ABM: Se creó la estación Viedma
ABM: Se agrego Viedma (Rio Negro) - Roca 1100 CP:8500 | vías: 2, plataformas: 2
ABM: Se creó la estación Rawson
ABM: Se agrego Rawson (Chubut) - Fontana 1200 CP:9103 | vías: 2, plataformas: 2
ABM: Se creó el tramo de riel entre 2 y 1
ABM: Se creó el tramo de riel entre 3 y 4
ABM: Se creó el tramo de riel entre 4 y 5
ABM: Se creó el tramo de riel entre 5 y 1
ABM: Se creó el tramo de riel entre 5 y 6
ABM: Se creó el tramo de riel entre 5 y 7
ABM: Se creó el tramo de riel entre 5 y 8
ABM: Se creó el tramo de riel entre 3 y 8
ABM: Se creó el tramo de riel entre 4 y 2
ABM: Se creó el tramo de riel entre 3 y 2
ABM: Se creó el tramo de riel entre 2 y 9
ABM: Se creó el tramo de riel entre 9 y 10
ABM: Se creó el tramo de riel entre 3 y 10
ABM: Se creó el tramo de riel entre 2 y 11
ABM: Se creó el tramo de riel entre 11 y 12
ABM: Se creó el tramo de riel entre 12 y 13
ABM: Se creó el tramo de riel entre 13 y 16
ABM: Se creó el tramo de riel entre 16 y 17
ABM: Se creó el tramo de riel entre 17 y 12
ABM: Se creó el tramo de riel entre 12 y 14
ABM: Se creó el tramo de riel entre 14 y 15
ABM: Se creó el tramo de riel entre 6 y 18
ABM: Se creó el tramo de riel entre 18 y 4
ABM: Se creó el tramo de riel entre 7 y 19
ABM: Se creó el tramo de riel entre 19 y 20
ABM: Se creó el tramo de riel entre 20 y 8
ABM: Se creó el tramo de riel entre 11 y 14
ABM: Se creó el tramo de riel entre 13 y 6
ABM: Se creó el tramo de riel entre 9 y 5
ABM: Se creó el tramo de riel entre 1 y 10
ABM: Se creó el tramo de riel entre 3 y 9
ABM: Se agrego Tren  [diesel] pas:6 carga:0 linea:Mitre
ABM: Se agrego Tren  [gasolina] pas:0 carga:0 linea:no-asignado
ABM: Se agrego Tren  [diesel] pas:8 carga:0 linea:Roca-Tandil
ABM: Se agrego Tren  [electrico] pas:8 carga:0 linea:San Martin
ABM: Se agrego Tren  [diesel] pas:5 carga:0 linea:Belgrano Norte
ABM: Se agrego Tren  [gasolina] pas:4 carga:0 linea:Mitre
ABM: Se agrego Tren  [electrico] pas:7 carga:0 linea:Roca-Tandil
ABM: Se agrego Tren  [diesel] pas:6 carga:0 linea:San Martin
ABM: Se agrego Tren  [electrico] pas:9 carga:0 linea:Belgrano Norte
ABM: Se agrego Tren  [diesel] pas:5 carga:0 linea:Mitre
ABM: Se agrego Tren  [gasolina] pas:3 carga:0 linea:no-asignado
ABM: Se agrego Tren  [electrico] pas:10 carga:0 linea:San Martin
ABM: Se agrego Tren  [diesel] pas:7 carga:0 linea:Roca-Tandil
ABM: Se agrego Tren  [diesel] pas:6 carga:0 linea:Belgrano Norte
ABM: Se agrego Tren  [electrico] pas:8 carga:0 linea:Mitre
ABM: Se agrego Tren  [gasolina] pas:4 carga:0 linea:no-asignado
ABM: Se agrego Tren  [diesel] pas:5 carga:0 linea:San Martin
ABM: Se agrego Tren  [electrico] pas:9 carga:0 linea:Roca-Tandil
ABM: Se agrego Tren  [diesel] pas:6 carga:0 linea:Belgrano Norte
ABM: Se agrego Tren  [electrico] pas:7 carga:0 linea:San Martin

=== ESTADO DEL SISTEMA POST-CARGA INICIAL ===
eed.tp.TrenesSaControlador@6ce253f1
==============================================

ABM: Se creó la estación Tandil
ABM: Se agrego Tandil (Tandil) - Av. España 745 CP:7000 | vías: 4, plataformas: 2
ABM: Se creó la estación Retiro
ABM: Se agrego Retiro (CABA) - Av. Dr. Jose Maria Ramos Mejia 1430 CP:C1104 | vías: 9, plataformas: 6
ABM: Se creó la estación Constitucion
ABM: Se agrego Constitucion (CABA) - Av. Brasil 1128 CP:C1154 | vías: 14, plataformas: 8
ABM: Se creó la estación Canuelas
ABM: Se agrego Canuelas (Canuelas) - Libertad 150 CP:1814 | vías: 3, plataformas: 2
ABM: Se creó la estación Las Flores
ABM: Se agrego Las Flores (Las Flores) - Av. Rivadavia 400 CP:7200 | vías: 2, plataformas: 2
ABM: Se creó la estación Neuquen
ABM: Se agrego Neuquen (capital) - Av. Brasil 1128 CP:C1154 | vías: 14, plataformas: 8
ABM: Se creó la estación Bariloche
ABM: Se agrego Bariloche (Rio negro) - Libertad 150 CP:1814 | vías: 3, plataformas: 2
ABM: Se creó la estación Tierra del fuego
ABM: Se agrego Tierra del fuego (tierra) - Av. Rivadavia 400 CP:7200 | vías: 2, plataformas: 2
ABM: Se creó la estación La Plata
ABM: Se agrego La Plata (Buenos Aires) - Calle 1 100 CP:1900 | vías: 5, plataformas: 4
ABM: Se creó la estación Mar del Plata
ABM: Se agrego Mar del Plata (Buenos Aires) - Av. Luro 200 CP:7600 | vías: 4, plataformas: 3
ABM: Se creó la estación Rosario
ABM: Se agrego Rosario (Santa Fe) - Aristobulo 300 CP:2000 | vías: 6, plataformas: 4
ABM: Se creó la estación Cordoba
ABM: Se agrego Cordoba (Cordoba) - Peron 400 CP:5000 | vías: 5, plataformas: 3
ABM: Se creó la estación Mendoza
ABM: Se agrego Mendoza (Mendoza) - Las Heras 500 CP:5500 | vías: 3, plataformas: 2
ABM: Se creó la estación Tucuman
ABM: Se agrego Tucuman (Tucuman) - Corrientes 600 CP:4000 | vías: 3, plataformas: 2
ABM: Se creó la estación Salta
ABM: Se agrego Salta (Salta) - Balcarce 700 CP:4400 | vías: 2, plataformas: 2
ABM: Se creó la estación San Juan
ABM: Se agrego San Juan (San Juan) - España 800 CP:5400 | vías: 2, plataformas: 2
ABM: Se creó la estación San Luis
ABM: Se agrego San Luis (San Luis) - Illia 900 CP:5700 | vías: 2, plataformas: 2
ABM: Se creó la estación Santa Rosa
ABM: Se agrego Santa Rosa (La Pampa) - Luro 1000 CP:6300 | vías: 2, plataformas: 2
ABM: Se creó la estación Viedma
ABM: Se agrego Viedma (Rio Negro) - Roca 1100 CP:8500 | vías: 2, plataformas: 2
ABM: Se creó la estación Rawson
ABM: Se agrego Rawson (Chubut) - Fontana 1200 CP:9103 | vías: 2, plataformas: 2
ABM: Se creó el tramo de riel entre 2 y 1
ABM: Se creó el tramo de riel entre 3 y 4
ABM: Se creó el tramo de riel entre 4 y 5
ABM: Se creó el tramo de riel entre 5 y 1
ABM: Se creó el tramo de riel entre 5 y 6
ABM: Se creó el tramo de riel entre 5 y 7
ABM: Se creó el tramo de riel entre 5 y 8
ABM: Se creó el tramo de riel entre 3 y 8
ABM: Se creó el tramo de riel entre 4 y 2
ABM: Se creó el tramo de riel entre 3 y 2
ABM: Se creó el tramo de riel entre 2 y 9
ABM: Se creó el tramo de riel entre 9 y 10
ABM: Se creó el tramo de riel entre 3 y 10
ABM: Se creó el tramo de riel entre 2 y 11
ABM: Se creó el tramo de riel entre 11 y 12
ABM: Se creó el tramo de riel entre 12 y 13
ABM: Se creó el tramo de riel entre 13 y 16
ABM: Se creó el tramo de riel entre 16 y 17
ABM: Se creó el tramo de riel entre 17 y 12
ABM: Se creó el tramo de riel entre 12 y 14
ABM: Se creó el tramo de riel entre 14 y 15
ABM: Se creó el tramo de riel entre 6 y 18
ABM: Se creó el tramo de riel entre 18 y 4
ABM: Se creó el tramo de riel entre 7 y 19
ABM: Se creó el tramo de riel entre 19 y 20
ABM: Se creó el tramo de riel entre 20 y 8
ABM: Se creó el tramo de riel entre 11 y 14
ABM: Se creó el tramo de riel entre 13 y 6
ABM: Se creó el tramo de riel entre 9 y 5
ABM: Se creó el tramo de riel entre 1 y 10
ABM: Se creó el tramo de riel entre 3 y 9
ABM: Se agrego Tren  [diesel] pas:6 carga:0 linea:Mitre
ABM: Se agrego Tren  [gasolina] pas:0 carga:0 linea:no-asignado
ABM: Se agrego Tren  [diesel] pas:8 carga:0 linea:Roca-Tandil
ABM: Se agrego Tren  [electrico] pas:8 carga:0 linea:San Martin
ABM: Se agrego Tren  [diesel] pas:5 carga:0 linea:Belgrano Norte
ABM: Se agrego Tren  [gasolina] pas:4 carga:0 linea:Mitre
ABM: Se agrego Tren  [electrico] pas:7 carga:0 linea:Roca-Tandil
ABM: Se agrego Tren  [diesel] pas:6 carga:0 linea:San Martin
ABM: Se agrego Tren  [electrico] pas:9 carga:0 linea:Belgrano Norte
ABM: Se agrego Tren  [diesel] pas:5 carga:0 linea:Mitre
ABM: Se agrego Tren  [gasolina] pas:3 carga:0 linea:no-asignado
ABM: Se agrego Tren  [electrico] pas:10 carga:0 linea:San Martin
ABM: Se agrego Tren  [diesel] pas:7 carga:0 linea:Roca-Tandil
ABM: Se agrego Tren  [diesel] pas:6 carga:0 linea:Belgrano Norte
ABM: Se agrego Tren  [electrico] pas:8 carga:0 linea:Mitre
ABM: Se agrego Tren  [gasolina] pas:4 carga:0 linea:no-asignado
ABM: Se agrego Tren  [diesel] pas:5 carga:0 linea:San Martin
ABM: Se agrego Tren  [electrico] pas:9 carga:0 linea:Roca-Tandil
ABM: Se agrego Tren  [diesel] pas:6 carga:0 linea:Belgrano Norte
ABM: Se agrego Tren  [electrico] pas:7 carga:0 linea:San Martin

=== ESTADO DEL SISTEMA POST-CARGA INICIAL ===
eed.tp.TrenesSaControlador@6ce253f1
==============================================

ABM: Se creó la estación Tandil
ABM: Se agrego Tandil (Tandil) - Av. España 745 CP:7000 | vías: 4, plataformas: 2
ABM: Se creó la estación Retiro
ABM: Se agrego Retiro (CABA) - Av. Dr. Jose Maria Ramos Mejia 1430 CP:C1104 | vías: 9, plataformas: 6
ABM: Se creó la estación Constitucion
ABM: Se agrego Constitucion (CABA) - Av. Brasil 1128 CP:C1154 | vías: 14, plataformas: 8
ABM: Se creó la estación Canuelas
ABM: Se agrego Canuelas (Canuelas) - Libertad 150 CP:1814 | vías: 3, plataformas: 2
ABM: Se creó la estación Las Flores
ABM: Se agrego Las Flores (Las Flores) - Av. Rivadavia 400 CP:7200 | vías: 2, plataformas: 2
ABM: Se creó la estación Neuquen
ABM: Se agrego Neuquen (capital) - Av. Brasil 1128 CP:C1154 | vías: 14, plataformas: 8
ABM: Se creó la estación Bariloche
ABM: Se agrego Bariloche (Rio negro) - Libertad 150 CP:1814 | vías: 3, plataformas: 2
ABM: Se creó la estación Tierra del fuego
ABM: Se agrego Tierra del fuego (tierra) - Av. Rivadavia 400 CP:7200 | vías: 2, plataformas: 2
ABM: Se creó la estación La Plata
ABM: Se agrego La Plata (Buenos Aires) - Calle 1 100 CP:1900 | vías: 5, plataformas: 4
ABM: Se creó la estación Mar del Plata
ABM: Se agrego Mar del Plata (Buenos Aires) - Av. Luro 200 CP:7600 | vías: 4, plataformas: 3
ABM: Se creó la estación Rosario
ABM: Se agrego Rosario (Santa Fe) - Aristobulo 300 CP:2000 | vías: 6, plataformas: 4
ABM: Se creó la estación Cordoba
ABM: Se agrego Cordoba (Cordoba) - Peron 400 CP:5000 | vías: 5, plataformas: 3
ABM: Se creó la estación Mendoza
ABM: Se agrego Mendoza (Mendoza) - Las Heras 500 CP:5500 | vías: 3, plataformas: 2
ABM: Se creó la estación Tucuman
ABM: Se agrego Tucuman (Tucuman) - Corrientes 600 CP:4000 | vías: 3, plataformas: 2
ABM: Se creó la estación Salta
ABM: Se agrego Salta (Salta) - Balcarce 700 CP:4400 | vías: 2, plataformas: 2
ABM: Se creó la estación San Juan
ABM: Se agrego San Juan (San Juan) - España 800 CP:5400 | vías: 2, plataformas: 2
ABM: Se creó la estación San Luis
ABM: Se agrego San Luis (San Luis) - Illia 900 CP:5700 | vías: 2, plataformas: 2
ABM: Se creó la estación Santa Rosa
ABM: Se agrego Santa Rosa (La Pampa) - Luro 1000 CP:6300 | vías: 2, plataformas: 2
ABM: Se creó la estación Viedma
ABM: Se agrego Viedma (Rio Negro) - Roca 1100 CP:8500 | vías: 2, plataformas: 2
ABM: Se creó la estación Rawson
ABM: Se agrego Rawson (Chubut) - Fontana 1200 CP:9103 | vías: 2, plataformas: 2
ABM: Se creó el tramo de riel entre 2 y 1
ABM: Se creó el tramo de riel entre 3 y 4
ABM: Se creó el tramo de riel entre 4 y 5
ABM: Se creó el tramo de riel entre 5 y 1
ABM: Se creó el tramo de riel entre 5 y 6
ABM: Se creó el tramo de riel entre 5 y 7
ABM: Se creó el tramo de riel entre 5 y 8
ABM: Se creó el tramo de riel entre 3 y 8
ABM: Se creó el tramo de riel entre 4 y 2
ABM: Se creó el tramo de riel entre 3 y 2
ABM: Se creó el tramo de riel entre 2 y 9
ABM: Se creó el tramo de riel entre 9 y 10
ABM: Se creó el tramo de riel entre 3 y 10
ABM: Se creó el tramo de riel entre 2 y 11
ABM: Se creó el tramo de riel entre 11 y 12
ABM: Se creó el tramo de riel entre 12 y 13
ABM: Se creó el tramo de riel entre 13 y 16
ABM: Se creó el tramo de riel entre 16 y 17
ABM: Se creó el tramo de riel entre 17 y 12
ABM: Se creó el tramo de riel entre 12 y 14
ABM: Se creó el tramo de riel entre 14 y 15
ABM: Se creó el tramo de riel entre 6 y 18
ABM: Se creó el tramo de riel entre 18 y 4
ABM: Se creó el tramo de riel entre 7 y 19
ABM: Se creó el tramo de riel entre 19 y 20
ABM: Se creó el tramo de riel entre 20 y 8
ABM: Se creó el tramo de riel entre 11 y 14
ABM: Se creó el tramo de riel entre 13 y 6
ABM: Se creó el tramo de riel entre 9 y 5
ABM: Se creó el tramo de riel entre 1 y 10
ABM: Se creó el tramo de riel entre 3 y 9
ABM: Se agrego Tren  [diesel] pas:6 carga:0 linea:Mitre
ABM: Se agrego Tren  [gasolina] pas:0 carga:0 linea:no-asignado
ABM: Se agrego Tren  [diesel] pas:8 carga:0 linea:Roca-Tandil
ABM: Se agrego Tren  [electrico] pas:8 carga:0 linea:San Martin
ABM: Se agrego Tren  [diesel] pas:5 carga:0 linea:Belgrano Norte
ABM: Se agrego Tren  [gasolina] pas:4 carga:0 linea:Mitre
ABM: Se agrego Tren  [electrico] pas:7 carga:0 linea:Roca-Tandil
ABM: Se agrego Tren  [diesel] pas:6 carga:0 linea:San Martin
ABM: Se agrego Tren  [electrico] pas:9 carga:0 linea:Belgrano Norte
ABM: Se agrego Tren  [diesel] pas:5 carga:0 linea:Mitre
ABM: Se agrego Tren  [gasolina] pas:3 carga:0 linea:no-asignado
ABM: Se agrego Tren  [electrico] pas:10 carga:0 linea:San Martin
ABM: Se agrego Tren  [diesel] pas:7 carga:0 linea:Roca-Tandil
ABM: Se agrego Tren  [diesel] pas:6 carga:0 linea:Belgrano Norte
ABM: Se agrego Tren  [electrico] pas:8 carga:0 linea:Mitre
ABM: Se agrego Tren  [gasolina] pas:4 carga:0 linea:no-asignado
ABM: Se agrego Tren  [diesel] pas:5 carga:0 linea:San Martin
ABM: Se agrego Tren  [electrico] pas:9 carga:0 linea:Roca-Tandil
ABM: Se agrego Tren  [diesel] pas:6 carga:0 linea:Belgrano Norte
ABM: Se agrego Tren  [electrico] pas:7 carga:0 linea:San Martin

=== ESTADO DEL SISTEMA POST-CARGA INICIAL ===
eed.tp.TrenesSaControlador@6ce253f1
==============================================

ABM: Se creó la estación Tandil
ABM: Se agrego Tandil (Tandil) - Av. España 745 CP:7000 | vías: 4, plataformas: 2
ABM: Se creó la estación Retiro
ABM: Se agrego Retiro (CABA) - Av. Dr. Jose Maria Ramos Mejia 1430 CP:C1104 | vías: 9, plataformas: 6
ABM: Se creó la estación Constitucion
ABM: Se agrego Constitucion (CABA) - Av. Brasil 1128 CP:C1154 | vías: 14, plataformas: 8
ABM: Se creó la estación Canuelas
ABM: Se agrego Canuelas (Canuelas) - Libertad 150 CP:1814 | vías: 3, plataformas: 2
ABM: Se creó la estación Las Flores
ABM: Se agrego Las Flores (Las Flores) - Av. Rivadavia 400 CP:7200 | vías: 2, plataformas: 2
ABM: Se creó la estación Neuquen
ABM: Se agrego Neuquen (capital) - Av. Brasil 1128 CP:C1154 | vías: 14, plataformas: 8
ABM: Se creó la estación Bariloche
ABM: Se agrego Bariloche (Rio negro) - Libertad 150 CP:1814 | vías: 3, plataformas: 2
ABM: Se creó la estación Tierra del fuego
ABM: Se agrego Tierra del fuego (tierra) - Av. Rivadavia 400 CP:7200 | vías: 2, plataformas: 2
ABM: Se creó la estación La Plata
ABM: Se agrego La Plata (Buenos Aires) - Calle 1 100 CP:1900 | vías: 5, plataformas: 4
ABM: Se creó la estación Mar del Plata
ABM: Se agrego Mar del Plata (Buenos Aires) - Av. Luro 200 CP:7600 | vías: 4, plataformas: 3
ABM: Se creó la estación Rosario
ABM: Se agrego Rosario (Santa Fe) - Aristobulo 300 CP:2000 | vías: 6, plataformas: 4
ABM: Se creó la estación Cordoba
ABM: Se agrego Cordoba (Cordoba) - Peron 400 CP:5000 | vías: 5, plataformas: 3
ABM: Se creó la estación Mendoza
ABM: Se agrego Mendoza (Mendoza) - Las Heras 500 CP:5500 | vías: 3, plataformas: 2
ABM: Se creó la estación Tucuman
ABM: Se agrego Tucuman (Tucuman) - Corrientes 600 CP:4000 | vías: 3, plataformas: 2
ABM: Se creó la estación Salta
ABM: Se agrego Salta (Salta) - Balcarce 700 CP:4400 | vías: 2, plataformas: 2
ABM: Se creó la estación San Juan
ABM: Se agrego San Juan (San Juan) - España 800 CP:5400 | vías: 2, plataformas: 2
ABM: Se creó la estación San Luis
ABM: Se agrego San Luis (San Luis) - Illia 900 CP:5700 | vías: 2, plataformas: 2
ABM: Se creó la estación Santa Rosa
ABM: Se agrego Santa Rosa (La Pampa) - Luro 1000 CP:6300 | vías: 2, plataformas: 2
ABM: Se creó la estación Viedma
ABM: Se agrego Viedma (Rio Negro) - Roca 1100 CP:8500 | vías: 2, plataformas: 2
ABM: Se creó la estación Rawson
ABM: Se agrego Rawson (Chubut) - Fontana 1200 CP:9103 | vías: 2, plataformas: 2
ABM: Se creó el tramo de riel entre 2 y 1
ABM: Se creó el tramo de riel entre 3 y 4
ABM: Se creó el tramo de riel entre 4 y 5
ABM: Se creó el tramo de riel entre 5 y 1
ABM: Se creó el tramo de riel entre 5 y 6
ABM: Se creó el tramo de riel entre 5 y 7
ABM: Se creó el tramo de riel entre 5 y 8
ABM: Se creó el tramo de riel entre 3 y 8
ABM: Se creó el tramo de riel entre 4 y 2
ABM: Se creó el tramo de riel entre 3 y 2
ABM: Se creó el tramo de riel entre 2 y 9
ABM: Se creó el tramo de riel entre 9 y 10
ABM: Se creó el tramo de riel entre 3 y 10
ABM: Se creó el tramo de riel entre 2 y 11
ABM: Se creó el tramo de riel entre 11 y 12
ABM: Se creó el tramo de riel entre 12 y 13
ABM: Se creó el tramo de riel entre 13 y 16
ABM: Se creó el tramo de riel entre 16 y 17
ABM: Se creó el tramo de riel entre 17 y 12
ABM: Se creó el tramo de riel entre 12 y 14
ABM: Se creó el tramo de riel entre 14 y 15
ABM: Se creó el tramo de riel entre 6 y 18
ABM: Se creó el tramo de riel entre 18 y 4
ABM: Se creó el tramo de riel entre 7 y 19
ABM: Se creó el tramo de riel entre 19 y 20
ABM: Se creó el tramo de riel entre 20 y 8
ABM: Se creó el tramo de riel entre 11 y 14
ABM: Se creó el tramo de riel entre 13 y 6
ABM: Se creó el tramo de riel entre 9 y 5
ABM: Se creó el tramo de riel entre 1 y 10
ABM: Se creó el tramo de riel entre 3 y 9
ABM: Se agrego Tren  [diesel] pas:6 carga:0 linea:Mitre
ABM: Se agrego Tren  [gasolina] pas:0 carga:0 linea:no-asignado
ABM: Se agrego Tren  [diesel] pas:8 carga:0 linea:Roca-Tandil
ABM: Se agrego Tren  [electrico] pas:8 carga:0 linea:San Martin
ABM: Se agrego Tren  [diesel] pas:5 carga:0 linea:Belgrano Norte
ABM: Se agrego Tren  [gasolina] pas:4 carga:0 linea:Mitre
ABM: Se agrego Tren  [electrico] pas:7 carga:0 linea:Roca-Tandil
ABM: Se agrego Tren  [diesel] pas:6 carga:0 linea:San Martin
ABM: Se agrego Tren  [electrico] pas:9 carga:0 linea:Belgrano Norte
ABM: Se agrego Tren  [diesel] pas:5 carga:0 linea:Mitre
ABM: Se agrego Tren  [gasolina] pas:3 carga:0 linea:no-asignado
ABM: Se agrego Tren  [electrico] pas:10 carga:0 linea:San Martin
ABM: Se agrego Tren  [diesel] pas:7 carga:0 linea:Roca-Tandil
ABM: Se agrego Tren  [diesel] pas:6 carga:0 linea:Belgrano Norte
ABM: Se agrego Tren  [electrico] pas:8 carga:0 linea:Mitre
ABM: Se agrego Tren  [gasolina] pas:4 carga:0 linea:no-asignado
ABM: Se agrego Tren  [diesel] pas:5 carga:0 linea:San Martin
ABM: Se agrego Tren  [electrico] pas:9 carga:0 linea:Roca-Tandil
ABM: Se agrego Tren  [diesel] pas:6 carga:0 linea:Belgrano Norte
ABM: Se agrego Tren  [electrico] pas:7 carga:0 linea:San Martin

=== ESTADO DEL SISTEMA POST-CARGA INICIAL ===
eed.tp.TrenesSaControlador@6ce253f1
==============================================

ABM: Se creó la estación Tandil
ABM: Se agrego Tandil (Tandil) - Av. España 745 CP:7000 | vías: 4, plataformas: 2
ABM: Se creó la estación Retiro
ABM: Se agrego Retiro (CABA) - Av. Dr. Jose Maria Ramos Mejia 1430 CP:C1104 | vías: 9, plataformas: 6
ABM: Se creó la estación Constitucion
ABM: Se agrego Constitucion (CABA) - Av. Brasil 1128 CP:C1154 | vías: 14, plataformas: 8
ABM: Se creó la estación Canuelas
ABM: Se agrego Canuelas (Canuelas) - Libertad 150 CP:1814 | vías: 3, plataformas: 2
ABM: Se creó la estación Las Flores
ABM: Se agrego Las Flores (Las Flores) - Av. Rivadavia 400 CP:7200 | vías: 2, plataformas: 2
ABM: Se creó la estación Neuquen
ABM: Se agrego Neuquen (capital) - Av. Brasil 1128 CP:C1154 | vías: 14, plataformas: 8
ABM: Se creó la estación Bariloche
ABM: Se agrego Bariloche (Rio negro) - Libertad 150 CP:1814 | vías: 3, plataformas: 2
ABM: Se creó la estación Tierra del fuego
ABM: Se agrego Tierra del fuego (tierra) - Av. Rivadavia 400 CP:7200 | vías: 2, plataformas: 2
ABM: Se creó la estación La Plata
ABM: Se agrego La Plata (Buenos Aires) - Calle 1 100 CP:1900 | vías: 5, plataformas: 4
ABM: Se creó la estación Mar del Plata
ABM: Se agrego Mar del Plata (Buenos Aires) - Av. Luro 200 CP:7600 | vías: 4, plataformas: 3
ABM: Se creó la estación Rosario
ABM: Se agrego Rosario (Santa Fe) - Aristobulo 300 CP:2000 | vías: 6, plataformas: 4
ABM: Se creó la estación Cordoba
ABM: Se agrego Cordoba (Cordoba) - Peron 400 CP:5000 | vías: 5, plataformas: 3
ABM: Se creó la estación Mendoza
ABM: Se agrego Mendoza (Mendoza) - Las Heras 500 CP:5500 | vías: 3, plataformas: 2
ABM: Se creó la estación Tucuman
ABM: Se agrego Tucuman (Tucuman) - Corrientes 600 CP:4000 | vías: 3, plataformas: 2
ABM: Se creó la estación Salta
ABM: Se agrego Salta (Salta) - Balcarce 700 CP:4400 | vías: 2, plataformas: 2
ABM: Se creó la estación San Juan
ABM: Se agrego San Juan (San Juan) - España 800 CP:5400 | vías: 2, plataformas: 2
ABM: Se creó la estación San Luis
ABM: Se agrego San Luis (San Luis) - Illia 900 CP:5700 | vías: 2, plataformas: 2
ABM: Se creó la estación Santa Rosa
ABM: Se agrego Santa Rosa (La Pampa) - Luro 1000 CP:6300 | vías: 2, plataformas: 2
ABM: Se creó la estación Viedma
ABM: Se agrego Viedma (Rio Negro) - Roca 1100 CP:8500 | vías: 2, plataformas: 2
ABM: Se creó la estación Rawson
ABM: Se agrego Rawson (Chubut) - Fontana 1200 CP:9103 | vías: 2, plataformas: 2
ABM: Se creó el tramo de riel entre 2 y 1
ABM: Se creó el tramo de riel entre 3 y 4
ABM: Se creó el tramo de riel entre 4 y 5
ABM: Se creó el tramo de riel entre 5 y 1
ABM: Se creó el tramo de riel entre 5 y 6
ABM: Se creó el tramo de riel entre 5 y 7
ABM: Se creó el tramo de riel entre 5 y 8
ABM: Se creó el tramo de riel entre 3 y 8
ABM: Se creó el tramo de riel entre 4 y 2
ABM: Se creó el tramo de riel entre 3 y 2
ABM: Se creó el tramo de riel entre 2 y 9
ABM: Se creó el tramo de riel entre 9 y 10
ABM: Se creó el tramo de riel entre 3 y 10
ABM: Se creó el tramo de riel entre 2 y 11
ABM: Se creó el tramo de riel entre 11 y 12
ABM: Se creó el tramo de riel entre 12 y 13
ABM: Se creó el tramo de riel entre 13 y 16
ABM: Se creó el tramo de riel entre 16 y 17
ABM: Se creó el tramo de riel entre 17 y 12
ABM: Se creó el tramo de riel entre 12 y 14
ABM: Se creó el tramo de riel entre 14 y 15
ABM: Se creó el tramo de riel entre 6 y 18
ABM: Se creó el tramo de riel entre 18 y 4
ABM: Se creó el tramo de riel entre 7 y 19
ABM: Se creó el tramo de riel entre 19 y 20
ABM: Se creó el tramo de riel entre 20 y 8
ABM: Se creó el tramo de riel entre 11 y 14
ABM: Se creó el tramo de riel entre 13 y 6
ABM: Se creó el tramo de riel entre 9 y 5
ABM: Se creó el tramo de riel entre 1 y 10
ABM: Se creó el tramo de riel entre 3 y 9
ABM: Se agrego Tren  [diesel] pas:6 carga:0 linea:Mitre
ABM: Se agrego Tren  [gasolina] pas:0 carga:0 linea:no-asignado
ABM: Se agrego Tren  [diesel] pas:8 carga:0 linea:Roca-Tandil
ABM: Se agrego Tren  [electrico] pas:8 carga:0 linea:San Martin
ABM: Se agrego Tren  [diesel] pas:5 carga:0 linea:Belgrano Norte
ABM: Se agrego Tren  [gasolina] pas:4 carga:0 linea:Mitre
ABM: Se agrego Tren  [electrico] pas:7 carga:0 linea:Roca-Tandil
ABM: Se agrego Tren  [diesel] pas:6 carga:0 linea:San Martin
ABM: Se agrego Tren  [electrico] pas:9 carga:0 linea:Belgrano Norte
ABM: Se agrego Tren  [diesel] pas:5 carga:0 linea:Mitre
ABM: Se agrego Tren  [gasolina] pas:3 carga:0 linea:no-asignado
ABM: Se agrego Tren  [electrico] pas:10 carga:0 linea:San Martin
ABM: Se agrego Tren  [diesel] pas:7 carga:0 linea:Roca-Tandil
ABM: Se agrego Tren  [diesel] pas:6 carga:0 linea:Belgrano Norte
ABM: Se agrego Tren  [electrico] pas:8 carga:0 linea:Mitre
ABM: Se agrego Tren  [gasolina] pas:4 carga:0 linea:no-asignado
ABM: Se agrego Tren  [diesel] pas:5 carga:0 linea:San Martin
ABM: Se agrego Tren  [electrico] pas:9 carga:0 linea:Roca-Tandil
ABM: Se agrego Tren  [diesel] pas:6 carga:0 linea:Belgrano Norte
ABM: Se agrego Tren  [electrico] pas:7 carga:0 linea:San Martin

=== ESTADO DEL SISTEMA POST-CARGA INICIAL ===
eed.tp.TrenesSaControlador@6ce253f1
==============================================

ABM: Se creó la estación Tandil
ABM: Se agrego Tandil (Tandil) - Av. España 745 CP:7000 | vías: 4, plataformas: 2
ABM: Se creó la estación Retiro
ABM: Se agrego Retiro (CABA) - Av. Dr. Jose Maria Ramos Mejia 1430 CP:C1104 | vías: 9, plataformas: 6
ABM: Se creó la estación Constitucion
ABM: Se agrego Constitucion (CABA) - Av. Brasil 1128 CP:C1154 | vías: 14, plataformas: 8
ABM: Se creó la estación Canuelas
ABM: Se agrego Canuelas (Canuelas) - Libertad 150 CP:1814 | vías: 3, plataformas: 2
ABM: Se creó la estación Las Flores
ABM: Se agrego Las Flores (Las Flores) - Av. Rivadavia 400 CP:7200 | vías: 2, plataformas: 2
ABM: Se creó la estación Neuquen
ABM: Se agrego Neuquen (capital) - Av. Brasil 1128 CP:C1154 | vías: 14, plataformas: 8
ABM: Se creó la estación Bariloche
ABM: Se agrego Bariloche (Rio negro) - Libertad 150 CP:1814 | vías: 3, plataformas: 2
ABM: Se creó la estación Tierra del fuego
ABM: Se agrego Tierra del fuego (tierra) - Av. Rivadavia 400 CP:7200 | vías: 2, plataformas: 2
ABM: Se creó la estación La Plata
ABM: Se agrego La Plata (Buenos Aires) - Calle 1 100 CP:1900 | vías: 5, plataformas: 4
ABM: Se creó la estación Mar del Plata
ABM: Se agrego Mar del Plata (Buenos Aires) - Av. Luro 200 CP:7600 | vías: 4, plataformas: 3
ABM: Se creó la estación Rosario
ABM: Se agrego Rosario (Santa Fe) - Aristobulo 300 CP:2000 | vías: 6, plataformas: 4
ABM: Se creó la estación Cordoba
ABM: Se agrego Cordoba (Cordoba) - Peron 400 CP:5000 | vías: 5, plataformas: 3
ABM: Se creó la estación Mendoza
ABM: Se agrego Mendoza (Mendoza) - Las Heras 500 CP:5500 | vías: 3, plataformas: 2
ABM: Se creó la estación Tucuman
ABM: Se agrego Tucuman (Tucuman) - Corrientes 600 CP:4000 | vías: 3, plataformas: 2
ABM: Se creó la estación Salta
ABM: Se agrego Salta (Salta) - Balcarce 700 CP:4400 | vías: 2, plataformas: 2
ABM: Se creó la estación San Juan
ABM: Se agrego San Juan (San Juan) - España 800 CP:5400 | vías: 2, plataformas: 2
ABM: Se creó la estación San Luis
ABM: Se agrego San Luis (San Luis) - Illia 900 CP:5700 | vías: 2, plataformas: 2
ABM: Se creó la estación Santa Rosa
ABM: Se agrego Santa Rosa (La Pampa) - Luro 1000 CP:6300 | vías: 2, plataformas: 2
ABM: Se creó la estación Viedma
ABM: Se agrego Viedma (Rio Negro) - Roca 1100 CP:8500 | vías: 2, plataformas: 2
ABM: Se creó la estación Rawson
ABM: Se agrego Rawson (Chubut) - Fontana 1200 CP:9103 | vías: 2, plataformas: 2
ABM: Se creó el tramo de riel entre 2 y 1
ABM: Se creó el tramo de riel entre 3 y 4
ABM: Se creó el tramo de riel entre 4 y 5
ABM: Se creó el tramo de riel entre 5 y 1
ABM: Se creó el tramo de riel entre 5 y 6
ABM: Se creó el tramo de riel entre 5 y 7
ABM: Se creó el tramo de riel entre 5 y 8
ABM: Se creó el tramo de riel entre 3 y 8
ABM: Se creó el tramo de riel entre 4 y 2
ABM: Se creó el tramo de riel entre 3 y 2
ABM: Se creó el tramo de riel entre 2 y 9
ABM: Se creó el tramo de riel entre 9 y 10
ABM: Se creó el tramo de riel entre 3 y 10
ABM: Se creó el tramo de riel entre 2 y 11
ABM: Se creó el tramo de riel entre 11 y 12
ABM: Se creó el tramo de riel entre 12 y 13
ABM: Se creó el tramo de riel entre 13 y 16
ABM: Se creó el tramo de riel entre 16 y 17
ABM: Se creó el tramo de riel entre 17 y 12
ABM: Se creó el tramo de riel entre 12 y 14
ABM: Se creó el tramo de riel entre 14 y 15
ABM: Se creó el tramo de riel entre 6 y 18
ABM: Se creó el tramo de riel entre 18 y 4
ABM: Se creó el tramo de riel entre 7 y 19
ABM: Se creó el tramo de riel entre 19 y 20
ABM: Se creó el tramo de riel entre 20 y 8
ABM: Se creó el tramo de riel entre 11 y 14
ABM: Se creó el tramo de riel entre 13 y 6
ABM: Se creó el tramo de riel entre 9 y 5
ABM: Se creó el tramo de riel entre 1 y 10
ABM: Se creó el tramo de riel entre 3 y 9
ABM: Se agrego Tren  [diesel] pas:6 carga:0 linea:Mitre
ABM: Se agrego Tren  [gasolina] pas:0 carga:0 linea:no-asignado
ABM: Se agrego Tren  [diesel] pas:8 carga:0 linea:Roca-Tandil
ABM: Se agrego Tren  [electrico] pas:8 carga:0 linea:San Martin
ABM: Se agrego Tren  [diesel] pas:5 carga:0 linea:Belgrano Norte
ABM: Se agrego Tren  [gasolina] pas:4 carga:0 linea:Mitre
ABM: Se agrego Tren  [electrico] pas:7 carga:0 linea:Roca-Tandil
ABM: Se agrego Tren  [diesel] pas:6 carga:0 linea:San Martin
ABM: Se agrego Tren  [electrico] pas:9 carga:0 linea:Belgrano Norte
ABM: Se agrego Tren  [diesel] pas:5 carga:0 linea:Mitre
ABM: Se agrego Tren  [gasolina] pas:3 carga:0 linea:no-asignado
ABM: Se agrego Tren  [electrico] pas:10 carga:0 linea:San Martin
ABM: Se agrego Tren  [diesel] pas:7 carga:0 linea:Roca-Tandil
ABM: Se agrego Tren  [diesel] pas:6 carga:0 linea:Belgrano Norte
ABM: Se agrego Tren  [electrico] pas:8 carga:0 linea:Mitre
ABM: Se agrego Tren  [gasolina] pas:4 carga:0 linea:no-asignado
ABM: Se agrego Tren  [diesel] pas:5 carga:0 linea:San Martin
ABM: Se agrego Tren  [electrico] pas:9 carga:0 linea:Roca-Tandil
ABM: Se agrego Tren  [diesel] pas:6 carga:0 linea:Belgrano Norte
ABM: Se agrego Tren  [electrico] pas:7 carga:0 linea:San Martin

=== ESTADO DEL SISTEMA POST-CARGA INICIAL ===
eed.tp.TrenesSaControlador@6ce253f1
==============================================

ABM: Se creó la estación Tandil
ABM: Se agrego Tandil (Tandil) - Av. España 745 CP:7000 | vías: 4, plataformas: 2
ABM: Se creó la estación Retiro
ABM: Se agrego Retiro (CABA) - Av. Dr. Jose Maria Ramos Mejia 1430 CP:C1104 | vías: 9, plataformas: 6
ABM: Se creó la estación Constitucion
ABM: Se agrego Constitucion (CABA) - Av. Brasil 1128 CP:C1154 | vías: 14, plataformas: 8
ABM: Se creó la estación Canuelas
ABM: Se agrego Canuelas (Canuelas) - Libertad 150 CP:1814 | vías: 3, plataformas: 2
ABM: Se creó la estación Las Flores
ABM: Se agrego Las Flores (Las Flores) - Av. Rivadavia 400 CP:7200 | vías: 2, plataformas: 2
ABM: Se creó la estación Neuquen
ABM: Se agrego Neuquen (capital) - Av. Brasil 1128 CP:C1154 | vías: 14, plataformas: 8
ABM: Se creó la estación Bariloche
ABM: Se agrego Bariloche (Rio negro) - Libertad 150 CP:1814 | vías: 3, plataformas: 2
ABM: Se creó la estación Tierra del fuego
ABM: Se agrego Tierra del fuego (tierra) - Av. Rivadavia 400 CP:7200 | vías: 2, plataformas: 2
ABM: Se creó la estación La Plata
ABM: Se agrego La Plata (Buenos Aires) - Calle 1 100 CP:1900 | vías: 5, plataformas: 4
ABM: Se creó la estación Mar del Plata
ABM: Se agrego Mar del Plata (Buenos Aires) - Av. Luro 200 CP:7600 | vías: 4, plataformas: 3
ABM: Se creó la estación Rosario
ABM: Se agrego Rosario (Santa Fe) - Aristobulo 300 CP:2000 | vías: 6, plataformas: 4
ABM: Se creó la estación Cordoba
ABM: Se agrego Cordoba (Cordoba) - Peron 400 CP:5000 | vías: 5, plataformas: 3
ABM: Se creó la estación Mendoza
ABM: Se agrego Mendoza (Mendoza) - Las Heras 500 CP:5500 | vías: 3, plataformas: 2
ABM: Se creó la estación Tucuman
ABM: Se agrego Tucuman (Tucuman) - Corrientes 600 CP:4000 | vías: 3, plataformas: 2
ABM: Se creó la estación Salta
ABM: Se agrego Salta (Salta) - Balcarce 700 CP:4400 | vías: 2, plataformas: 2
ABM: Se creó la estación San Juan
ABM: Se agrego San Juan (San Juan) - España 800 CP:5400 | vías: 2, plataformas: 2
ABM: Se creó la estación San Luis
ABM: Se agrego San Luis (San Luis) - Illia 900 CP:5700 | vías: 2, plataformas: 2
ABM: Se creó la estación Santa Rosa
ABM: Se agrego Santa Rosa (La Pampa) - Luro 1000 CP:6300 | vías: 2, plataformas: 2
ABM: Se creó la estación Viedma
ABM: Se agrego Viedma (Rio Negro) - Roca 1100 CP:8500 | vías: 2, plataformas: 2
ABM: Se creó la estación Rawson
ABM: Se agrego Rawson (Chubut) - Fontana 1200 CP:9103 | vías: 2, plataformas: 2
ABM: Se creó el tramo de riel entre 2 y 1
ABM: Se creó el tramo de riel entre 3 y 4
ABM: Se creó el tramo de riel entre 4 y 5
ABM: Se creó el tramo de riel entre 5 y 1
ABM: Se creó el tramo de riel entre 5 y 6
ABM: Se creó el tramo de riel entre 5 y 7
ABM: Se creó el tramo de riel entre 5 y 8
ABM: Se creó el tramo de riel entre 3 y 8
ABM: Se creó el tramo de riel entre 4 y 2
ABM: Se creó el tramo de riel entre 3 y 2
ABM: Se creó el tramo de riel entre 2 y 9
ABM: Se creó el tramo de riel entre 9 y 10
ABM: Se creó el tramo de riel entre 3 y 10
ABM: Se creó el tramo de riel entre 2 y 11
ABM: Se creó el tramo de riel entre 11 y 12
ABM: Se creó el tramo de riel entre 12 y 13
ABM: Se creó el tramo de riel entre 13 y 16
ABM: Se creó el tramo de riel entre 16 y 17
ABM: Se creó el tramo de riel entre 17 y 12
ABM: Se creó el tramo de riel entre 12 y 14
ABM: Se creó el tramo de riel entre 14 y 15
ABM: Se creó el tramo de riel entre 6 y 18
ABM: Se creó el tramo de riel entre 18 y 4
ABM: Se creó el tramo de riel entre 7 y 19
ABM: Se creó el tramo de riel entre 19 y 20
ABM: Se creó el tramo de riel entre 20 y 8
ABM: Se creó el tramo de riel entre 11 y 14
ABM: Se creó el tramo de riel entre 13 y 6
ABM: Se creó el tramo de riel entre 9 y 5
ABM: Se creó el tramo de riel entre 1 y 10
ABM: Se creó el tramo de riel entre 3 y 9
ABM: Se agrego Tren  [diesel] pas:6 carga:0 linea:Mitre
ABM: Se agrego Tren  [gasolina] pas:0 carga:0 linea:no-asignado
ABM: Se agrego Tren  [diesel] pas:8 carga:0 linea:Roca-Tandil
ABM: Se agrego Tren  [electrico] pas:8 carga:0 linea:San Martin
ABM: Se agrego Tren  [diesel] pas:5 carga:0 linea:Belgrano Norte
ABM: Se agrego Tren  [gasolina] pas:4 carga:0 linea:Mitre
ABM: Se agrego Tren  [electrico] pas:7 carga:0 linea:Roca-Tandil
ABM: Se agrego Tren  [diesel] pas:6 carga:0 linea:San Martin
ABM: Se agrego Tren  [electrico] pas:9 carga:0 linea:Belgrano Norte
ABM: Se agrego Tren  [diesel] pas:5 carga:0 linea:Mitre
ABM: Se agrego Tren  [gasolina] pas:3 carga:0 linea:no-asignado
ABM: Se agrego Tren  [electrico] pas:10 carga:0 linea:San Martin
ABM: Se agrego Tren  [diesel] pas:7 carga:0 linea:Roca-Tandil
ABM: Se agrego Tren  [diesel] pas:6 carga:0 linea:Belgrano Norte
ABM: Se agrego Tren  [electrico] pas:8 carga:0 linea:Mitre
ABM: Se agrego Tren  [gasolina] pas:4 carga:0 linea:no-asignado
ABM: Se agrego Tren  [diesel] pas:5 carga:0 linea:San Martin
ABM: Se agrego Tren  [electrico] pas:9 carga:0 linea:Roca-Tandil
ABM: Se agrego Tren  [diesel] pas:6 carga:0 linea:Belgrano Norte
ABM: Se agrego Tren  [electrico] pas:7 carga:0 linea:San Martin

=== ESTADO DEL SISTEMA POST-CARGA INICIAL ===
eed.tp.TrenesSaControlador@6ce253f1
==============================================

ABM: Se creó la estación Tandil
ABM: Se agrego Tandil (Tandil) - Av. España 745 CP:7000 | vías: 4, plataformas: 2
ABM: Se creó la estación Retiro
ABM: Se agrego Retiro (CABA) - Av. Dr. Jose Maria Ramos Mejia 1430 CP:C1104 | vías: 9, plataformas: 6
ABM: Se creó la estación Constitucion
ABM: Se agrego Constitucion (CABA) - Av. Brasil 1128 CP:C1154 | vías: 14, plataformas: 8
ABM: Se creó la estación Canuelas
ABM: Se agrego Canuelas (Canuelas) - Libertad 150 CP:1814 | vías: 3, plataformas: 2
ABM: Se creó la estación Las Flores
ABM: Se agrego Las Flores (Las Flores) - Av. Rivadavia 400 CP:7200 | vías: 2, plataformas: 2
ABM: Se creó la estación Neuquen
ABM: Se agrego Neuquen (capital) - Av. Brasil 1128 CP:C1154 | vías: 14, plataformas: 8
ABM: Se creó la estación Bariloche
ABM: Se agrego Bariloche (Rio negro) - Libertad 150 CP:1814 | vías: 3, plataformas: 2
ABM: Se creó la estación Tierra del fuego
ABM: Se agrego Tierra del fuego (tierra) - Av. Rivadavia 400 CP:7200 | vías: 2, plataformas: 2
ABM: Se creó la estación La Plata
ABM: Se agrego La Plata (Buenos Aires) - Calle 1 100 CP:1900 | vías: 5, plataformas: 4
ABM: Se creó la estación Mar del Plata
ABM: Se agrego Mar del Plata (Buenos Aires) - Av. Luro 200 CP:7600 | vías: 4, plataformas: 3
ABM: Se creó la estación Rosario
ABM: Se agrego Rosario (Santa Fe) - Aristobulo 300 CP:2000 | vías: 6, plataformas: 4
ABM: Se creó la estación Cordoba
ABM: Se agrego Cordoba (Cordoba) - Peron 400 CP:5000 | vías: 5, plataformas: 3
ABM: Se creó la estación Mendoza
ABM: Se agrego Mendoza (Mendoza) - Las Heras 500 CP:5500 | vías: 3, plataformas: 2
ABM: Se creó la estación Tucuman
ABM: Se agrego Tucuman (Tucuman) - Corrientes 600 CP:4000 | vías: 3, plataformas: 2
ABM: Se creó la estación Salta
ABM: Se agrego Salta (Salta) - Balcarce 700 CP:4400 | vías: 2, plataformas: 2
ABM: Se creó la estación San Juan
ABM: Se agrego San Juan (San Juan) - España 800 CP:5400 | vías: 2, plataformas: 2
ABM: Se creó la estación San Luis
ABM: Se agrego San Luis (San Luis) - Illia 900 CP:5700 | vías: 2, plataformas: 2
ABM: Se creó la estación Santa Rosa
ABM: Se agrego Santa Rosa (La Pampa) - Luro 1000 CP:6300 | vías: 2, plataformas: 2
ABM: Se creó la estación Viedma
ABM: Se agrego Viedma (Rio Negro) - Roca 1100 CP:8500 | vías: 2, plataformas: 2
ABM: Se creó la estación Rawson
ABM: Se agrego Rawson (Chubut) - Fontana 1200 CP:9103 | vías: 2, plataformas: 2
ABM: Se creó el tramo de riel entre 2 y 1
ABM: Se creó el tramo de riel entre 3 y 4
ABM: Se creó el tramo de riel entre 4 y 5
ABM: Se creó el tramo de riel entre 5 y 1
ABM: Se creó el tramo de riel entre 5 y 6
ABM: Se creó el tramo de riel entre 5 y 7
ABM: Se creó el tramo de riel entre 5 y 8
ABM: Se creó el tramo de riel entre 3 y 8
ABM: Se creó el tramo de riel entre 4 y 2
ABM: Se creó el tramo de riel entre 3 y 2
ABM: Se creó el tramo de riel entre 2 y 9
ABM: Se creó el tramo de riel entre 9 y 10
ABM: Se creó el tramo de riel entre 3 y 10
ABM: Se creó el tramo de riel entre 2 y 11
ABM: Se creó el tramo de riel entre 11 y 12
ABM: Se creó el tramo de riel entre 12 y 13
ABM: Se creó el tramo de riel entre 13 y 16
ABM: Se creó el tramo de riel entre 16 y 17
ABM: Se creó el tramo de riel entre 17 y 12
ABM: Se creó el tramo de riel entre 12 y 14
ABM: Se creó el tramo de riel entre 14 y 15
ABM: Se creó el tramo de riel entre 6 y 18
ABM: Se creó el tramo de riel entre 18 y 4
ABM: Se creó el tramo de riel entre 7 y 19
ABM: Se creó el tramo de riel entre 19 y 20
ABM: Se creó el tramo de riel entre 20 y 8
ABM: Se creó el tramo de riel entre 11 y 14
ABM: Se creó el tramo de riel entre 13 y 6
ABM: Se creó el tramo de riel entre 9 y 5
ABM: Se creó el tramo de riel entre 1 y 10
ABM: Se creó el tramo de riel entre 3 y 9
ABM: Se agrego Tren  [diesel] pas:6 carga:0 linea:Mitre
ABM: Se agrego Tren  [gasolina] pas:0 carga:0 linea:no-asignado
ABM: Se agrego Tren  [diesel] pas:8 carga:0 linea:Roca-Tandil
ABM: Se agrego Tren  [electrico] pas:8 carga:0 linea:San Martin
ABM: Se agrego Tren  [diesel] pas:5 carga:0 linea:Belgrano Norte
ABM: Se agrego Tren  [gasolina] pas:4 carga:0 linea:Mitre
ABM: Se agrego Tren  [electrico] pas:7 carga:0 linea:Roca-Tandil
ABM: Se agrego Tren  [diesel] pas:6 carga:0 linea:San Martin
ABM: Se agrego Tren  [electrico] pas:9 carga:0 linea:Belgrano Norte
ABM: Se agrego Tren  [diesel] pas:5 carga:0 linea:Mitre
ABM: Se agrego Tren  [gasolina] pas:3 carga:0 linea:no-asignado
ABM: Se agrego Tren  [electrico] pas:10 carga:0 linea:San Martin
ABM: Se agrego Tren  [diesel] pas:7 carga:0 linea:Roca-Tandil
ABM: Se agrego Tren  [diesel] pas:6 carga:0 linea:Belgrano Norte
ABM: Se agrego Tren  [electrico] pas:8 carga:0 linea:Mitre
ABM: Se agrego Tren  [gasolina] pas:4 carga:0 linea:no-asignado
ABM: Se agrego Tren  [diesel] pas:5 carga:0 linea:San Martin
ABM: Se agrego Tren  [electrico] pas:9 carga:0 linea:Roca-Tandil
ABM: Se agrego Tren  [diesel] pas:6 carga:0 linea:Belgrano Norte
ABM: Se agrego Tren  [electrico] pas:7 carga:0 linea:San Martin

=== ESTADO DEL SISTEMA POST-CARGA INICIAL ===
eed.tp.TrenesSaControlador@6ce253f1
==============================================


=== ESTADO DEL SISTEMA POST-CARGA INICIAL ===
eed.tp.TrenesSaControlador@15db9742
==============================================

ABM: Se creó la estación Tandil
ABM: Se agrego Tandil (Tandil) - Av. España 745 CP:7000 | vías: 4, plataformas: 2
ABM: Se creó la estación Retiro
ABM: Se agrego Retiro (CABA) - Av. Dr. Jose Maria Ramos Mejia 1430 CP:C1104 | vías: 9, plataformas: 6
ABM: Se creó la estación Constitucion
ABM: Se agrego Constitucion (CABA) - Av. Brasil 1128 CP:C1154 | vías: 14, plataformas: 8
ABM: Se creó la estación Canuelas
ABM: Se agrego Canuelas (Canuelas) - Libertad 150 CP:1814 | vías: 3, plataformas: 2
ABM: Se creó la estación Las Flores
ABM: Se agrego Las Flores (Las Flores) - Av. Rivadavia 400 CP:7200 | vías: 2, plataformas: 2
ABM: Se creó la estación Neuquen
ABM: Se agrego Neuquen (capital) - Av. Brasil 1128 CP:C1154 | vías: 14, plataformas: 8
ABM: Se creó la estación Bariloche
ABM: Se agrego Bariloche (Rio negro) - Libertad 150 CP:1814 | vías: 3, plataformas: 2
ABM: Se creó la estación Tierra del fuego
ABM: Se agrego Tierra del fuego (tierra) - Av. Rivadavia 400 CP:7200 | vías: 2, plataformas: 2
ABM: Se creó la estación La Plata
ABM: Se agrego La Plata (Buenos Aires) - Calle 1 100 CP:1900 | vías: 5, plataformas: 4
ABM: Se creó la estación Mar del Plata
ABM: Se agrego Mar del Plata (Buenos Aires) - Av. Luro 200 CP:7600 | vías: 4, plataformas: 3
ABM: Se creó la estación Rosario
ABM: Se agrego Rosario (Santa Fe) - Aristobulo 300 CP:2000 | vías: 6, plataformas: 4
ABM: Se creó la estación Cordoba
ABM: Se agrego Cordoba (Cordoba) - Peron 400 CP:5000 | vías: 5, plataformas: 3
ABM: Se creó la estación Mendoza
ABM: Se agrego Mendoza (Mendoza) - Las Heras 500 CP:5500 | vías: 3, plataformas: 2
ABM: Se creó la estación Tucuman
ABM: Se agrego Tucuman (Tucuman) - Corrientes 600 CP:4000 | vías: 3, plataformas: 2
ABM: Se creó la estación Salta
ABM: Se agrego Salta (Salta) - Balcarce 700 CP:4400 | vías: 2, plataformas: 2
ABM: Se creó la estación San Juan
ABM: Se agrego San Juan (San Juan) - España 800 CP:5400 | vías: 2, plataformas: 2
ABM: Se creó la estación San Luis
ABM: Se agrego San Luis (San Luis) - Illia 900 CP:5700 | vías: 2, plataformas: 2
ABM: Se creó la estación Santa Rosa
ABM: Se agrego Santa Rosa (La Pampa) - Luro 1000 CP:6300 | vías: 2, plataformas: 2
ABM: Se creó la estación Viedma
ABM: Se agrego Viedma (Rio Negro) - Roca 1100 CP:8500 | vías: 2, plataformas: 2
ABM: Se creó la estación Rawson
ABM: Se agrego Rawson (Chubut) - Fontana 1200 CP:9103 | vías: 2, plataformas: 2
ABM: Se creó el tramo de riel entre 2 y 1
ABM: Se creó el tramo de riel entre 3 y 4
ABM: Se creó el tramo de riel entre 4 y 5
ABM: Se creó el tramo de riel entre 5 y 1
ABM: Se creó el tramo de riel entre 5 y 6
ABM: Se creó el tramo de riel entre 5 y 7
ABM: Se creó el tramo de riel entre 5 y 8
ABM: Se creó el tramo de riel entre 3 y 8
ABM: Se creó el tramo de riel entre 4 y 2
ABM: Se creó el tramo de riel entre 3 y 2
ABM: Se creó el tramo de riel entre 2 y 9
ABM: Se creó el tramo de riel entre 9 y 10
ABM: Se creó el tramo de riel entre 3 y 10
ABM: Se creó el tramo de riel entre 2 y 11
ABM: Se creó el tramo de riel entre 11 y 12
ABM: Se creó el tramo de riel entre 12 y 13
ABM: Se creó el tramo de riel entre 13 y 16
ABM: Se creó el tramo de riel entre 16 y 17
ABM: Se creó el tramo de riel entre 17 y 12
ABM: Se creó el tramo de riel entre 12 y 14
ABM: Se creó el tramo de riel entre 14 y 15
ABM: Se creó el tramo de riel entre 6 y 18
ABM: Se creó el tramo de riel entre 18 y 4
ABM: Se creó el tramo de riel entre 7 y 19
ABM: Se creó el tramo de riel entre 19 y 20
ABM: Se creó el tramo de riel entre 20 y 8
ABM: Se creó el tramo de riel entre 11 y 14
ABM: Se creó el tramo de riel entre 13 y 6
ABM: Se creó el tramo de riel entre 9 y 5
ABM: Se creó el tramo de riel entre 1 y 10
ABM: Se creó el tramo de riel entre 3 y 9
ABM: Se agrego Tren  [diesel] pas:6 carga:0 linea:Mitre
ABM: Se agrego Tren  [gasolina] pas:0 carga:0 linea:no-asignado
ABM: Se agrego Tren  [diesel] pas:8 carga:0 linea:Roca-Tandil
ABM: Se agrego Tren  [electrico] pas:8 carga:0 linea:San Martin
ABM: Se agrego Tren  [diesel] pas:5 carga:0 linea:Belgrano Norte
ABM: Se agrego Tren  [gasolina] pas:4 carga:0 linea:Mitre
ABM: Se agrego Tren  [electrico] pas:7 carga:0 linea:Roca-Tandil
ABM: Se agrego Tren  [diesel] pas:6 carga:0 linea:San Martin
ABM: Se agrego Tren  [electrico] pas:9 carga:0 linea:Belgrano Norte
ABM: Se agrego Tren  [diesel] pas:5 carga:0 linea:Mitre
ABM: Se agrego Tren  [gasolina] pas:3 carga:0 linea:no-asignado
ABM: Se agrego Tren  [electrico] pas:10 carga:0 linea:San Martin
ABM: Se agrego Tren  [diesel] pas:7 carga:0 linea:Roca-Tandil
ABM: Se agrego Tren  [diesel] pas:6 carga:0 linea:Belgrano Norte
ABM: Se agrego Tren  [electrico] pas:8 carga:0 linea:Mitre
ABM: Se agrego Tren  [gasolina] pas:4 carga:0 linea:no-asignado
ABM: Se agrego Tren  [diesel] pas:5 carga:0 linea:San Martin
ABM: Se agrego Tren  [electrico] pas:9 carga:0 linea:Roca-Tandil
ABM: Se agrego Tren  [diesel] pas:6 carga:0 linea:Belgrano Norte
ABM: Se agrego Tren  [electrico] pas:7 carga:0 linea:San Martin

=== ESTADO DEL SISTEMA POST-CARGA INICIAL ===
eed.tp.TrenesSaControlador@6ce253f1
==============================================

ABM: Se creó la estación Tandil
ABM: Se agrego Tandil (Tandil) - Av. España 745 CP:7000 | vías: 4, plataformas: 2
ABM: Se creó la estación Retiro
ABM: Se agrego Retiro (CABA) - Av. Dr. Jose Maria Ramos Mejia 1430 CP:C1104 | vías: 9, plataformas: 6
ABM: Se creó la estación Constitucion
ABM: Se agrego Constitucion (CABA) - Av. Brasil 1128 CP:C1154 | vías: 14, plataformas: 8
ABM: Se creó la estación Canuelas
ABM: Se agrego Canuelas (Canuelas) - Libertad 150 CP:1814 | vías: 3, plataformas: 2
ABM: Se creó la estación Las Flores
ABM: Se agrego Las Flores (Las Flores) - Av. Rivadavia 400 CP:7200 | vías: 2, plataformas: 2
ABM: Se creó la estación Neuquen
ABM: Se agrego Neuquen (capital) - Av. Brasil 1128 CP:C1154 | vías: 14, plataformas: 8
ABM: Se creó la estación Bariloche
ABM: Se agrego Bariloche (Rio negro) - Libertad 150 CP:1814 | vías: 3, plataformas: 2
ABM: Se creó la estación Tierra del fuego
ABM: Se agrego Tierra del fuego (tierra) - Av. Rivadavia 400 CP:7200 | vías: 2, plataformas: 2
ABM: Se creó la estación La Plata
ABM: Se agrego La Plata (Buenos Aires) - Calle 1 100 CP:1900 | vías: 5, plataformas: 4
ABM: Se creó la estación Mar del Plata
ABM: Se agrego Mar del Plata (Buenos Aires) - Av. Luro 200 CP:7600 | vías: 4, plataformas: 3
ABM: Se creó la estación Rosario
ABM: Se agrego Rosario (Santa Fe) - Aristobulo 300 CP:2000 | vías: 6, plataformas: 4
ABM: Se creó la estación Cordoba
ABM: Se agrego Cordoba (Cordoba) - Peron 400 CP:5000 | vías: 5, plataformas: 3
ABM: Se creó la estación Mendoza
ABM: Se agrego Mendoza (Mendoza) - Las Heras 500 CP:5500 | vías: 3, plataformas: 2
ABM: Se creó la estación Tucuman
ABM: Se agrego Tucuman (Tucuman) - Corrientes 600 CP:4000 | vías: 3, plataformas: 2
ABM: Se creó la estación Salta
ABM: Se agrego Salta (Salta) - Balcarce 700 CP:4400 | vías: 2, plataformas: 2
ABM: Se creó la estación San Juan
ABM: Se agrego San Juan (San Juan) - España 800 CP:5400 | vías: 2, plataformas: 2
ABM: Se creó la estación San Luis
ABM: Se agrego San Luis (San Luis) - Illia 900 CP:5700 | vías: 2, plataformas: 2
ABM: Se creó la estación Santa Rosa
ABM: Se agrego Santa Rosa (La Pampa) - Luro 1000 CP:6300 | vías: 2, plataformas: 2
ABM: Se creó la estación Viedma
ABM: Se agrego Viedma (Rio Negro) - Roca 1100 CP:8500 | vías: 2, plataformas: 2
ABM: Se creó la estación Rawson
ABM: Se agrego Rawson (Chubut) - Fontana 1200 CP:9103 | vías: 2, plataformas: 2
ABM: Se creó el tramo de riel entre 2 y 1
ABM: Se creó el tramo de riel entre 3 y 4
ABM: Se creó el tramo de riel entre 4 y 5
ABM: Se creó el tramo de riel entre 5 y 1
ABM: Se creó el tramo de riel entre 5 y 6
ABM: Se creó el tramo de riel entre 5 y 7
ABM: Se creó el tramo de riel entre 5 y 8
ABM: Se creó el tramo de riel entre 3 y 8
ABM: Se creó el tramo de riel entre 4 y 2
ABM: Se creó el tramo de riel entre 3 y 2
ABM: Se creó el tramo de riel entre 2 y 9
ABM: Se creó el tramo de riel entre 9 y 10
ABM: Se creó el tramo de riel entre 3 y 10
ABM: Se creó el tramo de riel entre 2 y 11
ABM: Se creó el tramo de riel entre 11 y 12
ABM: Se creó el tramo de riel entre 12 y 13
ABM: Se creó el tramo de riel entre 13 y 16
ABM: Se creó el tramo de riel entre 16 y 17
ABM: Se creó el tramo de riel entre 17 y 12
ABM: Se creó el tramo de riel entre 12 y 14
ABM: Se creó el tramo de riel entre 14 y 15
ABM: Se creó el tramo de riel entre 6 y 18
ABM: Se creó el tramo de riel entre 18 y 4
ABM: Se creó el tramo de riel entre 7 y 19
ABM: Se creó el tramo de riel entre 19 y 20
ABM: Se creó el tramo de riel entre 20 y 8
ABM: Se creó el tramo de riel entre 11 y 14
ABM: Se creó el tramo de riel entre 13 y 6
ABM: Se creó el tramo de riel entre 9 y 5
ABM: Se creó el tramo de riel entre 1 y 10
ABM: Se creó el tramo de riel entre 3 y 9
ABM: Se agrego Tren  [diesel] pas:6 carga:0 linea:Mitre
ABM: Se agrego Tren  [gasolina] pas:0 carga:0 linea:no-asignado
ABM: Se agrego Tren  [diesel] pas:8 carga:0 linea:Roca-Tandil
ABM: Se agrego Tren  [electrico] pas:8 carga:0 linea:San Martin
ABM: Se agrego Tren  [diesel] pas:5 carga:0 linea:Belgrano Norte
ABM: Se agrego Tren  [gasolina] pas:4 carga:0 linea:Mitre
ABM: Se agrego Tren  [electrico] pas:7 carga:0 linea:Roca-Tandil
ABM: Se agrego Tren  [diesel] pas:6 carga:0 linea:San Martin
ABM: Se agrego Tren  [electrico] pas:9 carga:0 linea:Belgrano Norte
ABM: Se agrego Tren  [diesel] pas:5 carga:0 linea:Mitre
ABM: Se agrego Tren  [gasolina] pas:3 carga:0 linea:no-asignado
ABM: Se agrego Tren  [electrico] pas:10 carga:0 linea:San Martin
ABM: Se agrego Tren  [diesel] pas:7 carga:0 linea:Roca-Tandil
ABM: Se agrego Tren  [diesel] pas:6 carga:0 linea:Belgrano Norte
ABM: Se agrego Tren  [electrico] pas:8 carga:0 linea:Mitre
ABM: Se agrego Tren  [gasolina] pas:4 carga:0 linea:no-asignado
ABM: Se agrego Tren  [diesel] pas:5 carga:0 linea:San Martin
ABM: Se agrego Tren  [electrico] pas:9 carga:0 linea:Roca-Tandil
ABM: Se agrego Tren  [diesel] pas:6 carga:0 linea:Belgrano Norte
ABM: Se agrego Tren  [electrico] pas:7 carga:0 linea:San Martin

=== ESTADO DEL SISTEMA POST-CARGA INICIAL ===
eed.tp.TrenesSaControlador@6ce253f1
==============================================

ABM: Se agrego 10
ABM: Se agrego 9
ABM: Se agrego 15
ABM: Se agrego 7
ABM: Se agrego 3
ABM: Se agrego 12
ABM: Se agrego 20
ABM: Se agrego 10
ABM: Se agrego 9
ABM: Se agrego 15
ABM: Se agrego 7
ABM: Se agrego 3
ABM: Se agrego 12
ABM: Se agrego 20
ABM: Se agrego 10
ABM: Se agrego 9
ABM: Se agrego 15
ABM: Se agrego 7
ABM: Se agrego 3
ABM: Se agrego 12
ABM: Se agrego 20
ABM: Se agrego 10
ABM: Se agrego 9
ABM: Se agrego 15
ABM: Se agrego 7
ABM: Se agrego 3
ABM: Se agrego 12
ABM: Se agrego 20
ABM: Se agrego 10
ABM: Se agrego 9
ABM: Se agrego 15
ABM: Se agrego 7
ABM: Se agrego 3
ABM: Se agrego 12
ABM: Se agrego 20
ABM: Se agrego 10
ABM: Se agrego 9
ABM: Se agrego 15
ABM: Se agrego 7
ABM: Se agrego 3
ABM: Se agrego 12
ABM: Se agrego 20
ABM: Se agrego 10
ABM: Se agrego 9
ABM: Se agrego 15
ABM: Se agrego 7
ABM: Se agrego 3
ABM: Se agrego 12
ABM: Se agrego 20
ABM: Se agrego 10
ABM: Se agrego 9
ABM: Se agrego 15
ABM: Se agrego 10
ABM: Se agrego 9
ABM: Se agrego 15
ABM: Se agrego 7
ABM: Se agrego 3
ABM: Se agrego 12
ABM: Se agrego 20
ABM: Se agrego 10
ABM: Se agrego 9
ABM: Se agrego 15
ABM: Se agrego 7
ABM: Se agrego 3
ABM: Se agrego 12
ABM: Se agrego 20
ABM: Se agrego 10
ABM: Se agrego 9
ABM: Se agrego 15
ABM: Se agrego 7
ABM: Se agrego 3
ABM: Se agrego 12
ABM: Se agrego 20
ABM: Se agrego 10
ABM: Se agrego 9
ABM: Se agrego 15
ABM: Se agrego 7
ABM: Se agrego 3
ABM: Se agrego 12
ABM: Se agrego 20
ABM: Se agrego 10
ABM: Se agrego 9
ABM: Se agrego 15
ABM: Se agrego 7
ABM: Se agrego 3
ABM: Se agrego 12
ABM: Se agrego 20
ABM: Se agrego 10
ABM: Se agrego 9
ABM: Se agrego 15
ABM: Se agrego 7
ABM: Se agrego 3
ABM: Se agrego 12
ABM: Se agrego 20
ABM: Se agrego 5
ABM: Se agrego 9
ABM: Se agrego 15
ABM: Se agrego 7
ABM: Se agrego 3
ABM: Se agrego 12
ABM: Se agrego 20
ABM: Se agrego 5
ABM: Se agrego 9
ABM: Se agrego 15
ABM: Se agrego 7
ABM: Se agrego 3
ABM: Se agrego 12
ABM: Se agrego 20
ABM: Se agrego 5
ABM: Se agrego 9
ABM: Se agrego 15
ABM: Se agrego 7
ABM: Se agrego 3
ABM: Se agrego 12
ABM: Se agrego 20
ABM: Se agrego 1
ABM: Se agrego 6
ABM: Se agrego 10
ABM: Se agrego 13
ABM: Se agrego 19
ABM: Se agrego 50
ABM: Se agrego 5
ABM: Se agrego 9
ABM: Se agrego 15
ABM: Se agrego 7
ABM: Se agrego 3
ABM: Se agrego 12
ABM: Se agrego 20
ABM: Se agrego 1
ABM: Se agrego 6
ABM: Se agrego 10
ABM: Se agrego 13
ABM: Se agrego 19
ABM: Se agrego 50
ABM: Se agrego 5
ABM: Se agrego 9
ABM: Se agrego 15
ABM: Se agrego 7
ABM: Se agrego 3
ABM: Se agrego 12
ABM: Se agrego 20
ABM: Se agrego 1
ABM: Se agrego 6
ABM: Se agrego 10
ABM: Se agrego 13
ABM: Se agrego 19
ABM: Se agrego 50
ABM: Se agrego 5
ABM: Se agrego 9
ABM: Se agrego 15
ABM: Se agrego 7
ABM: Se agrego 3
ABM: Se agrego 12
ABM: Se agrego 20
ABM: Se agrego 1
ABM: Se agrego 6
ABM: Se agrego 10
ABM: Se agrego 13
ABM: Se agrego 19
ABM: Se agrego 50
ABM: Se agrego 5
ABM: Se agrego 9
ABM: Se agrego 15
ABM: Se agrego 7
ABM: Se agrego 3
ABM: Se agrego 12
ABM: Se agrego 20
ABM: Se agrego 1
ABM: Se agrego 6
ABM: Se agrego 10
ABM: Se agrego 13
ABM: Se agrego 19
ABM: Se agrego 50
ABM: Se agrego 5
ABM: Se agrego 9
ABM: Se agrego 15
ABM: Se agrego 7
ABM: Se agrego 3
ABM: Se agrego 12
ABM: Se agrego 20
ABM: Se agrego 1
ABM: Se agrego 6
ABM: Se agrego 10
ABM: Se agrego 13
ABM: Se agrego 19
ABM: Se agrego 50
ABM: Se agrego 5
ABM: Se agrego 9
ABM: Se agrego 15
ABM: Se agrego 7
ABM: Se agrego 3
ABM: Se agrego 12
ABM: Se agrego 20
ABM: Se agrego 1
ABM: Se agrego 6
ABM: Se agrego 10
ABM: Se agrego 13
ABM: Se agrego 19
ABM: Se agrego 50
ABM: Se agrego 5
ABM: Se agrego 9
ABM: Se agrego 15
ABM: Se agrego 7
ABM: Se agrego 3
ABM: Se agrego 12
ABM: Se agrego 20
ABM: Se agrego 1
ABM: Se agrego 6
ABM: Se agrego 10
ABM: Se agrego 13
ABM: Se agrego 19
ABM: Se agrego 50
ABM: Se agrego 5
ABM: Se agrego 9
ABM: Se agrego 15
ABM: Se agrego 7
ABM: Se agrego 3
ABM: Se agrego 12
ABM: Se agrego 20
ABM: Se agrego 1
ABM: Se agrego 6
ABM: Se agrego 10
ABM: Se agrego 13
ABM: Se agrego 19
ABM: Se agrego 50
ABM: Se agrego 5
ABM: Se agrego 9
ABM: Se agrego 15
ABM: Se agrego 7
ABM: Se agrego 3
ABM: Se agrego 12
ABM: Se agrego 20
ABM: Se agrego 1
ABM: Se agrego 6
ABM: Se agrego 10
ABM: Se agrego 13
ABM: Se agrego 19
ABM: Se agrego 50
ABM: Se agrego 5
ABM: Se agrego 9
ABM: Se agrego 15
ABM: Se agrego 7
ABM: Se agrego 3
ABM: Se agrego 12
ABM: Se agrego 20
ABM: Se agrego 1
ABM: Se agrego 6
ABM: Se agrego 10
ABM: Se agrego 13
ABM: Se agrego 19
ABM: Se agrego 50
ABM: Se agrego 5
ABM: Se agrego 9
ABM: Se agrego 15
ABM: Se agrego 7
ABM: Se agrego 3
ABM: Se agrego 12
ABM: Se agrego 20
ABM: Se agrego 1
ABM: Se agrego 6
ABM: Se agrego 10
ABM: Se agrego 13
ABM: Se agrego 19
ABM: Se agrego 50
ABM: Se agrego 5
ABM: Se agrego 9
ABM: Se agrego 15
ABM: Se agrego 7
ABM: Se agrego 3
ABM: Se agrego 12
ABM: Se agrego 20
ABM: Se agrego 1
ABM: Se agrego 6
ABM: Se agrego 10
ABM: Se agrego 13
ABM: Se agrego 19
ABM: Se agrego 50
ABM: Se agrego 5
ABM: Se agrego 9
ABM: Se agrego 15
ABM: Se agrego 7
ABM: Se agrego 3
ABM: Se agrego 12
ABM: Se agrego 20
ABM: Se agrego 1
ABM: Se agrego 6
ABM: Se agrego 10
ABM: Se agrego 13
ABM: Se agrego 19
ABM: Se agrego 50
ABM: Se agrego 5
ABM: Se agrego 9
ABM: Se agrego 15
ABM: Se agrego 7
ABM: Se agrego 3
ABM: Se agrego 12
ABM: Se agrego 20
ABM: Se agrego 1
ABM: Se agrego 6
ABM: Se agrego 10
ABM: Se agrego 13
ABM: Se agrego 19
ABM: Se agrego 50
ABM: Se agrego 5
ABM: Se agrego 9
ABM: Se agrego 15
ABM: Se agrego 7
ABM: Se agrego 3
ABM: Se agrego 12
ABM: Se agrego 20
ABM: Se agrego 1
ABM: Se agrego 6
ABM: Se agrego 10
ABM: Se agrego 13
ABM: Se agrego 19
ABM: Se agrego 50
ABM: Se agrego 5
ABM: Se agrego 9
ABM: Se agrego 15
ABM: Se agrego 7
ABM: Se agrego 3
ABM: Se agrego 12
ABM: Se agrego 20
ABM: Se agrego 1
ABM: Se agrego 6
ABM: Se agrego 10
ABM: Se agrego 13
ABM: Se agrego 19
ABM: Se agrego 50
ABM: Se agrego 5
ABM: Se agrego 9
ABM: Se agrego 15
ABM: Se agrego 7
ABM: Se agrego 3
ABM: Se agrego 12
ABM: Se agrego 20
ABM: Se agrego 1
ABM: Se agrego 6
ABM: Se agrego 10
ABM: Se agrego 13
ABM: Se agrego 19
ABM: Se agrego 50
ABM: Se agrego 5
ABM: Se agrego 9
ABM: Se agrego 15
ABM: Se agrego 7
ABM: Se agrego 3
ABM: Se agrego 12
ABM: Se agrego 20
ABM: Se agrego 1
ABM: Se agrego 6
ABM: Se agrego 10
ABM: Se agrego 13
ABM: Se agrego 19
ABM: Se agrego 50
ABM: Se agrego 5
ABM: Se agrego 9
ABM: Se agrego 15
ABM: Se agrego 7
ABM: Se agrego 3
ABM: Se agrego 12
ABM: Se agrego 20
ABM: Se agrego 1
ABM: Se agrego 6
ABM: Se agrego 10
ABM: Se agrego 13
ABM: Se agrego 19
ABM: Se agrego 50
ABM: Se agrego 5
ABM: Se agrego 9
ABM: Se agrego 15
ABM: Se agrego 7
ABM: Se agrego 3
ABM: Se agrego 12
ABM: Se agrego 20
ABM: Se agrego 1
ABM: Se agrego 6
ABM: Se agrego 10
ABM: Se agrego 13
ABM: Se agrego 19
ABM: Se agrego 50
ABM: Se agrego 5
ABM: Se agrego 9
ABM: Se agrego 15
ABM: Se agrego 7
ABM: Se agrego 3
ABM: Se agrego 12
ABM: Se agrego 20
ABM: Se agrego 1
ABM: Se agrego 6
ABM: Se agrego 10
ABM: Se agrego 13
ABM: Se agrego 19
ABM: Se agrego 50
ABM: Se agrego 5
ABM: Se agrego 9
ABM: Se agrego 15
ABM: Se agrego 7
ABM: Se agrego 3
ABM: Se agrego 12
ABM: Se agrego 20
ABM: Se agrego 1
ABM: Se agrego 6
ABM: Se agrego 10
ABM: Se agrego 13
ABM: Se agrego 19
ABM: Se agrego 50
ABM: Se agrego 5
ABM: Se agrego 9
ABM: Se agrego 15
ABM: Se agrego 7
ABM: Se agrego 3
ABM: Se agrego 12
ABM: Se agrego 20
ABM: Se agrego 1
ABM: Se agrego 6
ABM: Se agrego 10
ABM: Se agrego 13
ABM: Se agrego 19
ABM: Se agrego 50
ABM: Se agrego 5
ABM: Se agrego 9
ABM: Se agrego 15
ABM: Se agrego 7
ABM: Se agrego 3
ABM: Se agrego 12
ABM: Se agrego 20
ABM: Se agrego 1
ABM: Se agrego 6
ABM: Se agrego 10
ABM: Se agrego 13
ABM: Se agrego 19
ABM: Se agrego 50
ABM: Se agrego 5
ABM: Se agrego 9
ABM: Se agrego 15
ABM: Se agrego 7
ABM: Se agrego 3
ABM: Se agrego 12
ABM: Se agrego 20
ABM: Se agrego 1
ABM: Se agrego 6
ABM: Se agrego 10
ABM: Se agrego 13
ABM: Se agrego 19
ABM: Se agrego 50
ABM: Se agrego 5
ABM: Se agrego 9
ABM: Se agrego 15
ABM: Se agrego 7
ABM: Se agrego 3
ABM: Se agrego 12
ABM: Se agrego 20
ABM: Se agrego 1
ABM: Se agrego 6
ABM: Se agrego 10
ABM: Se agrego 13
ABM: Se agrego 19
ABM: Se agrego 50
ABM: Se agrego 5
ABM: Se agrego 9
ABM: Se agrego 15
ABM: Se agrego 7
ABM: Se agrego 3
ABM: Se agrego 12
ABM: Se agrego 20
ABM: Se agrego 1
ABM: Se agrego 6
ABM: Se agrego 10
ABM: Se agrego 13
ABM: Se agrego 19
ABM: Se agrego 50
ABM: Se agrego 5
ABM: Se agrego 9
ABM: Se agrego 15
ABM: Se agrego 7
ABM: Se agrego 3
ABM: Se agrego 12
ABM: Se agrego 20
ABM: Se agrego 1
ABM: Se agrego 6
ABM: Se agrego 10
ABM: Se agrego 13
ABM: Se agrego 19
ABM: Se agrego 50
ABM: Se agrego 5
ABM: Se agrego 9
ABM: Se agrego 15
ABM: Se agrego 7
ABM: Se agrego 3
ABM: Se agrego 12
ABM: Se agrego 20
ABM: Se agrego 1
ABM: Se agrego 6
ABM: Se agrego 10
ABM: Se agrego 13
ABM: Se agrego 19
ABM: Se agrego 50
ABM: Se agrego 5
ABM: Se agrego 9
ABM: Se agrego 15
ABM: Se agrego 7
ABM: Se agrego 3
ABM: Se agrego 12
ABM: Se agrego 20
ABM: Se agrego 1
ABM: Se agrego 6
ABM: Se agrego 10
ABM: Se agrego 13
ABM: Se agrego 19
ABM: Se agrego 50
ABM: Se agrego 5
ABM: Se agrego 9
ABM: Se agrego 15
ABM: Se agrego 7
ABM: Se agrego 3
ABM: Se agrego 12
ABM: Se agrego 20
ABM: Se agrego 1
ABM: Se agrego 6
ABM: Se agrego 10
ABM: Se agrego 13
ABM: Se agrego 19
ABM: Se agrego 50
ABM: Se agrego 5
ABM: Se agrego 9
ABM: Se agrego 15
ABM: Se agrego 7
ABM: Se agrego 3
ABM: Se agrego 12
ABM: Se agrego 20
ABM: Se agrego 1
ABM: Se agrego 6
ABM: Se agrego 10
ABM: Se agrego 13
ABM: Se agrego 19
ABM: Se agrego 50
ABM: Se agrego 5
ABM: Se agrego 9
ABM: Se agrego 15
ABM: Se agrego 7
ABM: Se agrego 3
ABM: Se agrego 12
ABM: Se agrego 20
ABM: Se agrego 1
ABM: Se agrego 6
ABM: Se agrego 10
ABM: Se agrego 13
ABM: Se agrego 19
ABM: Se agrego 50
ABM: Se agrego 5
ABM: Se agrego 9
ABM: Se agrego 15
ABM: Se agrego 7
ABM: Se agrego 3
ABM: Se agrego 12
ABM: Se agrego 20
ABM: Se agrego 1
ABM: Se agrego 6
ABM: Se agrego 10
ABM: Se agrego 13
ABM: Se agrego 19
ABM: Se agrego 50
ABM: Se agrego 5
ABM: Se agrego 9
ABM: Se agrego 15
ABM: Se agrego 7
ABM: Se agrego 3
ABM: Se agrego 12
ABM: Se agrego 20
ABM: Se agrego 1
ABM: Se agrego 6
ABM: Se agrego 10
ABM: Se agrego 13
ABM: Se agrego 19
ABM: Se agrego 50
ABM: Se agrego 5
ABM: Se agrego 9
ABM: Se agrego 15
ABM: Se agrego 7
ABM: Se agrego 3
ABM: Se agrego 12
ABM: Se agrego 20
ABM: Se agrego 1
ABM: Se agrego 6
ABM: Se agrego 10
ABM: Se agrego 13
ABM: Se agrego 19
ABM: Se agrego 50
ABM: Se agrego 5
ABM: Se agrego 9
ABM: Se agrego 15
ABM: Se agrego 7
ABM: Se agrego 3
ABM: Se agrego 12
ABM: Se agrego 20
ABM: Se agrego 1
ABM: Se agrego 6
ABM: Se agrego 10
ABM: Se agrego 13
ABM: Se agrego 19
ABM: Se agrego 50
ABM: Se agrego 5
ABM: Se agrego 9
ABM: Se agrego 15
ABM: Se agrego 7
ABM: Se agrego 3
ABM: Se agrego 12
ABM: Se agrego 20
ABM: Se agrego 1
ABM: Se agrego 6
ABM: Se agrego 10
ABM: Se agrego 13
ABM: Se agrego 19
ABM: Se agrego 50
ABM: Se agrego 5
ABM: Se agrego 9
ABM: Se agrego 15
ABM: Se agrego 7
ABM: Se agrego 3
ABM: Se agrego 12
ABM: Se agrego 20
ABM: Se agrego 1
ABM: Se agrego 6
ABM: Se agrego 10
ABM: Se agrego 13
ABM: Se agrego 19
ABM: Se agrego 50
ABM: Se agrego 5
ABM: Se agrego 9
ABM: Se agrego 15
ABM: Se agrego 7
ABM: Se agrego 3
ABM: Se agrego 12
ABM: Se agrego 20
ABM: Se agrego 1
ABM: Se agrego 6
ABM: Se agrego 10
ABM: Se agrego 13
ABM: Se agrego 19
ABM: Se agrego 50
ABM: Se agrego 5
ABM: Se agrego 9
ABM: Se agrego 15
ABM: Se agrego 7
ABM: Se agrego 3
ABM: Se agrego 12
ABM: Se agrego 20
ABM: Se agrego 1
ABM: Se agrego 6
ABM: Se agrego 10
ABM: Se agrego 13
ABM: Se agrego 19
ABM: Se agrego 50
ABM: Se agrego 5
ABM: Se agrego 9
ABM: Se agrego 15
ABM: Se agrego 7
ABM: Se agrego 3
ABM: Se agrego 12
ABM: Se agrego 20
ABM: Se agrego 1
ABM: Se agrego 6
ABM: Se agrego 10
ABM: Se agrego 13
ABM: Se agrego 19
ABM: Se agrego 50
ABM: Se agrego 5
ABM: Se agrego 9
ABM: Se agrego 15
ABM: Se agrego 7
ABM: Se agrego 3
ABM: Se agrego 12
ABM: Se agrego 20
ABM: Se agrego 1
ABM: Se agrego 6
ABM: Se agrego 10
ABM: Se agrego 13
ABM: Se agrego 19
ABM: Se agrego 50
ABM: Se agrego 5
ABM: Se agrego 9
ABM: Se agrego 15
ABM: Se agrego 7
ABM: Se agrego 3
ABM: Se agrego 12
ABM: Se agrego 20
ABM: Se agrego 1
ABM: Se agrego 6
ABM: Se agrego 10
ABM: Se agrego 13
ABM: Se agrego 19
ABM: Se agrego 50
ABM: Se agrego 5
ABM: Se agrego 9
ABM: Se agrego 15
ABM: Se agrego 7
ABM: Se agrego 3
ABM: Se agrego 12
ABM: Se agrego 20
ABM: Se agrego 1
ABM: Se agrego 6
ABM: Se agrego 10
ABM: Se agrego 13
ABM: Se agrego 19
ABM: Se agrego 50
ABM: Se agrego 5
ABM: Se agrego 9
ABM: Se agrego 15
ABM: Se agrego 7
ABM: Se agrego 3
ABM: Se agrego 12
ABM: Se agrego 20
ABM: Se agrego 1
ABM: Se agrego 6
ABM: Se agrego 10
ABM: Se agrego 13
ABM: Se agrego 19
ABM: Se agrego 50
ABM: Se agrego 5
ABM: Se agrego 9
ABM: Se agrego 15
ABM: Se agrego 7
ABM: Se agrego 3
ABM: Se agrego 12
ABM: Se agrego 20
ABM: Se agrego 1
ABM: Se agrego 6
ABM: Se agrego 10
ABM: Se agrego 13
ABM: Se agrego 19
ABM: Se agrego 50
ABM: Se agrego 5
ABM: Se agrego 9
ABM: Se agrego 15
ABM: Se agrego 7
ABM: Se agrego 3
ABM: Se agrego 12
ABM: Se agrego 20
ABM: Se agrego 1
ABM: Se agrego 6
ABM: Se agrego 10
ABM: Se agrego 13
ABM: Se agrego 19
ABM: Se agrego 50
ABM: Se agrego 5
ABM: Se agrego 9
ABM: Se agrego 15
ABM: Se agrego 7
ABM: Se agrego 3
ABM: Se agrego 12
ABM: Se agrego 20
ABM: Se agrego 1
ABM: Se agrego 6
ABM: Se agrego 10
ABM: Se agrego 13
ABM: Se agrego 19
ABM: Se agrego 50
ABM: Se agrego 5
ABM: Se agrego 9
ABM: Se agrego 15
ABM: Se agrego 7
ABM: Se agrego 3
ABM: Se agrego 12
ABM: Se agrego 20
ABM: Se agrego 1
ABM: Se agrego 6
ABM: Se agrego 10
ABM: Se agrego 13
ABM: Se agrego 19
ABM: Se agrego 50
ABM: Se agrego 5
ABM: Se agrego 9
ABM: Se agrego 15
ABM: Se agrego 7
ABM: Se agrego 3
ABM: Se agrego 12
ABM: Se agrego 20
ABM: Se agrego 1
ABM: Se agrego 6
ABM: Se agrego 10
ABM: Se agrego 13
ABM: Se agrego 19
ABM: Se agrego 50
ABM: Se agrego 5
ABM: Se agrego 9
ABM: Se agrego 15
ABM: Se agrego 7
ABM: Se agrego 3
ABM: Se agrego 12
ABM: Se agrego 20
ABM: Se agrego 1
ABM: Se agrego 6
ABM: Se agrego 10
ABM: Se agrego 13
ABM: Se agrego 19
ABM: Se agrego 50
ABM: Se agrego 5
ABM: Se agrego 9
ABM: Se agrego 15
ABM: Se agrego 7
ABM: Se agrego 3
ABM: Se agrego 12
ABM: Se agrego 20
ABM: Se agrego 1
ABM: Se agrego 6
ABM: Se agrego 10
ABM: Se agrego 13
ABM: Se agrego 19
ABM: Se agrego 50
ABM: Se agrego 5
ABM: Se agrego 9
ABM: Se agrego 15
ABM: Se agrego 7
ABM: Se agrego 3
ABM: Se agrego 12
ABM: Se agrego 20
ABM: Se agrego 1
ABM: Se agrego 6
ABM: Se agrego 10
ABM: Se agrego 13
ABM: Se agrego 19
ABM: Se agrego 50
ABM: Se agrego 5
ABM: Se agrego 9
ABM: Se agrego 15
ABM: Se agrego 7
ABM: Se agrego 3
ABM: Se agrego 12
ABM: Se agrego 20
ABM: Se agrego 1
ABM: Se agrego 6
ABM: Se agrego 10
ABM: Se agrego 13
ABM: Se agrego 19
ABM: Se agrego 50
ABM: Se agrego 5
ABM: Se agrego 9
ABM: Se agrego 15
ABM: Se agrego 7
ABM: Se agrego 3
ABM: Se agrego 12
ABM: Se agrego 20
ABM: Se agrego 1
ABM: Se agrego 6
ABM: Se agrego 10
ABM: Se agrego 13
ABM: Se agrego 19
ABM: Se agrego 50
ABM: Se agrego 5
ABM: Se agrego 9
ABM: Se agrego 15
ABM: Se agrego 7
ABM: Se agrego 3
ABM: Se agrego 12
ABM: Se agrego 20
ABM: Se agrego 1
ABM: Se agrego 6
ABM: Se agrego 10
ABM: Se agrego 13
ABM: Se agrego 19
ABM: Se agrego 50
ABM: Se agrego 5
ABM: Se agrego 9
ABM: Se agrego 15
ABM: Se agrego 7
ABM: Se agrego 3
ABM: Se agrego 12
ABM: Se agrego 20
ABM: Se agrego 1
ABM: Se agrego 6
ABM: Se agrego 10
ABM: Se agrego 13
ABM: Se agrego 19
ABM: Se agrego 50
ABM: Se agrego 5
ABM: Se agrego 9
ABM: Se agrego 15
ABM: Se agrego 7
ABM: Se agrego 3
ABM: Se agrego 12
ABM: Se agrego 20
ABM: Se agrego 1
ABM: Se agrego 6
ABM: Se agrego 10
ABM: Se agrego 13
ABM: Se agrego 19
ABM: Se agrego 50
ABM: Se agrego 5
ABM: Se agrego 9
ABM: Se agrego 15
ABM: Se agrego 7
ABM: Se agrego 3
ABM: Se agrego 12
ABM: Se agrego 20
ABM: Se agrego 1
ABM: Se agrego 6
ABM: Se agrego 10
ABM: Se agrego 13
ABM: Se agrego 19
ABM: Se agrego 50
ABM: Se agrego 5
ABM: Se agrego 9
ABM: Se agrego 15
ABM: Se agrego 7
ABM: Se agrego 3
ABM: Se agrego 12
ABM: Se agrego 20
ABM: Se agrego 1
ABM: Se agrego 6
ABM: Se agrego 10
ABM: Se agrego 13
ABM: Se agrego 19
ABM: Se agrego 50
ABM: Se agrego 5
ABM: Se agrego 9
ABM: Se agrego 5
ABM: Se agrego 9
ABM: Se agrego 5
ABM: Se agrego 9
ABM: Se agrego 5
ABM: Se agrego 9
ABM: Se agrego 15
ABM: Se agrego 7
ABM: Se agrego 3
ABM: Se agrego 12
ABM: Se agrego 20
ABM: Se agrego 1
ABM: Se agrego 6
ABM: Se agrego 10
ABM: Se agrego 13
ABM: Se agrego 19
ABM: Se agrego 50
ABM: Se agrego 5
ABM: Se agrego 9
ABM: Se agrego 15
ABM: Se agrego 7
ABM: Se agrego 3
ABM: Se agrego 12
ABM: Se agrego 20
ABM: Se agrego 1
ABM: Se agrego 6
ABM: Se agrego 10
ABM: Se agrego 13
ABM: Se agrego 19
ABM: Se agrego 50
ABM: Se agrego 5
ABM: Se agrego 9
ABM: Se agrego 5
ABM: Se agrego 9
ABM: Se agrego 5
ABM: Se agrego 9
ABM: Se agrego 15
ABM: Se agrego 7
ABM: Se agrego 3
ABM: Se agrego 12
ABM: Se agrego 20
ABM: Se agrego 1
ABM: Se agrego 6
ABM: Se agrego 10
ABM: Se agrego 13
ABM: Se agrego 19
ABM: Se agrego 50
ABM: Se agrego 5
ABM: Se agrego 9
ABM: Se agrego 15
ABM: Se agrego 7
ABM: Se agrego 3
ABM: Se agrego 12
ABM: Se agrego 20
ABM: Se agrego 1
ABM: Se agrego 6
ABM: Se agrego 10
ABM: Se agrego 13
ABM: Se agrego 19
ABM: Se agrego 50
ABM: Se agrego 5
ABM: Se agrego 9
ABM: Se agrego 15
ABM: Se agrego 7
ABM: Se agrego 3
ABM: Se agrego 12
ABM: Se agrego 20
ABM: Se agrego 1
ABM: Se agrego 6
ABM: Se agrego 10
ABM: Se agrego 13
ABM: Se agrego 19
ABM: Se agrego 50
ABM: Se agrego 5
ABM: Se agrego 9
ABM: Se agrego 15
ABM: Se agrego 7
ABM: Se agrego 3
ABM: Se agrego 12
ABM: Se agrego 20
ABM: Se agrego 1
ABM: Se agrego 6
ABM: Se agrego 10
ABM: Se agrego 13
ABM: Se agrego 19
ABM: Se agrego 50
ABM: Se agrego 5
ABM: Se agrego 9
ABM: Se agrego 15
ABM: Se agrego 7
ABM: Se agrego 3
ABM: Se agrego 12
ABM: Se agrego 20
ABM: Se agrego 1
ABM: Se agrego 6
ABM: Se agrego 10
ABM: Se agrego 13
ABM: Se agrego 19
ABM: Se agrego 50
ABM: Se agrego 5
ABM: Se agrego 9
ABM: Se agrego 15
ABM: Se agrego 7
ABM: Se agrego 3
ABM: Se agrego 12
ABM: Se agrego 20
ABM: Se agrego 1
ABM: Se agrego 6
ABM: Se agrego 10
ABM: Se agrego 13
ABM: Se agrego 19
ABM: Se agrego 50
ABM: Se agrego 5
ABM: Se agrego 9
ABM: Se agrego 15
ABM: Se agrego 7
ABM: Se agrego 3
ABM: Se agrego 12
ABM: Se agrego 20
ABM: Se agrego 1
ABM: Se agrego 6
ABM: Se agrego 10
ABM: Se agrego 13
ABM: Se agrego 19
ABM: Se agrego 50
ABM: Se agrego 5
ABM: Se agrego 9
ABM: Se agrego 15
ABM: Se agrego 7
ABM: Se agrego 3
ABM: Se agrego 12
ABM: Se agrego 20
ABM: Se agrego 1
ABM: Se agrego 6
ABM: Se agrego 10
ABM: Se agrego 13
ABM: Se agrego 19
ABM: Se agrego 50
ABM: Se agrego 5
ABM: Se agrego 9
ABM: Se agrego 15
ABM: Se agrego 7
ABM: Se agrego 3
ABM: Se agrego 12
ABM: Se agrego 20
ABM: Se agrego 1
ABM: Se agrego 6
ABM: Se agrego 10
ABM: Se agrego 13
ABM: Se agrego 19
ABM: Se agrego 50
ABM: Se agrego 5
ABM: Se agrego 9
ABM: Se agrego 15
ABM: Se agrego 7
ABM: Se agrego 3
ABM: Se agrego 12
ABM: Se agrego 20
ABM: Se agrego 1
ABM: Se agrego 6
ABM: Se agrego 10
ABM: Se agrego 13
ABM: Se agrego 19
ABM: Se agrego 50
ABM: Se agrego 5
ABM: Se agrego 9
ABM: Se agrego 15
ABM: Se agrego 7
ABM: Se agrego 3
ABM: Se agrego 12
ABM: Se agrego 20
ABM: Se agrego 1
ABM: Se agrego 6
ABM: Se agrego 10
ABM: Se agrego 13
ABM: Se agrego 19
ABM: Se agrego 50
ABM: Se agrego 5
ABM: Se agrego 9
ABM: Se agrego 15
ABM: Se agrego 7
ABM: Se agrego 3
ABM: Se agrego 12
ABM: Se agrego 20
ABM: Se agrego 1
ABM: Se agrego 6
ABM: Se agrego 10
ABM: Se agrego 13
ABM: Se agrego 19
ABM: Se agrego 50
ABM: Se agrego 5
ABM: Se agrego 9
ABM: Se agrego 15
ABM: Se agrego 7
ABM: Se agrego 3
ABM: Se agrego 12
ABM: Se agrego 20
ABM: Se agrego 1
ABM: Se agrego 6
ABM: Se agrego 10
ABM: Se agrego 13
ABM: Se agrego 19
ABM: Se agrego 50
ABM: Se agrego 5
ABM: Se agrego 9
ABM: Se agrego 15
ABM: Se agrego 7
ABM: Se agrego 3
ABM: Se agrego 12
ABM: Se agrego 20
ABM: Se agrego 1
ABM: Se agrego 6
ABM: Se agrego 10
ABM: Se agrego 13
ABM: Se agrego 19
ABM: Se agrego 50
ABM: Se agrego 5
ABM: Se agrego 9
ABM: Se agrego 15
ABM: Se agrego 7
ABM: Se agrego 3
ABM: Se agrego 12
ABM: Se agrego 20
ABM: Se agrego 1
ABM: Se agrego 6
ABM: Se agrego 10
ABM: Se agrego 13
ABM: Se agrego 19
ABM: Se agrego 50
ABM: Se agrego 5
ABM: Se agrego 9
ABM: Se agrego 15
ABM: Se agrego 7
ABM: Se agrego 3
ABM: Se agrego 12
ABM: Se agrego 20
ABM: Se agrego 1
ABM: Se agrego 6
ABM: Se agrego 10
ABM: Se agrego 13
ABM: Se agrego 19
ABM: Se agrego 50
ABM: Se agrego 5
ABM: Se agrego 9
ABM: Se agrego 15
ABM: Se agrego 7
ABM: Se agrego 3
ABM: Se agrego 12
ABM: Se agrego 20
ABM: Se agrego 1
ABM: Se agrego 6
ABM: Se agrego 10
ABM: Se agrego 13
ABM: Se agrego 19
ABM: Se agrego 50
ABM: Se agrego 5
ABM: Se agrego 9
ABM: Se agrego 15
ABM: Se agrego 7
ABM: Se agrego 3
ABM: Se agrego 12
ABM: Se agrego 20
ABM: Se agrego 1
ABM: Se agrego 6
ABM: Se agrego 10
ABM: Se agrego 13
ABM: Se agrego 19
ABM: Se agrego 50
ABM: Se agrego 5
ABM: Se agrego 9
ABM: Se agrego 15
ABM: Se agrego 7
ABM: Se agrego 3
ABM: Se agrego 12
ABM: Se agrego 20
ABM: Se agrego 1
ABM: Se agrego 6
ABM: Se agrego 10
ABM: Se agrego 13
ABM: Se agrego 19
ABM: Se agrego 50
ABM: Se agrego 5
ABM: Se agrego 9
ABM: Se agrego 15
ABM: Se agrego 7
ABM: Se agrego 3
ABM: Se agrego 12
ABM: Se agrego 20
ABM: Se agrego 1
ABM: Se agrego 6
ABM: Se agrego 10
ABM: Se agrego 13
ABM: Se agrego 19
ABM: Se agrego 50
ABM: Se agrego 5
ABM: Se agrego 9
ABM: Se agrego 15
ABM: Se agrego 7
ABM: Se agrego 3
ABM: Se agrego 12
ABM: Se agrego 20
ABM: Se agrego 1
ABM: Se agrego 6
ABM: Se agrego 10
ABM: Se agrego 13
ABM: Se agrego 19
ABM: Se agrego 50
ABM: Se agrego 5
ABM: Se agrego 9
ABM: Se agrego 15
ABM: Se agrego 7
ABM: Se agrego 3
ABM: Se agrego 12
ABM: Se agrego 20
ABM: Se agrego 1
ABM: Se agrego 6
ABM: Se agrego 10
ABM: Se agrego 13
ABM: Se agrego 19
ABM: Se agrego 50
ABM: Se agrego 5
ABM: Se agrego 9
ABM: Se agrego 15
ABM: Se agrego 7
ABM: Se agrego 3
ABM: Se agrego 12
ABM: Se agrego 20
ABM: Se agrego 1
ABM: Se agrego 6
ABM: Se agrego 10
ABM: Se agrego 13
ABM: Se agrego 19
ABM: Se agrego 50
ABM: Se agrego 5
ABM: Se agrego 9
ABM: Se agrego 15
ABM: Se agrego 7
ABM: Se agrego 3
ABM: Se agrego 12
ABM: Se agrego 20
ABM: Se agrego 1
ABM: Se agrego 6
ABM: Se agrego 10
ABM: Se agrego 13
ABM: Se agrego 19
ABM: Se agrego 50
ABM: Se agrego 5
ABM: Se agrego 9
ABM: Se agrego 15
ABM: Se agrego 7
ABM: Se agrego 3
ABM: Se agrego 12
ABM: Se agrego 20
ABM: Se agrego 1
ABM: Se agrego 6
ABM: Se agrego 10
ABM: Se agrego 13
ABM: Se agrego 19
ABM: Se agrego 50
ABM: Se agrego 5
ABM: Se agrego 9
ABM: Se agrego 15
ABM: Se agrego 7
ABM: Se agrego 3
ABM: Se agrego 12
ABM: Se agrego 20
ABM: Se agrego 1
ABM: Se agrego 6
ABM: Se agrego 10
ABM: Se agrego 13
ABM: Se agrego 19
ABM: Se agrego 50
ABM: Se agrego 5
ABM: Se agrego 9
ABM: Se agrego 15
ABM: Se agrego 7
ABM: Se agrego 3
ABM: Se agrego 12
ABM: Se agrego 20
ABM: Se agrego 1
ABM: Se agrego 6
ABM: Se agrego 10
ABM: Se agrego 13
ABM: Se agrego 19
ABM: Se agrego 50
ABM: Se agrego 5
ABM: Se agrego 9
ABM: Se agrego 15
ABM: Se agrego 7
ABM: Se agrego 3
ABM: Se agrego 12
ABM: Se agrego 20
ABM: Se agrego 1
ABM: Se agrego 6
ABM: Se agrego 10
ABM: Se agrego 13
ABM: Se agrego 19
ABM: Se agrego 50
ABM: Se agrego 5
ABM: Se agrego 9
ABM: Se agrego 15
ABM: Se agrego 7
ABM: Se agrego 3
ABM: Se agrego 12
ABM: Se agrego 20
ABM: Se agrego 1
ABM: Se agrego 6
ABM: Se agrego 10
ABM: Se agrego 13
ABM: Se agrego 19
ABM: Se agrego 50
ABM: Se agrego 5
ABM: Se agrego 9
ABM: Se agrego 15
ABM: Se agrego 7
ABM: Se agrego 3
ABM: Se agrego 12
ABM: Se agrego 20
ABM: Se agrego 1
ABM: Se agrego 6
ABM: Se agrego 10
ABM: Se agrego 13
ABM: Se agrego 19
ABM: Se agrego 50
ABM: Se agrego 5
ABM: Se agrego 9
ABM: Se agrego 15
ABM: Se agrego 7
ABM: Se agrego 3
ABM: Se agrego 12
ABM: Se agrego 20
ABM: Se agrego 1
ABM: Se agrego 6
ABM: Se agrego 10
ABM: Se agrego 13
ABM: Se agrego 19
ABM: Se agrego 50
ABM: Se agrego 5
ABM: Se agrego 9
ABM: Se agrego 15
ABM: Se agrego 7
ABM: Se agrego 3
ABM: Se agrego 12
ABM: Se agrego 20
ABM: Se agrego 1
ABM: Se agrego 6
ABM: Se agrego 10
ABM: Se agrego 13
ABM: Se agrego 19
ABM: Se agrego 50
ABM: Se agrego 5
ABM: Se agrego 9
ABM: Se agrego 15
ABM: Se agrego 7
ABM: Se agrego 3
ABM: Se agrego 12
ABM: Se agrego 20
ABM: Se agrego 1
ABM: Se agrego 6
ABM: Se agrego 10
ABM: Se agrego 13
ABM: Se agrego 19
ABM: Se agrego 50
ABM: Se agrego 5
ABM: Se agrego 9
ABM: Se agrego 15
ABM: Se agrego 7
ABM: Se agrego 3
ABM: Se agrego 12
ABM: Se agrego 20
ABM: Se agrego 1
ABM: Se agrego 6
ABM: Se agrego 10
ABM: Se agrego 13
ABM: Se agrego 19
ABM: Se agrego 50
ABM: Se agrego 5
ABM: Se agrego 9
ABM: Se agrego 15
ABM: Se agrego 7
ABM: Se agrego 3
ABM: Se agrego 12
ABM: Se agrego 20
ABM: Se agrego 1
ABM: Se agrego 6
ABM: Se agrego 10
ABM: Se agrego 13
ABM: Se agrego 19
ABM: Se agrego 50
ABM: Se agrego 5
ABM: Se agrego 9
ABM: Se agrego 15
ABM: Se agrego 7
ABM: Se agrego 3
ABM: Se agrego 12
ABM: Se agrego 20
ABM: Se agrego 1
ABM: Se agrego 6
ABM: Se agrego 10
ABM: Se agrego 13
ABM: Se agrego 19
ABM: Se agrego 50
ABM: Se agrego 5
ABM: Se agrego 9
ABM: Se agrego 15
ABM: Se agrego 7
ABM: Se agrego 3
ABM: Se agrego 12
ABM: Se agrego 20
ABM: Se agrego 1
ABM: Se agrego 6
ABM: Se agrego 10
ABM: Se agrego 13
ABM: Se agrego 19
ABM: Se agrego 50
ABM: Se agrego 5
ABM: Se agrego 9
ABM: Se agrego 15
ABM: Se agrego 7
ABM: Se agrego 3
ABM: Se agrego 12
ABM: Se agrego 20
ABM: Se agrego 1
ABM: Se agrego 6
ABM: Se agrego 10
ABM: Se agrego 13
ABM: Se agrego 19
ABM: Se agrego 50
ABM: Se agrego 5
ABM: Se agrego 9
ABM: Se agrego 15
ABM: Se agrego 7
ABM: Se agrego 3
ABM: Se agrego 12
ABM: Se agrego 20
ABM: Se agrego 1
ABM: Se agrego 6
ABM: Se agrego 10
ABM: Se agrego 13
ABM: Se agrego 19
ABM: Se agrego 50
ABM: Se agrego 5
ABM: Se agrego 9
ABM: Se agrego 15
ABM: Se agrego 7
ABM: Se agrego 3
ABM: Se agrego 12
ABM: Se agrego 20
ABM: Se agrego 1
ABM: Se agrego 6
ABM: Se agrego 10
ABM: Se agrego 13
ABM: Se agrego 19
ABM: Se agrego 50
ABM: Se agrego 5
ABM: Se agrego 9
ABM: Se agrego 15
ABM: Se agrego 7
ABM: Se agrego 3
ABM: Se agrego 12
ABM: Se agrego 20
ABM: Se agrego 1
ABM: Se agrego 6
ABM: Se agrego 10
ABM: Se agrego 13
ABM: Se agrego 19
ABM: Se agrego 50
ABM: Se agrego 5
ABM: Se agrego 9
ABM: Se agrego 15
ABM: Se agrego 7
ABM: Se agrego 3
ABM: Se agrego 12
ABM: Se agrego 20
ABM: Se agrego 1
ABM: Se agrego 6
ABM: Se agrego 10
ABM: Se agrego 13
ABM: Se agrego 19
ABM: Se agrego 50
ABM: Se agrego 5
ABM: Se agrego 9
ABM: Se agrego 15
ABM: Se agrego 7
ABM: Se agrego 3
ABM: Se agrego 12
ABM: Se agrego 20
ABM: Se agrego 1
ABM: Se agrego 6
ABM: Se agrego 10
ABM: Se agrego 13
ABM: Se agrego 19
ABM: Se agrego 50
ABM: Se agrego 5
ABM: Se agrego 9
ABM: Se agrego 15
ABM: Se agrego 7
ABM: Se agrego 3
ABM: Se agrego 12
ABM: Se agrego 20
ABM: Se agrego 1
ABM: Se agrego 6
ABM: Se agrego 10
ABM: Se agrego 13
ABM: Se agrego 19
ABM: Se agrego 50
ABM: Se agrego 5
ABM: Se agrego 9
ABM: Se agrego 15
ABM: Se agrego 7
ABM: Se agrego 3
ABM: Se agrego 12
ABM: Se agrego 20
ABM: Se agrego 1
ABM: Se agrego 6
ABM: Se agrego 10
ABM: Se agrego 13
ABM: Se agrego 19
ABM: Se agrego 50
ABM: Se agrego 5
ABM: Se agrego 9
ABM: Se agrego 15
ABM: Se agrego 7
ABM: Se agrego 3
ABM: Se agrego 12
ABM: Se agrego 20
ABM: Se agrego 1
ABM: Se agrego 6
ABM: Se agrego 10
ABM: Se agrego 13
ABM: Se agrego 19
ABM: Se agrego 50
ABM: Se agrego 5
ABM: Se agrego 9
ABM: Se agrego 15
ABM: Se agrego 7
ABM: Se agrego 3
ABM: Se agrego 12
ABM: Se agrego 20
ABM: Se agrego 1
ABM: Se agrego 6
ABM: Se agrego 10
ABM: Se agrego 13
ABM: Se agrego 19
ABM: Se agrego 50
ABM: Se agrego 5
ABM: Se agrego 9
ABM: Se agrego 15
ABM: Se agrego 7
ABM: Se agrego 3
ABM: Se agrego 12
ABM: Se agrego 20
ABM: Se agrego 1
ABM: Se agrego 6
ABM: Se agrego 10
ABM: Se agrego 13
ABM: Se agrego 19
ABM: Se agrego 50
ABM: Se agrego 5
ABM: Se agrego 9
ABM: Se agrego 15
ABM: Se agrego 7
ABM: Se agrego 3
ABM: Se agrego 12
ABM: Se agrego 20
ABM: Se agrego 1
ABM: Se agrego 6
ABM: Se agrego 10
ABM: Se agrego 13
ABM: Se agrego 19
ABM: Se agrego 50
ABM: Se agrego 5
ABM: Se agrego 9
ABM: Se agrego 15
ABM: Se agrego 7
ABM: Se agrego 3
ABM: Se agrego 12
ABM: Se agrego 20
ABM: Se agrego 1
ABM: Se agrego 6
ABM: Se agrego 10
ABM: Se agrego 13
ABM: Se agrego 19
ABM: Se agrego 50
ABM: Se agrego 5
ABM: Se agrego 9
ABM: Se agrego 15
ABM: Se agrego 7
ABM: Se agrego 3
ABM: Se agrego 12
ABM: Se agrego 20
ABM: Se agrego 1
ABM: Se agrego 6
ABM: Se agrego 10
ABM: Se agrego 13
ABM: Se agrego 19
ABM: Se agrego 50
ABM: Se agrego 5
ABM: Se agrego 9
ABM: Se agrego 15
ABM: Se agrego 7
ABM: Se agrego 3
ABM: Se agrego 12
ABM: Se agrego 20
ABM: Se agrego 1
ABM: Se agrego 6
ABM: Se agrego 10
ABM: Se agrego 13
ABM: Se agrego 19
ABM: Se agrego 50
ABM: Se agrego 5
ABM: Se agrego 9
ABM: Se agrego 15
ABM: Se agrego 7
ABM: Se agrego 3
ABM: Se agrego 12
ABM: Se agrego 20
ABM: Se agrego 1
ABM: Se agrego 6
ABM: Se agrego 10
ABM: Se agrego 13
ABM: Se agrego 19
ABM: Se agrego 50
ABM: Se agrego 5
ABM: Se agrego 9
ABM: Se agrego 15
ABM: Se agrego 7
ABM: Se agrego 3
ABM: Se agrego 12
ABM: Se agrego 20
ABM: Se agrego 1
ABM: Se agrego 6
ABM: Se agrego 10
ABM: Se agrego 13
ABM: Se agrego 19
ABM: Se agrego 50
ABM: Se agrego 5
ABM: Se agrego 9
ABM: Se agrego 15
ABM: Se agrego 7
ABM: Se agrego 3
ABM: Se agrego 12
ABM: Se agrego 20
ABM: Se agrego 1
ABM: Se agrego 6
ABM: Se agrego 10
ABM: Se agrego 13
ABM: Se agrego 19
ABM: Se agrego 50
ABM: Se agrego 5
ABM: Se agrego 9
ABM: Se agrego 15
ABM: Se agrego 7
ABM: Se agrego 3
ABM: Se agrego 12
ABM: Se agrego 20
ABM: Se agrego 1
ABM: Se agrego 6
ABM: Se agrego 10
ABM: Se agrego 13
ABM: Se agrego 19
ABM: Se agrego 50
ABM: Se agrego 5
ABM: Se agrego 9
ABM: Se agrego 15
ABM: Se agrego 7
ABM: Se agrego 3
ABM: Se agrego 12
ABM: Se agrego 20
ABM: Se agrego 1
ABM: Se agrego 6
ABM: Se agrego 10
ABM: Se agrego 13
ABM: Se agrego 19
ABM: Se agrego 50
ABM: Se agrego 5
ABM: Se agrego 9
ABM: Se agrego 15
ABM: Se agrego 7
ABM: Se agrego 3
ABM: Se agrego 12
ABM: Se agrego 20
ABM: Se agrego 1
ABM: Se agrego 6
ABM: Se agrego 10
ABM: Se agrego 13
ABM: Se agrego 19
ABM: Se agrego 50
ABM: Se agrego 5
ABM: Se agrego 9
ABM: Se agrego 15
ABM: Se agrego 7
ABM: Se agrego 3
ABM: Se agrego 12
ABM: Se agrego 20
ABM: Se agrego 1
ABM: Se agrego 6
ABM: Se agrego 10
ABM: Se agrego 13
ABM: Se agrego 19
ABM: Se agrego 50
ABM: Se agrego 5
ABM: Se agrego 9
ABM: Se agrego 15
ABM: Se agrego 7
ABM: Se agrego 3
ABM: Se agrego 12
ABM: Se agrego 20
ABM: Se agrego 1
ABM: Se agrego 6
ABM: Se agrego 10
ABM: Se agrego 13
ABM: Se agrego 19
ABM: Se agrego 50
ABM: Se agrego 5
ABM: Se agrego 9
ABM: Se agrego 15
ABM: Se agrego 7
ABM: Se agrego 3
ABM: Se agrego 12
ABM: Se agrego 20
ABM: Se agrego 1
ABM: Se agrego 6
ABM: Se agrego 10
ABM: Se agrego 13
ABM: Se agrego 19
ABM: Se agrego 50
ABM: Se agrego 5
ABM: Se agrego 9
ABM: Se agrego 15
ABM: Se agrego 7
ABM: Se agrego 3
ABM: Se agrego 12
ABM: Se agrego 20
ABM: Se agrego 1
ABM: Se agrego 6
ABM: Se agrego 10
ABM: Se agrego 13
ABM: Se agrego 19
ABM: Se agrego 50
ABM: Se agrego 5
ABM: Se agrego 9
ABM: Se agrego 15
ABM: Se agrego 7
ABM: Se agrego 3
ABM: Se agrego 12
ABM: Se agrego 20
ABM: Se agrego 1
ABM: Se agrego 6
ABM: Se agrego 10
ABM: Se agrego 13
ABM: Se agrego 19
ABM: Se agrego 50
ABM: Se agrego 5
ABM: Se agrego 9
ABM: Se agrego 15
ABM: Se agrego 7
ABM: Se agrego 3
ABM: Se agrego 12
ABM: Se agrego 20
ABM: Se agrego 1
ABM: Se agrego 6
ABM: Se agrego 10
ABM: Se agrego 13
ABM: Se agrego 19
ABM: Se agrego 50
ABM: Se agrego 5
ABM: Se agrego 9
ABM: Se agrego 15
ABM: Se agrego 7
ABM: Se agrego 3
ABM: Se agrego 12
ABM: Se agrego 20
ABM: Se agrego 1
ABM: Se agrego 6
ABM: Se agrego 10
ABM: Se agrego 13
ABM: Se agrego 19
ABM: Se agrego 50
ABM: Se agrego 5
ABM: Se agrego 9
ABM: Se agrego 15
ABM: Se agrego 7
ABM: Se agrego 3
ABM: Se agrego 12
ABM: Se agrego 20
ABM: Se agrego 1
ABM: Se agrego 6
ABM: Se agrego 10
ABM: Se agrego 13
ABM: Se agrego 19
ABM: Se agrego 50
ABM: Se agrego 5
ABM: Se agrego 9
ABM: Se agrego 15
ABM: Se agrego 7
ABM: Se agrego 3
ABM: Se agrego 12
ABM: Se agrego 20
ABM: Se agrego 1
ABM: Se agrego 6
ABM: Se agrego 10
ABM: Se agrego 13
ABM: Se agrego 19
ABM: Se agrego 50
ABM: Se agrego 5
ABM: Se agrego 9
ABM: Se agrego 15
ABM: Se agrego 7
ABM: Se agrego 3
ABM: Se agrego 12
ABM: Se agrego 20
ABM: Se agrego 1
ABM: Se agrego 6
ABM: Se agrego 10
ABM: Se agrego 13
ABM: Se agrego 19
ABM: Se agrego 50
ABM: Se agrego 5
ABM: Se agrego 9
ABM: Se agrego 15
ABM: Se agrego 7
ABM: Se agrego 3
ABM: Se agrego 12
ABM: Se agrego 20
ABM: Se agrego 1
ABM: Se agrego 6
ABM: Se agrego 10
ABM: Se agrego 13
ABM: Se agrego 19
ABM: Se agrego 50
ABM: Se agrego 5
ABM: Se agrego 9
ABM: Se agrego 15
ABM: Se agrego 7
ABM: Se agrego 3
ABM: Se agrego 12
ABM: Se agrego 20
ABM: Se agrego 1
ABM: Se agrego 6
ABM: Se agrego 10
ABM: Se agrego 13
ABM: Se agrego 19
ABM: Se agrego 50
ABM: Se agrego 5
ABM: Se agrego 9
ABM: Se agrego 15
ABM: Se agrego 7
ABM: Se agrego 3
ABM: Se agrego 12
ABM: Se agrego 20
ABM: Se agrego 1
ABM: Se agrego 6
ABM: Se agrego 10
ABM: Se agrego 13
ABM: Se agrego 19
ABM: Se agrego 50
ABM: Se agrego 5
ABM: Se agrego 9
ABM: Se agrego 15
ABM: Se agrego 7
ABM: Se agrego 3
ABM: Se agrego 12
ABM: Se agrego 20
ABM: Se agrego 1
ABM: Se agrego 6
ABM: Se agrego 10
ABM: Se agrego 13
ABM: Se agrego 19
ABM: Se agrego 50
ABM: Se agrego 5
ABM: Se agrego 9
ABM: Se agrego 15
ABM: Se agrego 7
ABM: Se agrego 3
ABM: Se agrego 12
ABM: Se agrego 20
ABM: Se agrego 1
ABM: Se agrego 6
ABM: Se agrego 10
ABM: Se agrego 13
ABM: Se agrego 19
ABM: Se agrego 50
ABM: Se agrego 5
ABM: Se agrego 9
ABM: Se agrego 15
ABM: Se agrego 7
ABM: Se agrego 3
ABM: Se agrego 12
ABM: Se agrego 20
ABM: Se agrego 1
ABM: Se agrego 6
ABM: Se agrego 10
ABM: Se agrego 13
ABM: Se agrego 19
ABM: Se agrego 50
ABM: Se agrego 5
ABM: Se agrego 9
ABM: Se agrego 15
ABM: Se agrego 7
ABM: Se agrego 3
ABM: Se agrego 12
ABM: Se agrego 20
ABM: Se agrego 1
ABM: Se agrego 6
ABM: Se agrego 10
ABM: Se agrego 13
ABM: Se agrego 19
ABM: Se agrego 50
ABM: Se agrego 5
ABM: Se agrego 9
ABM: Se agrego 15
ABM: Se agrego 7
ABM: Se agrego 3
ABM: Se agrego 12
ABM: Se agrego 20
ABM: Se agrego 1
ABM: Se agrego 6
ABM: Se agrego 10
ABM: Se agrego 13
ABM: Se agrego 19
ABM: Se agrego 50
ABM: Se agrego 5
ABM: Se agrego 9
ABM: Se agrego 15
ABM: Se agrego 7
ABM: Se agrego 3
ABM: Se agrego 12
ABM: Se agrego 20
ABM: Se agrego 1
ABM: Se agrego 6
ABM: Se agrego 10
ABM: Se agrego 13
ABM: Se agrego 19
ABM: Se agrego 50
ABM: Se agrego 5
ABM: Se agrego 9
ABM: Se agrego 15
ABM: Se agrego 7
ABM: Se agrego 3
ABM: Se agrego 12
ABM: Se agrego 20
ABM: Se agrego 1
ABM: Se agrego 6
ABM: Se agrego 10
ABM: Se agrego 13
ABM: Se agrego 19
ABM: Se agrego 50
ABM: Se agrego 5
ABM: Se agrego 9
ABM: Se agrego 15
ABM: Se agrego 7
ABM: Se agrego 3
ABM: Se agrego 12
ABM: Se agrego 20
ABM: Se agrego 1
ABM: Se agrego 6
ABM: Se agrego 10
ABM: Se agrego 13
ABM: Se agrego 19
ABM: Se agrego 50
ABM: Se agrego 5
ABM: Se agrego 9
ABM: Se agrego 15
ABM: Se agrego 7
ABM: Se agrego 3
ABM: Se agrego 12
ABM: Se agrego 20
ABM: Se agrego 1
ABM: Se agrego 6
ABM: Se agrego 10
ABM: Se agrego 13
ABM: Se agrego 19
ABM: Se agrego 50
ABM: Se agrego 5
ABM: Se agrego 9
ABM: Se agrego 15
ABM: Se agrego 7
ABM: Se agrego 3
ABM: Se agrego 12
ABM: Se agrego 20
ABM: Se agrego 1
ABM: Se agrego 6
ABM: Se agrego 10
ABM: Se agrego 13
ABM: Se agrego 19
ABM: Se agrego 50
ABM: Se agrego 5
ABM: Se agrego 9
ABM: Se agrego 15
ABM: Se agrego 7
ABM: Se agrego 3
ABM: Se agrego 12
ABM: Se agrego 20
ABM: Se agrego 1
ABM: Se agrego 6
ABM: Se agrego 10
ABM: Se agrego 13
ABM: Se agrego 19
ABM: Se agrego 50
ABM: Se agrego 5
ABM: Se agrego 9
ABM: Se agrego 15
ABM: Se agrego 7
ABM: Se agrego 3
ABM: Se agrego 12
ABM: Se agrego 20
ABM: Se agrego 1
ABM: Se agrego 6
ABM: Se agrego 10
ABM: Se agrego 13
ABM: Se agrego 19
ABM: Se agrego 50
ABM: Se agrego 5
ABM: Se agrego 9
ABM: Se agrego 15
ABM: Se agrego 7
ABM: Se agrego 3
ABM: Se agrego 12
ABM: Se agrego 20
ABM: Se agrego 1
ABM: Se agrego 6
ABM: Se agrego 10
ABM: Se agrego 13
ABM: Se agrego 19
ABM: Se agrego 50
ABM: Se agrego 5
ABM: Se agrego 9
ABM: Se agrego 15
ABM: Se agrego 7
ABM: Se agrego 3
ABM: Se agrego 12
ABM: Se agrego 20
ABM: Se agrego 1
ABM: Se agrego 6
ABM: Se agrego 10
ABM: Se agrego 13
ABM: Se agrego 19
ABM: Se agrego 50
ABM: Se creó la estación Tandil
ABM: Se agrego Tandil (Tandil) - Av. España 745 CP:7000 | vías: 4, plataformas: 2
Se agrego la estacion 1
ABM: Se creó la estación Retiro
ABM: Se agrego Retiro (CABA) - Av. Dr. Jose Maria Ramos Mejia 1430 CP:C1104 | vías: 9, plataformas: 6
Se agrego la estacion 2
ABM: Se creó la estación Constitucion
ABM: Se agrego Constitucion (CABA) - Av. Brasil 1128 CP:C1154 | vías: 14, plataformas: 8
Se agrego la estacion 3
ABM: Se creó la estación Canuelas
ABM: Se agrego Canuelas (Canuelas) - Libertad 150 CP:1814 | vías: 3, plataformas: 2
Se agrego la estacion 4
ABM: Se creó la estación Las Flores
ABM: Se agrego Las Flores (Las Flores) - Av. Rivadavia 400 CP:7200 | vías: 2, plataformas: 2
Se agrego la estacion 5
ABM: Se creó la estación Neuquen
ABM: Se agrego Neuquen (capital) - Av. Brasil 1128 CP:C1154 | vías: 14, plataformas: 8
Se agrego la estacion 6
ABM: Se creó la estación Bariloche
ABM: Se agrego Bariloche (Rio negro) - Libertad 150 CP:1814 | vías: 3, plataformas: 2
Se agrego la estacion 7
ABM: Se creó la estación Tierra del fuego
ABM: Se agrego Tierra del fuego (tierra) - Av. Rivadavia 400 CP:7200 | vías: 2, plataformas: 2
Se agrego la estacion 8
ABM: Se creó la estación La Plata
ABM: Se agrego La Plata (Buenos Aires) - Calle 1 100 CP:1900 | vías: 5, plataformas: 4
Se agrego la estacion 9
ABM: Se creó la estación Mar del Plata
ABM: Se agrego Mar del Plata (Buenos Aires) - Av. Luro 200 CP:7600 | vías: 4, plataformas: 3
Se agrego la estacion 10
ABM: Se creó la estación Rosario
ABM: Se agrego Rosario (Santa Fe) - Aristobulo 300 CP:2000 | vías: 6, plataformas: 4
Se agrego la estacion 11
ABM: Se creó la estación Cordoba
ABM: Se agrego Cordoba (Cordoba) - Peron 400 CP:5000 | vías: 5, plataformas: 3
Se agrego la estacion 12
ABM: Se creó la estación Mendoza
ABM: Se agrego Mendoza (Mendoza) - Las Heras 500 CP:5500 | vías: 3, plataformas: 2
Se agrego la estacion 13
ABM: Se creó la estación Tucuman
ABM: Se agrego Tucuman (Tucuman) - Corrientes 600 CP:4000 | vías: 3, plataformas: 2
Se agrego la estacion 14
ABM: Se creó la estación Salta
ABM: Se agrego Salta (Salta) - Balcarce 700 CP:4400 | vías: 2, plataformas: 2
Se agrego la estacion 15
ABM: Se creó la estación San Juan
ABM: Se agrego San Juan (San Juan) - España 800 CP:5400 | vías: 2, plataformas: 2
Se agrego la estacion 16
ABM: Se creó la estación San Luis
ABM: Se agrego San Luis (San Luis) - Illia 900 CP:5700 | vías: 2, plataformas: 2
Se agrego la estacion 17
ABM: Se creó la estación Santa Rosa
ABM: Se agrego Santa Rosa (La Pampa) - Luro 1000 CP:6300 | vías: 2, plataformas: 2
Se agrego la estacion 18
ABM: Se creó la estación Viedma
ABM: Se agrego Viedma (Rio Negro) - Roca 1100 CP:8500 | vías: 2, plataformas: 2
Se agrego la estacion 19
ABM: Se creó la estación Rawson
ABM: Se agrego Rawson (Chubut) - Fontana 1200 CP:9103 | vías: 2, plataformas: 2
Se agrego la estacion 20
ABM: Se creó el tramo de riel entre 2 y 1
ABM: Se creó el tramo de riel entre 3 y 4
ABM: Se creó el tramo de riel entre 4 y 5
ABM: Se creó el tramo de riel entre 5 y 1
ABM: Se creó el tramo de riel entre 5 y 6
ABM: Se creó el tramo de riel entre 5 y 7
ABM: Se creó el tramo de riel entre 5 y 8
ABM: Se creó el tramo de riel entre 3 y 8
ABM: Se creó el tramo de riel entre 4 y 2
ABM: Se creó el tramo de riel entre 3 y 2
ABM: Se creó el tramo de riel entre 2 y 9
ABM: Se creó el tramo de riel entre 9 y 10
ABM: Se creó el tramo de riel entre 3 y 10
ABM: Se creó el tramo de riel entre 2 y 11
ABM: Se creó el tramo de riel entre 11 y 12
ABM: Se creó el tramo de riel entre 12 y 13
ABM: Se creó el tramo de riel entre 13 y 16
ABM: Se creó el tramo de riel entre 16 y 17
ABM: Se creó el tramo de riel entre 17 y 12
ABM: Se creó el tramo de riel entre 12 y 14
ABM: Se creó el tramo de riel entre 14 y 15
ABM: Se creó el tramo de riel entre 6 y 18
ABM: Se creó el tramo de riel entre 18 y 4
ABM: Se creó el tramo de riel entre 7 y 19
ABM: Se creó el tramo de riel entre 19 y 20
ABM: Se creó el tramo de riel entre 20 y 8
ABM: Se creó el tramo de riel entre 11 y 14
ABM: Se creó el tramo de riel entre 13 y 6
ABM: Se creó el tramo de riel entre 9 y 5
ABM: Se creó el tramo de riel entre 1 y 10
ABM: Se creó el tramo de riel entre 3 y 9
ABM: Se agrego Tren  [diesel] pas:6 carga:0 linea:Mitre
ABM: Se agrego Tren  [gasolina] pas:0 carga:0 linea:no-asignado
ABM: Se agrego Tren  [diesel] pas:8 carga:0 linea:Roca-Tandil
ABM: Se agrego Tren  [electrico] pas:8 carga:0 linea:San Martin
ABM: Se agrego Tren  [diesel] pas:5 carga:0 linea:Belgrano Norte
ABM: Se agrego Tren  [gasolina] pas:4 carga:0 linea:Mitre
ABM: Se agrego Tren  [electrico] pas:7 carga:0 linea:Roca-Tandil
ABM: Se agrego Tren  [diesel] pas:6 carga:0 linea:San Martin
ABM: Se agrego Tren  [electrico] pas:9 carga:0 linea:Belgrano Norte
ABM: Se agrego Tren  [diesel] pas:5 carga:0 linea:Mitre
ABM: Se agrego Tren  [gasolina] pas:3 carga:0 linea:no-asignado
ABM: Se agrego Tren  [electrico] pas:10 carga:0 linea:San Martin
ABM: Se agrego Tren  [diesel] pas:7 carga:0 linea:Roca-Tandil
ABM: Se agrego Tren  [diesel] pas:6 carga:0 linea:Belgrano Norte
ABM: Se agrego Tren  [electrico] pas:8 carga:0 linea:Mitre
ABM: Se agrego Tren  [gasolina] pas:4 carga:0 linea:no-asignado
ABM: Se agrego Tren  [diesel] pas:5 carga:0 linea:San Martin
ABM: Se agrego Tren  [electrico] pas:9 carga:0 linea:Roca-Tandil
ABM: Se agrego Tren  [diesel] pas:6 carga:0 linea:Belgrano Norte
ABM: Se agrego Tren  [electrico] pas:7 carga:0 linea:San Martin

=== ESTADO DEL SISTEMA POST-CARGA INICIAL ===
eed.tp.TrenesSaControlador@3feba861
==============================================

ABM: Se creó la estación Tandil
ABM: Se agrego Tandil (Tandil) - Av. España 745 CP:7000 | vías: 4, plataformas: 2
Se agrego la estacion 1
ABM: Se creó la estación Retiro
ABM: Se agrego Retiro (CABA) - Av. Dr. Jose Maria Ramos Mejia 1430 CP:C1104 | vías: 9, plataformas: 6
Se agrego la estacion 2
ABM: Se creó la estación Constitucion
ABM: Se agrego Constitucion (CABA) - Av. Brasil 1128 CP:C1154 | vías: 14, plataformas: 8
Se agrego la estacion 3
ABM: Se creó la estación Canuelas
ABM: Se agrego Canuelas (Canuelas) - Libertad 150 CP:1814 | vías: 3, plataformas: 2
Se agrego la estacion 4
ABM: Se creó la estación Las Flores
ABM: Se agrego Las Flores (Las Flores) - Av. Rivadavia 400 CP:7200 | vías: 2, plataformas: 2
Se agrego la estacion 5
ABM: Se creó la estación Neuquen
ABM: Se agrego Neuquen (capital) - Av. Brasil 1128 CP:C1154 | vías: 14, plataformas: 8
Se agrego la estacion 6
ABM: Se creó la estación Bariloche
ABM: Se agrego Bariloche (Rio negro) - Libertad 150 CP:1814 | vías: 3, plataformas: 2
Se agrego la estacion 7
ABM: Se creó la estación Tierra del fuego
ABM: Se agrego Tierra del fuego (tierra) - Av. Rivadavia 400 CP:7200 | vías: 2, plataformas: 2
Se agrego la estacion 8
ABM: Se creó la estación La Plata
ABM: Se agrego La Plata (Buenos Aires) - Calle 1 100 CP:1900 | vías: 5, plataformas: 4
Se agrego la estacion 9
ABM: Se creó la estación Mar del Plata
ABM: Se agrego Mar del Plata (Buenos Aires) - Av. Luro 200 CP:7600 | vías: 4, plataformas: 3
Se agrego la estacion 10
ABM: Se creó la estación Rosario
ABM: Se agrego Rosario (Santa Fe) - Aristobulo 300 CP:2000 | vías: 6, plataformas: 4
Se agrego la estacion 11
ABM: Se creó la estación Cordoba
ABM: Se agrego Cordoba (Cordoba) - Peron 400 CP:5000 | vías: 5, plataformas: 3
Se agrego la estacion 12
ABM: Se creó la estación Mendoza
ABM: Se agrego Mendoza (Mendoza) - Las Heras 500 CP:5500 | vías: 3, plataformas: 2
Se agrego la estacion 13
ABM: Se creó la estación Tucuman
ABM: Se agrego Tucuman (Tucuman) - Corrientes 600 CP:4000 | vías: 3, plataformas: 2
Se agrego la estacion 14
ABM: Se creó la estación Salta
ABM: Se agrego Salta (Salta) - Balcarce 700 CP:4400 | vías: 2, plataformas: 2
Se agrego la estacion 15
ABM: Se creó la estación San Juan
ABM: Se agrego San Juan (San Juan) - España 800 CP:5400 | vías: 2, plataformas: 2
Se agrego la estacion 16
ABM: Se creó la estación San Luis
ABM: Se agrego San Luis (San Luis) - Illia 900 CP:5700 | vías: 2, plataformas: 2
Se agrego la estacion 17
ABM: Se creó la estación Santa Rosa
ABM: Se agrego Santa Rosa (La Pampa) - Luro 1000 CP:6300 | vías: 2, plataformas: 2
Se agrego la estacion 18
ABM: Se creó la estación Viedma
ABM: Se agrego Viedma (Rio Negro) - Roca 1100 CP:8500 | vías: 2, plataformas: 2
Se agrego la estacion 19
ABM: Se creó la estación Rawson
ABM: Se agrego Rawson (Chubut) - Fontana 1200 CP:9103 | vías: 2, plataformas: 2
Se agrego la estacion 20
ABM: Se creó el tramo de riel entre 2 y 1
ABM: Se creó el tramo de riel entre 3 y 4
ABM: Se creó el tramo de riel entre 4 y 5
ABM: Se creó el tramo de riel entre 5 y 1
ABM: Se creó el tramo de riel entre 5 y 6
ABM: Se creó el tramo de riel entre 5 y 7
ABM: Se creó el tramo de riel entre 5 y 8
ABM: Se creó el tramo de riel entre 3 y 8
ABM: Se creó el tramo de riel entre 4 y 2
ABM: Se creó el tramo de riel entre 3 y 2
ABM: Se creó el tramo de riel entre 2 y 9
ABM: Se creó el tramo de riel entre 9 y 10
ABM: Se creó el tramo de riel entre 3 y 10
ABM: Se creó el tramo de riel entre 2 y 11
ABM: Se creó el tramo de riel entre 11 y 12
ABM: Se creó el tramo de riel entre 12 y 13
ABM: Se creó el tramo de riel entre 13 y 16
ABM: Se creó el tramo de riel entre 16 y 17
ABM: Se creó el tramo de riel entre 17 y 12
ABM: Se creó el tramo de riel entre 12 y 14
ABM: Se creó el tramo de riel entre 14 y 15
ABM: Se creó el tramo de riel entre 6 y 18
ABM: Se creó el tramo de riel entre 18 y 4
ABM: Se creó el tramo de riel entre 7 y 19
ABM: Se creó el tramo de riel entre 19 y 20
ABM: Se creó el tramo de riel entre 20 y 8
ABM: Se creó el tramo de riel entre 11 y 14
ABM: Se creó el tramo de riel entre 13 y 6
ABM: Se creó el tramo de riel entre 9 y 5
ABM: Se creó el tramo de riel entre 1 y 10
ABM: Se creó el tramo de riel entre 3 y 9
ABM: Se agrego Tren  [diesel] pas:6 carga:0 linea:Mitre
ABM: Se agrego Tren  [gasolina] pas:0 carga:0 linea:no-asignado
ABM: Se agrego Tren  [diesel] pas:8 carga:0 linea:Roca-Tandil
ABM: Se agrego Tren  [electrico] pas:8 carga:0 linea:San Martin
ABM: Se agrego Tren  [diesel] pas:5 carga:0 linea:Belgrano Norte
ABM: Se agrego Tren  [gasolina] pas:4 carga:0 linea:Mitre
ABM: Se agrego Tren  [electrico] pas:7 carga:0 linea:Roca-Tandil
ABM: Se agrego Tren  [diesel] pas:6 carga:0 linea:San Martin
ABM: Se agrego Tren  [electrico] pas:9 carga:0 linea:Belgrano Norte
ABM: Se agrego Tren  [diesel] pas:5 carga:0 linea:Mitre
ABM: Se agrego Tren  [gasolina] pas:3 carga:0 linea:no-asignado
ABM: Se agrego Tren  [electrico] pas:10 carga:0 linea:San Martin
ABM: Se agrego Tren  [diesel] pas:7 carga:0 linea:Roca-Tandil
ABM: Se agrego Tren  [diesel] pas:6 carga:0 linea:Belgrano Norte
ABM: Se agrego Tren  [electrico] pas:8 carga:0 linea:Mitre
ABM: Se agrego Tren  [gasolina] pas:4 carga:0 linea:no-asignado
ABM: Se agrego Tren  [diesel] pas:5 carga:0 linea:San Martin
ABM: Se agrego Tren  [electrico] pas:9 carga:0 linea:Roca-Tandil
ABM: Se agrego Tren  [diesel] pas:6 carga:0 linea:Belgrano Norte
ABM: Se agrego Tren  [electrico] pas:7 carga:0 linea:San Martin

=== ESTADO DEL SISTEMA POST-CARGA INICIAL ===
eed.tp.TrenesSaControlador@3feba861
==============================================

ABM: Se creó la estación Tandil
ABM: Se agrego Tandil (Tandil) - Av. España 745 CP:7000 | vías: 4, plataformas: 2
Se agrego la estacion 1
ABM: Se creó la estación Retiro
ABM: Se agrego Retiro (CABA) - Av. Dr. Jose Maria Ramos Mejia 1430 CP:C1104 | vías: 9, plataformas: 6
Se agrego la estacion 2
ABM: Se creó la estación Constitucion
ABM: Se agrego Constitucion (CABA) - Av. Brasil 1128 CP:C1154 | vías: 14, plataformas: 8
Se agrego la estacion 3
ABM: Se creó la estación Canuelas
ABM: Se agrego Canuelas (Canuelas) - Libertad 150 CP:1814 | vías: 3, plataformas: 2
Se agrego la estacion 4
ABM: Se creó la estación Las Flores
ABM: Se agrego Las Flores (Las Flores) - Av. Rivadavia 400 CP:7200 | vías: 2, plataformas: 2
Se agrego la estacion 5
ABM: Se creó la estación Neuquen
ABM: Se agrego Neuquen (capital) - Av. Brasil 1128 CP:C1154 | vías: 14, plataformas: 8
Se agrego la estacion 6
ABM: Se creó la estación Bariloche
ABM: Se agrego Bariloche (Rio negro) - Libertad 150 CP:1814 | vías: 3, plataformas: 2
Se agrego la estacion 7
ABM: Se creó la estación Tierra del fuego
ABM: Se agrego Tierra del fuego (tierra) - Av. Rivadavia 400 CP:7200 | vías: 2, plataformas: 2
Se agrego la estacion 8
ABM: Se creó la estación La Plata
ABM: Se agrego La Plata (Buenos Aires) - Calle 1 100 CP:1900 | vías: 5, plataformas: 4
Se agrego la estacion 9
ABM: Se creó la estación Mar del Plata
ABM: Se agrego Mar del Plata (Buenos Aires) - Av. Luro 200 CP:7600 | vías: 4, plataformas: 3
Se agrego la estacion 10
ABM: Se creó la estación Rosario
ABM: Se agrego Rosario (Santa Fe) - Aristobulo 300 CP:2000 | vías: 6, plataformas: 4
Se agrego la estacion 11
ABM: Se creó la estación Cordoba
ABM: Se agrego Cordoba (Cordoba) - Peron 400 CP:5000 | vías: 5, plataformas: 3
Se agrego la estacion 12
ABM: Se creó la estación Mendoza
ABM: Se agrego Mendoza (Mendoza) - Las Heras 500 CP:5500 | vías: 3, plataformas: 2
Se agrego la estacion 13
ABM: Se creó la estación Tucuman
ABM: Se agrego Tucuman (Tucuman) - Corrientes 600 CP:4000 | vías: 3, plataformas: 2
Se agrego la estacion 14
ABM: Se creó la estación Salta
ABM: Se agrego Salta (Salta) - Balcarce 700 CP:4400 | vías: 2, plataformas: 2
Se agrego la estacion 15
ABM: Se creó la estación San Juan
ABM: Se agrego San Juan (San Juan) - España 800 CP:5400 | vías: 2, plataformas: 2
Se agrego la estacion 16
ABM: Se creó la estación San Luis
ABM: Se agrego San Luis (San Luis) - Illia 900 CP:5700 | vías: 2, plataformas: 2
Se agrego la estacion 17
ABM: Se creó la estación Santa Rosa
ABM: Se agrego Santa Rosa (La Pampa) - Luro 1000 CP:6300 | vías: 2, plataformas: 2
Se agrego la estacion 18
ABM: Se creó la estación Viedma
ABM: Se agrego Viedma (Rio Negro) - Roca 1100 CP:8500 | vías: 2, plataformas: 2
Se agrego la estacion 19
ABM: Se creó la estación Rawson
ABM: Se agrego Rawson (Chubut) - Fontana 1200 CP:9103 | vías: 2, plataformas: 2
Se agrego la estacion 20
ABM: Se creó el tramo de riel entre 2 y 1
ABM: Se creó el tramo de riel entre 3 y 4
ABM: Se creó el tramo de riel entre 4 y 5
ABM: Se creó el tramo de riel entre 5 y 1
ABM: Se creó el tramo de riel entre 5 y 6
ABM: Se creó el tramo de riel entre 5 y 7
ABM: Se creó el tramo de riel entre 5 y 8
ABM: Se creó el tramo de riel entre 3 y 8
ABM: Se creó el tramo de riel entre 4 y 2
ABM: Se creó el tramo de riel entre 3 y 2
ABM: Se creó el tramo de riel entre 2 y 9
ABM: Se creó el tramo de riel entre 9 y 10
ABM: Se creó el tramo de riel entre 3 y 10
ABM: Se creó el tramo de riel entre 2 y 11
ABM: Se creó el tramo de riel entre 11 y 12
ABM: Se creó el tramo de riel entre 12 y 13
ABM: Se creó el tramo de riel entre 13 y 16
ABM: Se creó el tramo de riel entre 16 y 17
ABM: Se creó el tramo de riel entre 17 y 12
ABM: Se creó el tramo de riel entre 12 y 14
ABM: Se creó el tramo de riel entre 14 y 15
ABM: Se creó el tramo de riel entre 6 y 18
ABM: Se creó el tramo de riel entre 18 y 4
ABM: Se creó el tramo de riel entre 7 y 19
ABM: Se creó el tramo de riel entre 19 y 20
ABM: Se creó el tramo de riel entre 20 y 8
ABM: Se creó el tramo de riel entre 11 y 14
ABM: Se creó el tramo de riel entre 13 y 6
ABM: Se creó el tramo de riel entre 9 y 5
ABM: Se creó el tramo de riel entre 1 y 10
ABM: Se creó el tramo de riel entre 3 y 9
ABM: Se agrego Tren  [diesel] pas:6 carga:0 linea:Mitre
ABM: Se agrego Tren  [gasolina] pas:0 carga:0 linea:no-asignado
ABM: Se agrego Tren  [diesel] pas:8 carga:0 linea:Roca-Tandil
ABM: Se agrego Tren  [electrico] pas:8 carga:0 linea:San Martin
ABM: Se agrego Tren  [diesel] pas:5 carga:0 linea:Belgrano Norte
ABM: Se agrego Tren  [gasolina] pas:4 carga:0 linea:Mitre
ABM: Se agrego Tren  [electrico] pas:7 carga:0 linea:Roca-Tandil
ABM: Se agrego Tren  [diesel] pas:6 carga:0 linea:San Martin
ABM: Se agrego Tren  [electrico] pas:9 carga:0 linea:Belgrano Norte
ABM: Se agrego Tren  [diesel] pas:5 carga:0 linea:Mitre
ABM: Se agrego Tren  [gasolina] pas:3 carga:0 linea:no-asignado
ABM: Se agrego Tren  [electrico] pas:10 carga:0 linea:San Martin
ABM: Se agrego Tren  [diesel] pas:7 carga:0 linea:Roca-Tandil
ABM: Se agrego Tren  [diesel] pas:6 carga:0 linea:Belgrano Norte
ABM: Se agrego Tren  [electrico] pas:8 carga:0 linea:Mitre
ABM: Se agrego Tren  [gasolina] pas:4 carga:0 linea:no-asignado
ABM: Se agrego Tren  [diesel] pas:5 carga:0 linea:San Martin
ABM: Se agrego Tren  [electrico] pas:9 carga:0 linea:Roca-Tandil
ABM: Se agrego Tren  [diesel] pas:6 carga:0 linea:Belgrano Norte
ABM: Se agrego Tren  [electrico] pas:7 carga:0 linea:San Martin

=== ESTADO DEL SISTEMA POST-CARGA INICIAL ===
eed.tp.TrenesSaControlador@6ce253f1
==============================================

ABM: Se creó la estación Tandil
ABM: Se agrego Tandil (Tandil) - Av. España 745 CP:7000 | vías: 4, plataformas: 2
ABM: Se creó la estación Retiro
ABM: Se agrego Retiro (CABA) - Av. Dr. Jose Maria Ramos Mejia 1430 CP:C1104 | vías: 9, plataformas: 6
ABM: Se creó la estación Constitucion
ABM: Se agrego Constitucion (CABA) - Av. Brasil 1128 CP:C1154 | vías: 14, plataformas: 8
ABM: Se creó la estación Canuelas
ABM: Se agrego Canuelas (Canuelas) - Libertad 150 CP:1814 | vías: 3, plataformas: 2
ABM: Se creó la estación Las Flores
ABM: Se agrego Las Flores (Las Flores) - Av. Rivadavia 400 CP:7200 | vías: 2, plataformas: 2
ABM: Se creó la estación Neuquen
ABM: Se agrego Neuquen (capital) - Av. Brasil 1128 CP:C1154 | vías: 14, plataformas: 8
ABM: Se creó la estación Bariloche
ABM: Se agrego Bariloche (Rio negro) - Libertad 150 CP:1814 | vías: 3, plataformas: 2
ABM: Se creó la estación Tierra del fuego
ABM: Se agrego Tierra del fuego (tierra) - Av. Rivadavia 400 CP:7200 | vías: 2, plataformas: 2
ABM: Se creó la estación La Plata
ABM: Se agrego La Plata (Buenos Aires) - Calle 1 100 CP:1900 | vías: 5, plataformas: 4
ABM: Se creó la estación Mar del Plata
ABM: Se agrego Mar del Plata (Buenos Aires) - Av. Luro 200 CP:7600 | vías: 4, plataformas: 3
ABM: Se creó la estación Rosario
ABM: Se agrego Rosario (Santa Fe) - Aristobulo 300 CP:2000 | vías: 6, plataformas: 4
ABM: Se creó la estación Cordoba
ABM: Se agrego Cordoba (Cordoba) - Peron 400 CP:5000 | vías: 5, plataformas: 3
ABM: Se creó la estación Mendoza
ABM: Se agrego Mendoza (Mendoza) - Las Heras 500 CP:5500 | vías: 3, plataformas: 2
ABM: Se creó la estación Tucuman
ABM: Se agrego Tucuman (Tucuman) - Corrientes 600 CP:4000 | vías: 3, plataformas: 2
ABM: Se creó la estación Salta
ABM: Se agrego Salta (Salta) - Balcarce 700 CP:4400 | vías: 2, plataformas: 2
ABM: Se creó la estación San Juan
ABM: Se agrego San Juan (San Juan) - España 800 CP:5400 | vías: 2, plataformas: 2
ABM: Se creó la estación San Luis
ABM: Se agrego San Luis (San Luis) - Illia 900 CP:5700 | vías: 2, plataformas: 2
ABM: Se creó la estación Santa Rosa
ABM: Se agrego Santa Rosa (La Pampa) - Luro 1000 CP:6300 | vías: 2, plataformas: 2
ABM: Se creó la estación Viedma
ABM: Se agrego Viedma (Rio Negro) - Roca 1100 CP:8500 | vías: 2, plataformas: 2
ABM: Se creó la estación Rawson
ABM: Se agrego Rawson (Chubut) - Fontana 1200 CP:9103 | vías: 2, plataformas: 2
ABM: Riel creado entre 2 y 1
ABM: Riel creado entre 3 y 4
ABM: Riel creado entre 4 y 5
ABM: Riel creado entre 5 y 1
ABM: Riel creado entre 5 y 6
ABM: Riel creado entre 5 y 7
ABM: Riel creado entre 5 y 8
ABM: Riel creado entre 3 y 8
ABM: Riel creado entre 4 y 2
ABM: Riel creado entre 3 y 2
ABM: Riel creado entre 2 y 9
ABM: Riel creado entre 9 y 10
ABM: Riel creado entre 3 y 10
ABM: Riel creado entre 2 y 11
ABM: Riel creado entre 11 y 12
ABM: Riel creado entre 12 y 13
ABM: Riel creado entre 13 y 16
ABM: Riel creado entre 16 y 17
ABM: Riel creado entre 17 y 12
ABM: Riel creado entre 12 y 14
ABM: Riel creado entre 14 y 15
ABM: Riel creado entre 6 y 18
ABM: Riel creado entre 18 y 4
ABM: Riel creado entre 7 y 19
ABM: Riel creado entre 19 y 20
ABM: Riel creado entre 20 y 8
ABM: Riel creado entre 11 y 14
ABM: Riel creado entre 13 y 6
ABM: Riel creado entre 9 y 5
ABM: Riel creado entre 1 y 10
ABM: Riel creado entre 3 y 9
ABM: Se agrego Tren  [diesel] pas:6 carga:0 linea:Mitre
ABM: Se agrego Tren  [gasolina] pas:0 carga:0 linea:no-asignado
ABM: Se agrego Tren  [diesel] pas:8 carga:0 linea:Roca-Tandil
ABM: Se agrego Tren  [electrico] pas:8 carga:0 linea:San Martin
ABM: Se agrego Tren  [diesel] pas:5 carga:0 linea:Belgrano Norte
ABM: Se agrego Tren  [gasolina] pas:4 carga:0 linea:Mitre
ABM: Se agrego Tren  [electrico] pas:7 carga:0 linea:Roca-Tandil
ABM: Se agrego Tren  [diesel] pas:6 carga:0 linea:San Martin
ABM: Se agrego Tren  [electrico] pas:9 carga:0 linea:Belgrano Norte
ABM: Se agrego Tren  [diesel] pas:5 carga:0 linea:Mitre
ABM: Se agrego Tren  [gasolina] pas:3 carga:0 linea:no-asignado
ABM: Se agrego Tren  [electrico] pas:10 carga:0 linea:San Martin
ABM: Se agrego Tren  [diesel] pas:7 carga:0 linea:Roca-Tandil
ABM: Se agrego Tren  [diesel] pas:6 carga:0 linea:Belgrano Norte
ABM: Se agrego Tren  [electrico] pas:8 carga:0 linea:Mitre
ABM: Se agrego Tren  [gasolina] pas:4 carga:0 linea:no-asignado
ABM: Se agrego Tren  [diesel] pas:5 carga:0 linea:San Martin
ABM: Se agrego Tren  [electrico] pas:9 carga:0 linea:Roca-Tandil
ABM: Se agrego Tren  [diesel] pas:6 carga:0 linea:Belgrano Norte
ABM: Se agrego Tren  [electrico] pas:7 carga:0 linea:San Martin

=== ESTADO DEL SISTEMA POST-CARGA INICIAL ===
eed.tp.TrenesSaControlador@6ce253f1
==============================================

ABM: Se creó la estación Tandil
ABM: Se agrego Tandil (Tandil) - Av. España 745 CP:7000 | vías: 4, plataformas: 2
ABM: Se creó la estación Retiro
ABM: Se agrego Retiro (CABA) - Av. Dr. Jose Maria Ramos Mejia 1430 CP:C1104 | vías: 9, plataformas: 6
ABM: Se creó la estación Constitucion
ABM: Se agrego Constitucion (CABA) - Av. Brasil 1128 CP:C1154 | vías: 14, plataformas: 8
ABM: Se creó la estación Canuelas
ABM: Se agrego Canuelas (Canuelas) - Libertad 150 CP:1814 | vías: 3, plataformas: 2
ABM: Se creó la estación Las Flores
ABM: Se agrego Las Flores (Las Flores) - Av. Rivadavia 400 CP:7200 | vías: 2, plataformas: 2
ABM: Se creó la estación Neuquen
ABM: Se agrego Neuquen (capital) - Av. Brasil 1128 CP:C1154 | vías: 14, plataformas: 8
ABM: Se creó la estación Bariloche
ABM: Se agrego Bariloche (Rio negro) - Libertad 150 CP:1814 | vías: 3, plataformas: 2
ABM: Se creó la estación Tierra del fuego
ABM: Se agrego Tierra del fuego (tierra) - Av. Rivadavia 400 CP:7200 | vías: 2, plataformas: 2
ABM: Se creó la estación La Plata
ABM: Se agrego La Plata (Buenos Aires) - Calle 1 100 CP:1900 | vías: 5, plataformas: 4
ABM: Se creó la estación Mar del Plata
ABM: Se agrego Mar del Plata (Buenos Aires) - Av. Luro 200 CP:7600 | vías: 4, plataformas: 3
ABM: Se creó la estación Rosario
ABM: Se agrego Rosario (Santa Fe) - Aristobulo 300 CP:2000 | vías: 6, plataformas: 4
ABM: Se creó la estación Cordoba
ABM: Se agrego Cordoba (Cordoba) - Peron 400 CP:5000 | vías: 5, plataformas: 3
ABM: Se creó la estación Mendoza
ABM: Se agrego Mendoza (Mendoza) - Las Heras 500 CP:5500 | vías: 3, plataformas: 2
ABM: Se creó la estación Tucuman
ABM: Se agrego Tucuman (Tucuman) - Corrientes 600 CP:4000 | vías: 3, plataformas: 2
ABM: Se creó la estación Salta
ABM: Se agrego Salta (Salta) - Balcarce 700 CP:4400 | vías: 2, plataformas: 2
ABM: Se creó la estación San Juan
ABM: Se agrego San Juan (San Juan) - España 800 CP:5400 | vías: 2, plataformas: 2
ABM: Se creó la estación San Luis
ABM: Se agrego San Luis (San Luis) - Illia 900 CP:5700 | vías: 2, plataformas: 2
ABM: Se creó la estación Santa Rosa
ABM: Se agrego Santa Rosa (La Pampa) - Luro 1000 CP:6300 | vías: 2, plataformas: 2
ABM: Se creó la estación Viedma
ABM: Se agrego Viedma (Rio Negro) - Roca 1100 CP:8500 | vías: 2, plataformas: 2
ABM: Se creó la estación Rawson
ABM: Se agrego Rawson (Chubut) - Fontana 1200 CP:9103 | vías: 2, plataformas: 2
ABM: Riel creado entre 2 y 1
ABM: Riel creado entre 3 y 4
ABM: Riel creado entre 4 y 5
ABM: Riel creado entre 5 y 1
ABM: Riel creado entre 5 y 6
ABM: Riel creado entre 5 y 7
ABM: Riel creado entre 5 y 8
ABM: Riel creado entre 3 y 8
ABM: Riel creado entre 4 y 2
ABM: Riel creado entre 3 y 2
ABM: Riel creado entre 2 y 9
ABM: Riel creado entre 9 y 10
ABM: Riel creado entre 3 y 10
ABM: Riel creado entre 2 y 11
ABM: Riel creado entre 11 y 12
ABM: Riel creado entre 12 y 13
ABM: Riel creado entre 13 y 16
ABM: Riel creado entre 16 y 17
ABM: Riel creado entre 17 y 12
ABM: Riel creado entre 12 y 14
ABM: Riel creado entre 14 y 15
ABM: Riel creado entre 6 y 18
ABM: Riel creado entre 18 y 4
ABM: Riel creado entre 7 y 19
ABM: Riel creado entre 19 y 20
ABM: Riel creado entre 20 y 8
ABM: Riel creado entre 11 y 14
ABM: Riel creado entre 13 y 6
ABM: Riel creado entre 9 y 5
ABM: Riel creado entre 1 y 10
ABM: Riel creado entre 3 y 9
ABM: Se agrego Tren  [diesel] pas:6 carga:0 linea:Mitre
ABM: Se agrego Tren  [gasolina] pas:0 carga:0 linea:no-asignado
ABM: Se agrego Tren  [diesel] pas:8 carga:0 linea:Roca-Tandil
ABM: Se agrego Tren  [electrico] pas:8 carga:0 linea:San Martin
ABM: Se agrego Tren  [diesel] pas:5 carga:0 linea:Belgrano Norte
ABM: Se agrego Tren  [gasolina] pas:4 carga:0 linea:Mitre
ABM: Se agrego Tren  [electrico] pas:7 carga:0 linea:Roca-Tandil
ABM: Se agrego Tren  [diesel] pas:6 carga:0 linea:San Martin
ABM: Se agrego Tren  [electrico] pas:9 carga:0 linea:Belgrano Norte
ABM: Se agrego Tren  [diesel] pas:5 carga:0 linea:Mitre
ABM: Se agrego Tren  [gasolina] pas:3 carga:0 linea:no-asignado
ABM: Se agrego Tren  [electrico] pas:10 carga:0 linea:San Martin
ABM: Se agrego Tren  [diesel] pas:7 carga:0 linea:Roca-Tandil
ABM: Se agrego Tren  [diesel] pas:6 carga:0 linea:Belgrano Norte
ABM: Se agrego Tren  [electrico] pas:8 carga:0 linea:Mitre
ABM: Se agrego Tren  [gasolina] pas:4 carga:0 linea:no-asignado
ABM: Se agrego Tren  [diesel] pas:5 carga:0 linea:San Martin
ABM: Se agrego Tren  [electrico] pas:9 carga:0 linea:Roca-Tandil
ABM: Se agrego Tren  [diesel] pas:6 carga:0 linea:Belgrano Norte
ABM: Se agrego Tren  [electrico] pas:7 carga:0 linea:San Martin

=== ESTADO DEL SISTEMA POST-CARGA INICIAL ===
eed.tp.TrenesSaControlador@6ce253f1
==============================================

ABM: Se agrego Tren  [otro] pas:1 carga:2 linea:no-asignado
ABM: Se creó la estación Tandil
ABM: Se agrego Tandil (Tandil) - Av. España 745 CP:7000 | vías: 4, plataformas: 2
ABM: Se creó la estación Retiro
ABM: Se agrego Retiro (CABA) - Av. Dr. Jose Maria Ramos Mejia 1430 CP:C1104 | vías: 9, plataformas: 6
ABM: Se creó la estación Constitucion
ABM: Se agrego Constitucion (CABA) - Av. Brasil 1128 CP:C1154 | vías: 14, plataformas: 8
ABM: Se creó la estación Canuelas
ABM: Se agrego Canuelas (Canuelas) - Libertad 150 CP:1814 | vías: 3, plataformas: 2
ABM: Se creó la estación Las Flores
ABM: Se agrego Las Flores (Las Flores) - Av. Rivadavia 400 CP:7200 | vías: 2, plataformas: 2
ABM: Se creó la estación Neuquen
ABM: Se agrego Neuquen (capital) - Av. Brasil 1128 CP:C1154 | vías: 14, plataformas: 8
ABM: Se creó la estación Bariloche
ABM: Se agrego Bariloche (Rio negro) - Libertad 150 CP:1814 | vías: 3, plataformas: 2
ABM: Se creó la estación Tierra del fuego
ABM: Se agrego Tierra del fuego (tierra) - Av. Rivadavia 400 CP:7200 | vías: 2, plataformas: 2
ABM: Se creó la estación La Plata
ABM: Se agrego La Plata (Buenos Aires) - Calle 1 100 CP:1900 | vías: 5, plataformas: 4
ABM: Se creó la estación Mar del Plata
ABM: Se agrego Mar del Plata (Buenos Aires) - Av. Luro 200 CP:7600 | vías: 4, plataformas: 3
ABM: Se creó la estación Rosario
ABM: Se agrego Rosario (Santa Fe) - Aristobulo 300 CP:2000 | vías: 6, plataformas: 4
ABM: Se creó la estación Cordoba
ABM: Se agrego Cordoba (Cordoba) - Peron 400 CP:5000 | vías: 5, plataformas: 3
ABM: Se creó la estación Mendoza
ABM: Se agrego Mendoza (Mendoza) - Las Heras 500 CP:5500 | vías: 3, plataformas: 2
ABM: Se creó la estación Tucuman
ABM: Se agrego Tucuman (Tucuman) - Corrientes 600 CP:4000 | vías: 3, plataformas: 2
ABM: Se creó la estación Salta
ABM: Se agrego Salta (Salta) - Balcarce 700 CP:4400 | vías: 2, plataformas: 2
ABM: Se creó la estación San Juan
ABM: Se agrego San Juan (San Juan) - España 800 CP:5400 | vías: 2, plataformas: 2
ABM: Se creó la estación San Luis
ABM: Se agrego San Luis (San Luis) - Illia 900 CP:5700 | vías: 2, plataformas: 2
ABM: Se creó la estación Santa Rosa
ABM: Se agrego Santa Rosa (La Pampa) - Luro 1000 CP:6300 | vías: 2, plataformas: 2
ABM: Se creó la estación Viedma
ABM: Se agrego Viedma (Rio Negro) - Roca 1100 CP:8500 | vías: 2, plataformas: 2
ABM: Se creó la estación Rawson
ABM: Se agrego Rawson (Chubut) - Fontana 1200 CP:9103 | vías: 2, plataformas: 2
ABM: Riel creado entre 2 y 1
ABM: Riel creado entre 3 y 4
ABM: Riel creado entre 4 y 5
ABM: Riel creado entre 5 y 1
ABM: Riel creado entre 5 y 6
ABM: Riel creado entre 5 y 7
ABM: Riel creado entre 5 y 8
ABM: Riel creado entre 3 y 8
ABM: Riel creado entre 4 y 2
ABM: Riel creado entre 3 y 2
ABM: Riel creado entre 2 y 9
ABM: Riel creado entre 9 y 10
ABM: Riel creado entre 3 y 10
ABM: Riel creado entre 2 y 11
ABM: Riel creado entre 11 y 12
ABM: Riel creado entre 12 y 13
ABM: Riel creado entre 13 y 16
ABM: Riel creado entre 16 y 17
ABM: Riel creado entre 17 y 12
ABM: Riel creado entre 12 y 14
ABM: Riel creado entre 14 y 15
ABM: Riel creado entre 6 y 18
ABM: Riel creado entre 18 y 4
ABM: Riel creado entre 7 y 19
ABM: Riel creado entre 19 y 20
ABM: Riel creado entre 20 y 8
ABM: Riel creado entre 11 y 14
ABM: Riel creado entre 13 y 6
ABM: Riel creado entre 9 y 5
ABM: Riel creado entre 1 y 10
ABM: Riel creado entre 3 y 9
ABM: Se agrego Tren  [diesel] pas:6 carga:0 linea:Mitre
ABM: Se agrego Tren  [gasolina] pas:0 carga:0 linea:no-asignado
ABM: Se agrego Tren  [diesel] pas:8 carga:0 linea:Roca-Tandil
ABM: Se agrego Tren  [electrico] pas:8 carga:0 linea:San Martin
ABM: Se agrego Tren  [diesel] pas:5 carga:0 linea:Belgrano Norte
ABM: Se agrego Tren  [gasolina] pas:4 carga:0 linea:Mitre
ABM: Se agrego Tren  [electrico] pas:7 carga:0 linea:Roca-Tandil
ABM: Se agrego Tren  [diesel] pas:6 carga:0 linea:San Martin
ABM: Se agrego Tren  [electrico] pas:9 carga:0 linea:Belgrano Norte
ABM: Se agrego Tren  [diesel] pas:5 carga:0 linea:Mitre
ABM: Se agrego Tren  [gasolina] pas:3 carga:0 linea:no-asignado
ABM: Se agrego Tren  [electrico] pas:10 carga:0 linea:San Martin
ABM: Se agrego Tren  [diesel] pas:7 carga:0 linea:Roca-Tandil
ABM: Se agrego Tren  [diesel] pas:6 carga:0 linea:Belgrano Norte
ABM: Se agrego Tren  [electrico] pas:8 carga:0 linea:Mitre
ABM: Se agrego Tren  [gasolina] pas:4 carga:0 linea:no-asignado
ABM: Se agrego Tren  [diesel] pas:5 carga:0 linea:San Martin
ABM: Se agrego Tren  [electrico] pas:9 carga:0 linea:Roca-Tandil
ABM: Se agrego Tren  [diesel] pas:6 carga:0 linea:Belgrano Norte
ABM: Se agrego Tren  [electrico] pas:7 carga:0 linea:San Martin

=== ESTADO DEL SISTEMA POST-CARGA INICIAL ===
eed.tp.TrenesSaControlador@6ce253f1
==============================================

ABM: Se creó la estación Tandil
ABM: Se agrego Tandil (Tandil) - Av. España 745 CP:7000 | vías: 4, plataformas: 2
ABM: Se creó la estación Retiro
ABM: Se agrego Retiro (CABA) - Av. Dr. Jose Maria Ramos Mejia 1430 CP:C1104 | vías: 9, plataformas: 6
ABM: Se creó la estación Constitucion
ABM: Se agrego Constitucion (CABA) - Av. Brasil 1128 CP:C1154 | vías: 14, plataformas: 8
ABM: Se creó la estación Canuelas
ABM: Se agrego Canuelas (Canuelas) - Libertad 150 CP:1814 | vías: 3, plataformas: 2
ABM: Se creó la estación Las Flores
ABM: Se agrego Las Flores (Las Flores) - Av. Rivadavia 400 CP:7200 | vías: 2, plataformas: 2
ABM: Se creó la estación Neuquen
ABM: Se agrego Neuquen (capital) - Av. Brasil 1128 CP:C1154 | vías: 14, plataformas: 8
ABM: Se creó la estación Bariloche
ABM: Se agrego Bariloche (Rio negro) - Libertad 150 CP:1814 | vías: 3, plataformas: 2
ABM: Se creó la estación Tierra del fuego
ABM: Se agrego Tierra del fuego (tierra) - Av. Rivadavia 400 CP:7200 | vías: 2, plataformas: 2
ABM: Se creó la estación La Plata
ABM: Se agrego La Plata (Buenos Aires) - Calle 1 100 CP:1900 | vías: 5, plataformas: 4
ABM: Se creó la estación Mar del Plata
ABM: Se agrego Mar del Plata (Buenos Aires) - Av. Luro 200 CP:7600 | vías: 4, plataformas: 3
ABM: Se creó la estación Rosario
ABM: Se agrego Rosario (Santa Fe) - Aristobulo 300 CP:2000 | vías: 6, plataformas: 4
ABM: Se creó la estación Cordoba
ABM: Se agrego Cordoba (Cordoba) - Peron 400 CP:5000 | vías: 5, plataformas: 3
ABM: Se creó la estación Mendoza
ABM: Se agrego Mendoza (Mendoza) - Las Heras 500 CP:5500 | vías: 3, plataformas: 2
ABM: Se creó la estación Tucuman
ABM: Se agrego Tucuman (Tucuman) - Corrientes 600 CP:4000 | vías: 3, plataformas: 2
ABM: Se creó la estación Salta
ABM: Se agrego Salta (Salta) - Balcarce 700 CP:4400 | vías: 2, plataformas: 2
ABM: Se creó la estación San Juan
ABM: Se agrego San Juan (San Juan) - España 800 CP:5400 | vías: 2, plataformas: 2
ABM: Se creó la estación San Luis
ABM: Se agrego San Luis (San Luis) - Illia 900 CP:5700 | vías: 2, plataformas: 2
ABM: Se creó la estación Santa Rosa
ABM: Se agrego Santa Rosa (La Pampa) - Luro 1000 CP:6300 | vías: 2, plataformas: 2
ABM: Se creó la estación Viedma
ABM: Se agrego Viedma (Rio Negro) - Roca 1100 CP:8500 | vías: 2, plataformas: 2
ABM: Se creó la estación Rawson
ABM: Se agrego Rawson (Chubut) - Fontana 1200 CP:9103 | vías: 2, plataformas: 2
ABM: Riel creado entre 2 y 1
ABM: Riel creado entre 3 y 4
ABM: Riel creado entre 4 y 5
ABM: Riel creado entre 5 y 1
ABM: Riel creado entre 5 y 6
ABM: Riel creado entre 5 y 7
ABM: Riel creado entre 5 y 8
ABM: Riel creado entre 3 y 8
ABM: Riel creado entre 4 y 2
ABM: Riel creado entre 3 y 2
ABM: Riel creado entre 2 y 9
ABM: Riel creado entre 9 y 10
ABM: Riel creado entre 3 y 10
ABM: Riel creado entre 2 y 11
ABM: Riel creado entre 11 y 12
ABM: Riel creado entre 12 y 13
ABM: Riel creado entre 13 y 16
ABM: Riel creado entre 16 y 17
ABM: Riel creado entre 17 y 12
ABM: Riel creado entre 12 y 14
ABM: Riel creado entre 14 y 15
ABM: Riel creado entre 6 y 18
ABM: Riel creado entre 18 y 4
ABM: Riel creado entre 7 y 19
ABM: Riel creado entre 19 y 20
ABM: Riel creado entre 20 y 8
ABM: Riel creado entre 11 y 14
ABM: Riel creado entre 13 y 6
ABM: Riel creado entre 9 y 5
ABM: Riel creado entre 1 y 10
ABM: Riel creado entre 3 y 9
ABM: Se agrego Tren  [diesel] pas:6 carga:0 linea:Mitre
ABM: Se agrego Tren  [gasolina] pas:0 carga:0 linea:no-asignado
ABM: Se agrego Tren  [diesel] pas:8 carga:0 linea:Roca-Tandil
ABM: Se agrego Tren  [electrico] pas:8 carga:0 linea:San Martin
ABM: Se agrego Tren  [diesel] pas:5 carga:0 linea:Belgrano Norte
ABM: Se agrego Tren  [gasolina] pas:4 carga:0 linea:Mitre
ABM: Se agrego Tren  [electrico] pas:7 carga:0 linea:Roca-Tandil
ABM: Se agrego Tren  [diesel] pas:6 carga:0 linea:San Martin
ABM: Se agrego Tren  [electrico] pas:9 carga:0 linea:Belgrano Norte
ABM: Se agrego Tren  [diesel] pas:5 carga:0 linea:Mitre
ABM: Se agrego Tren  [gasolina] pas:3 carga:0 linea:no-asignado
ABM: Se agrego Tren  [electrico] pas:10 carga:0 linea:San Martin
ABM: Se agrego Tren  [diesel] pas:7 carga:0 linea:Roca-Tandil
ABM: Se agrego Tren  [diesel] pas:6 carga:0 linea:Belgrano Norte
ABM: Se agrego Tren  [electrico] pas:8 carga:0 linea:Mitre
ABM: Se agrego Tren  [gasolina] pas:4 carga:0 linea:no-asignado
ABM: Se agrego Tren  [diesel] pas:5 carga:0 linea:San Martin
ABM: Se agrego Tren  [electrico] pas:9 carga:0 linea:Roca-Tandil
ABM: Se agrego Tren  [diesel] pas:6 carga:0 linea:Belgrano Norte
ABM: Se agrego Tren  [electrico] pas:7 carga:0 linea:San Martin

=== ESTADO DEL SISTEMA POST-CARGA INICIAL ===
eed.tp.TrenesSaControlador@6ce253f1
==============================================

ABM: Se agrego Tren  [otro] pas:1 carga:1 linea:no-asignado
ABM: Se creó la estación La Roca
ABM: Se agrego La Roca (nqn) - nqn 3 CP:8300 | vías: 1, plataformas: 2
ABM: Se creó la estación Tandil
ABM: Se agrego Tandil (Tandil) - Av. España 745 CP:7000 | vías: 4, plataformas: 2
ABM: Se creó la estación Retiro
ABM: Se agrego Retiro (CABA) - Av. Dr. Jose Maria Ramos Mejia 1430 CP:C1104 | vías: 9, plataformas: 6
ABM: Se creó la estación Constitucion
ABM: Se agrego Constitucion (CABA) - Av. Brasil 1128 CP:C1154 | vías: 14, plataformas: 8
ABM: Se creó la estación Canuelas
ABM: Se agrego Canuelas (Canuelas) - Libertad 150 CP:1814 | vías: 3, plataformas: 2
ABM: Se creó la estación Las Flores
ABM: Se agrego Las Flores (Las Flores) - Av. Rivadavia 400 CP:7200 | vías: 2, plataformas: 2
ABM: Se creó la estación Neuquen
ABM: Se agrego Neuquen (capital) - Av. Brasil 1128 CP:C1154 | vías: 14, plataformas: 8
ABM: Se creó la estación Bariloche
ABM: Se agrego Bariloche (Rio negro) - Libertad 150 CP:1814 | vías: 3, plataformas: 2
ABM: Se creó la estación Tierra del fuego
ABM: Se agrego Tierra del fuego (tierra) - Av. Rivadavia 400 CP:7200 | vías: 2, plataformas: 2
ABM: Se creó la estación La Plata
ABM: Se agrego La Plata (Buenos Aires) - Calle 1 100 CP:1900 | vías: 5, plataformas: 4
ABM: Se creó la estación Mar del Plata
ABM: Se agrego Mar del Plata (Buenos Aires) - Av. Luro 200 CP:7600 | vías: 4, plataformas: 3
ABM: Se creó la estación Rosario
ABM: Se agrego Rosario (Santa Fe) - Aristobulo 300 CP:2000 | vías: 6, plataformas: 4
ABM: Se creó la estación Cordoba
ABM: Se agrego Cordoba (Cordoba) - Peron 400 CP:5000 | vías: 5, plataformas: 3
ABM: Se creó la estación Mendoza
ABM: Se agrego Mendoza (Mendoza) - Las Heras 500 CP:5500 | vías: 3, plataformas: 2
ABM: Se creó la estación Tucuman
ABM: Se agrego Tucuman (Tucuman) - Corrientes 600 CP:4000 | vías: 3, plataformas: 2
ABM: Se creó la estación Salta
ABM: Se agrego Salta (Salta) - Balcarce 700 CP:4400 | vías: 2, plataformas: 2
ABM: Se creó la estación San Juan
ABM: Se agrego San Juan (San Juan) - España 800 CP:5400 | vías: 2, plataformas: 2
ABM: Se creó la estación San Luis
ABM: Se agrego San Luis (San Luis) - Illia 900 CP:5700 | vías: 2, plataformas: 2
ABM: Se creó la estación Santa Rosa
ABM: Se agrego Santa Rosa (La Pampa) - Luro 1000 CP:6300 | vías: 2, plataformas: 2
ABM: Se creó la estación Viedma
ABM: Se agrego Viedma (Rio Negro) - Roca 1100 CP:8500 | vías: 2, plataformas: 2
ABM: Se creó la estación Rawson
ABM: Se agrego Rawson (Chubut) - Fontana 1200 CP:9103 | vías: 2, plataformas: 2
ABM: Riel creado entre 2 y 1
ABM: Riel creado entre 3 y 4
ABM: Riel creado entre 4 y 5
ABM: Riel creado entre 5 y 1
ABM: Riel creado entre 5 y 6
ABM: Riel creado entre 5 y 7
ABM: Riel creado entre 5 y 8
ABM: Riel creado entre 3 y 8
ABM: Riel creado entre 4 y 2
ABM: Riel creado entre 3 y 2
ABM: Riel creado entre 2 y 9
ABM: Riel creado entre 9 y 10
ABM: Riel creado entre 3 y 10
ABM: Riel creado entre 2 y 11
ABM: Riel creado entre 11 y 12
ABM: Riel creado entre 12 y 13
ABM: Riel creado entre 13 y 16
ABM: Riel creado entre 16 y 17
ABM: Riel creado entre 17 y 12
ABM: Riel creado entre 12 y 14
ABM: Riel creado entre 14 y 15
ABM: Riel creado entre 6 y 18
ABM: Riel creado entre 18 y 4
ABM: Riel creado entre 7 y 19
ABM: Riel creado entre 19 y 20
ABM: Riel creado entre 20 y 8
ABM: Riel creado entre 11 y 14
ABM: Riel creado entre 13 y 6
ABM: Riel creado entre 9 y 5
ABM: Riel creado entre 1 y 10
ABM: Riel creado entre 3 y 9
ABM: Se agrego Tren  [diesel] pas:6 carga:0 linea:Mitre
ABM: Se agrego Tren  [gasolina] pas:0 carga:0 linea:no-asignado
ABM: Se agrego Tren  [diesel] pas:8 carga:0 linea:Roca-Tandil
ABM: Se agrego Tren  [electrico] pas:8 carga:0 linea:San Martin
ABM: Se agrego Tren  [diesel] pas:5 carga:0 linea:Belgrano Norte
ABM: Se agrego Tren  [gasolina] pas:4 carga:0 linea:Mitre
ABM: Se agrego Tren  [electrico] pas:7 carga:0 linea:Roca-Tandil
ABM: Se agrego Tren  [diesel] pas:6 carga:0 linea:San Martin
ABM: Se agrego Tren  [electrico] pas:9 carga:0 linea:Belgrano Norte
ABM: Se agrego Tren  [diesel] pas:5 carga:0 linea:Mitre
ABM: Se agrego Tren  [gasolina] pas:3 carga:0 linea:no-asignado
ABM: Se agrego Tren  [electrico] pas:10 carga:0 linea:San Martin
ABM: Se agrego Tren  [diesel] pas:7 carga:0 linea:Roca-Tandil
ABM: Se agrego Tren  [diesel] pas:6 carga:0 linea:Belgrano Norte
ABM: Se agrego Tren  [electrico] pas:8 carga:0 linea:Mitre
ABM: Se agrego Tren  [gasolina] pas:4 carga:0 linea:no-asignado
ABM: Se agrego Tren  [diesel] pas:5 carga:0 linea:San Martin
ABM: Se agrego Tren  [electrico] pas:9 carga:0 linea:Roca-Tandil
ABM: Se agrego Tren  [diesel] pas:6 carga:0 linea:Belgrano Norte
ABM: Se agrego Tren  [electrico] pas:7 carga:0 linea:San Martin

=== ESTADO DEL SISTEMA POST-CARGA INICIAL ===
eed.tp.TrenesSaControlador@6ce253f1
==============================================

ABM: Se creó la estación Tandil
ABM: Se agrego Tandil (Tandil) - Av. España 745 CP:7000 | vías: 4, plataformas: 2
ABM: Se creó la estación Retiro
ABM: Se agrego Retiro (CABA) - Av. Dr. Jose Maria Ramos Mejia 1430 CP:C1104 | vías: 9, plataformas: 6
ABM: Se creó la estación Constitucion
ABM: Se agrego Constitucion (CABA) - Av. Brasil 1128 CP:C1154 | vías: 14, plataformas: 8
ABM: Se creó la estación Canuelas
ABM: Se agrego Canuelas (Canuelas) - Libertad 150 CP:1814 | vías: 3, plataformas: 2
ABM: Se creó la estación Las Flores
ABM: Se agrego Las Flores (Las Flores) - Av. Rivadavia 400 CP:7200 | vías: 2, plataformas: 2
ABM: Se creó la estación Neuquen
ABM: Se agrego Neuquen (capital) - Av. Brasil 1128 CP:C1154 | vías: 14, plataformas: 8
ABM: Se creó la estación Bariloche
ABM: Se agrego Bariloche (Rio negro) - Libertad 150 CP:1814 | vías: 3, plataformas: 2
ABM: Se creó la estación Tierra del fuego
ABM: Se agrego Tierra del fuego (tierra) - Av. Rivadavia 400 CP:7200 | vías: 2, plataformas: 2
ABM: Se creó la estación La Plata
ABM: Se agrego La Plata (Buenos Aires) - Calle 1 100 CP:1900 | vías: 5, plataformas: 4
ABM: Se creó la estación Mar del Plata
ABM: Se agrego Mar del Plata (Buenos Aires) - Av. Luro 200 CP:7600 | vías: 4, plataformas: 3
ABM: Se creó la estación Rosario
ABM: Se agrego Rosario (Santa Fe) - Aristobulo 300 CP:2000 | vías: 6, plataformas: 4
ABM: Se creó la estación Cordoba
ABM: Se agrego Cordoba (Cordoba) - Peron 400 CP:5000 | vías: 5, plataformas: 3
ABM: Se creó la estación Mendoza
ABM: Se agrego Mendoza (Mendoza) - Las Heras 500 CP:5500 | vías: 3, plataformas: 2
ABM: Se creó la estación Tucuman
ABM: Se agrego Tucuman (Tucuman) - Corrientes 600 CP:4000 | vías: 3, plataformas: 2
ABM: Se creó la estación Salta
ABM: Se agrego Salta (Salta) - Balcarce 700 CP:4400 | vías: 2, plataformas: 2
ABM: Se creó la estación San Juan
ABM: Se agrego San Juan (San Juan) - España 800 CP:5400 | vías: 2, plataformas: 2
ABM: Se creó la estación San Luis
ABM: Se agrego San Luis (San Luis) - Illia 900 CP:5700 | vías: 2, plataformas: 2
ABM: Se creó la estación Santa Rosa
ABM: Se agrego Santa Rosa (La Pampa) - Luro 1000 CP:6300 | vías: 2, plataformas: 2
ABM: Se creó la estación Viedma
ABM: Se agrego Viedma (Rio Negro) - Roca 1100 CP:8500 | vías: 2, plataformas: 2
ABM: Se creó la estación Rawson
ABM: Se agrego Rawson (Chubut) - Fontana 1200 CP:9103 | vías: 2, plataformas: 2
ABM: Riel creado entre 2 y 1
ABM: Riel creado entre 3 y 4
ABM: Riel creado entre 4 y 5
ABM: Riel creado entre 5 y 1
ABM: Riel creado entre 5 y 6
ABM: Riel creado entre 5 y 7
ABM: Riel creado entre 5 y 8
ABM: Riel creado entre 3 y 8
ABM: Riel creado entre 4 y 2
ABM: Riel creado entre 3 y 2
ABM: Riel creado entre 2 y 9
ABM: Riel creado entre 9 y 10
ABM: Riel creado entre 3 y 10
ABM: Riel creado entre 2 y 11
ABM: Riel creado entre 11 y 12
ABM: Riel creado entre 12 y 13
ABM: Riel creado entre 13 y 16
ABM: Riel creado entre 16 y 17
ABM: Riel creado entre 17 y 12
ABM: Riel creado entre 12 y 14
ABM: Riel creado entre 14 y 15
ABM: Riel creado entre 6 y 18
ABM: Riel creado entre 18 y 4
ABM: Riel creado entre 7 y 19
ABM: Riel creado entre 19 y 20
ABM: Riel creado entre 20 y 8
ABM: Riel creado entre 11 y 14
ABM: Riel creado entre 13 y 6
ABM: Riel creado entre 9 y 5
ABM: Riel creado entre 1 y 10
ABM: Riel creado entre 3 y 9
ABM: Se agrego Tren  [diesel] pas:6 carga:0 linea:Mitre
ABM: Se agrego Tren  [gasolina] pas:0 carga:0 linea:no-asignado
ABM: Se agrego Tren  [diesel] pas:8 carga:0 linea:Roca-Tandil
ABM: Se agrego Tren  [electrico] pas:8 carga:0 linea:San Martin
ABM: Se agrego Tren  [diesel] pas:5 carga:0 linea:Belgrano Norte
ABM: Se agrego Tren  [gasolina] pas:4 carga:0 linea:Mitre
ABM: Se agrego Tren  [electrico] pas:7 carga:0 linea:Roca-Tandil
ABM: Se agrego Tren  [diesel] pas:6 carga:0 linea:San Martin
ABM: Se agrego Tren  [electrico] pas:9 carga:0 linea:Belgrano Norte
ABM: Se agrego Tren  [diesel] pas:5 carga:0 linea:Mitre
ABM: Se agrego Tren  [gasolina] pas:3 carga:0 linea:no-asignado
ABM: Se agrego Tren  [electrico] pas:10 carga:0 linea:San Martin
ABM: Se agrego Tren  [diesel] pas:7 carga:0 linea:Roca-Tandil
ABM: Se agrego Tren  [diesel] pas:6 carga:0 linea:Belgrano Norte
ABM: Se agrego Tren  [electrico] pas:8 carga:0 linea:Mitre
ABM: Se agrego Tren  [gasolina] pas:4 carga:0 linea:no-asignado
ABM: Se agrego Tren  [diesel] pas:5 carga:0 linea:San Martin
ABM: Se agrego Tren  [electrico] pas:9 carga:0 linea:Roca-Tandil
ABM: Se agrego Tren  [diesel] pas:6 carga:0 linea:Belgrano Norte
ABM: Se agrego Tren  [electrico] pas:7 carga:0 linea:San Martin

=== ESTADO DEL SISTEMA POST-CARGA INICIAL ===
eed.tp.TrenesSaControlador@6ce253f1
==============================================

ABM: Se creó la estación Tandil
ABM: Se agrego Tandil (Tandil) - Av. España 745 CP:7000 | vías: 4, plataformas: 2
ABM: Se creó la estación Retiro
ABM: Se agrego Retiro (CABA) - Av. Dr. Jose Maria Ramos Mejia 1430 CP:C1104 | vías: 9, plataformas: 6
ABM: Se creó la estación Constitucion
ABM: Se agrego Constitucion (CABA) - Av. Brasil 1128 CP:C1154 | vías: 14, plataformas: 8
ABM: Se creó la estación Canuelas
ABM: Se agrego Canuelas (Canuelas) - Libertad 150 CP:1814 | vías: 3, plataformas: 2
ABM: Se creó la estación Las Flores
ABM: Se agrego Las Flores (Las Flores) - Av. Rivadavia 400 CP:7200 | vías: 2, plataformas: 2
ABM: Se creó la estación Neuquen
ABM: Se agrego Neuquen (capital) - Av. Brasil 1128 CP:C1154 | vías: 14, plataformas: 8
ABM: Se creó la estación Bariloche
ABM: Se agrego Bariloche (Rio negro) - Libertad 150 CP:1814 | vías: 3, plataformas: 2
ABM: Se creó la estación Tierra del fuego
ABM: Se agrego Tierra del fuego (tierra) - Av. Rivadavia 400 CP:7200 | vías: 2, plataformas: 2
ABM: Se creó la estación La Plata
ABM: Se agrego La Plata (Buenos Aires) - Calle 1 100 CP:1900 | vías: 5, plataformas: 4
ABM: Se creó la estación Mar del Plata
ABM: Se agrego Mar del Plata (Buenos Aires) - Av. Luro 200 CP:7600 | vías: 4, plataformas: 3
ABM: Se creó la estación Rosario
ABM: Se agrego Rosario (Santa Fe) - Aristobulo 300 CP:2000 | vías: 6, plataformas: 4
ABM: Se creó la estación Cordoba
ABM: Se agrego Cordoba (Cordoba) - Peron 400 CP:5000 | vías: 5, plataformas: 3
ABM: Se creó la estación Mendoza
ABM: Se agrego Mendoza (Mendoza) - Las Heras 500 CP:5500 | vías: 3, plataformas: 2
ABM: Se creó la estación Tucuman
ABM: Se agrego Tucuman (Tucuman) - Corrientes 600 CP:4000 | vías: 3, plataformas: 2
ABM: Se creó la estación Salta
ABM: Se agrego Salta (Salta) - Balcarce 700 CP:4400 | vías: 2, plataformas: 2
ABM: Se creó la estación San Juan
ABM: Se agrego San Juan (San Juan) - España 800 CP:5400 | vías: 2, plataformas: 2
ABM: Se creó la estación San Luis
ABM: Se agrego San Luis (San Luis) - Illia 900 CP:5700 | vías: 2, plataformas: 2
ABM: Se creó la estación Santa Rosa
ABM: Se agrego Santa Rosa (La Pampa) - Luro 1000 CP:6300 | vías: 2, plataformas: 2
ABM: Se creó la estación Viedma
ABM: Se agrego Viedma (Rio Negro) - Roca 1100 CP:8500 | vías: 2, plataformas: 2
ABM: Se creó la estación Rawson
ABM: Se agrego Rawson (Chubut) - Fontana 1200 CP:9103 | vías: 2, plataformas: 2
ABM: Riel creado entre 2 y 1
ABM: Riel creado entre 3 y 4
ABM: Riel creado entre 4 y 5
ABM: Riel creado entre 5 y 1
ABM: Riel creado entre 5 y 6
ABM: Riel creado entre 5 y 7
ABM: Riel creado entre 5 y 8
ABM: Riel creado entre 3 y 8
ABM: Riel creado entre 4 y 2
ABM: Riel creado entre 3 y 2
ABM: Riel creado entre 2 y 9
ABM: Riel creado entre 9 y 10
ABM: Riel creado entre 3 y 10
ABM: Riel creado entre 2 y 11
ABM: Riel creado entre 11 y 12
ABM: Riel creado entre 12 y 13
ABM: Riel creado entre 13 y 16
ABM: Riel creado entre 16 y 17
ABM: Riel creado entre 17 y 12
ABM: Riel creado entre 12 y 14
ABM: Riel creado entre 14 y 15
ABM: Riel creado entre 6 y 18
ABM: Riel creado entre 18 y 4
ABM: Riel creado entre 7 y 19
ABM: Riel creado entre 19 y 20
ABM: Riel creado entre 20 y 8
ABM: Riel creado entre 11 y 14
ABM: Riel creado entre 13 y 6
ABM: Riel creado entre 9 y 5
ABM: Riel creado entre 1 y 10
ABM: Riel creado entre 3 y 9
ABM: Se agrego Tren  [diesel] pas:6 carga:0 linea:Mitre
ABM: Se agrego Tren  [gasolina] pas:0 carga:0 linea:no-asignado
ABM: Se agrego Tren  [diesel] pas:8 carga:0 linea:Roca-Tandil
ABM: Se agrego Tren  [electrico] pas:8 carga:0 linea:San Martin
ABM: Se agrego Tren  [diesel] pas:5 carga:0 linea:Belgrano Norte
ABM: Se agrego Tren  [gasolina] pas:4 carga:0 linea:Mitre
ABM: Se agrego Tren  [electrico] pas:7 carga:0 linea:Roca-Tandil
ABM: Se agrego Tren  [diesel] pas:6 carga:0 linea:San Martin
ABM: Se agrego Tren  [electrico] pas:9 carga:0 linea:Belgrano Norte
ABM: Se agrego Tren  [diesel] pas:5 carga:0 linea:Mitre
ABM: Se agrego Tren  [gasolina] pas:3 carga:0 linea:no-asignado
ABM: Se agrego Tren  [electrico] pas:10 carga:0 linea:San Martin
ABM: Se agrego Tren  [diesel] pas:7 carga:0 linea:Roca-Tandil
ABM: Se agrego Tren  [diesel] pas:6 carga:0 linea:Belgrano Norte
ABM: Se agrego Tren  [electrico] pas:8 carga:0 linea:Mitre
ABM: Se agrego Tren  [gasolina] pas:4 carga:0 linea:no-asignado
ABM: Se agrego Tren  [diesel] pas:5 carga:0 linea:San Martin
ABM: Se agrego Tren  [electrico] pas:9 carga:0 linea:Roca-Tandil
ABM: Se agrego Tren  [diesel] pas:6 carga:0 linea:Belgrano Norte
ABM: Se agrego Tren  [electrico] pas:7 carga:0 linea:San Martin

=== ESTADO DEL SISTEMA POST-CARGA INICIAL ===
eed.tp.TrenesSaControlador@6ce253f1
==============================================

ABM: Se creó la estación Tandil
ABM: Se agrego Tandil (Tandil) - Av. España 745 CP:7000 | vías: 4, plataformas: 2
ABM: Se creó la estación Retiro
ABM: Se agrego Retiro (CABA) - Av. Dr. Jose Maria Ramos Mejia 1430 CP:C1104 | vías: 9, plataformas: 6
ABM: Se creó la estación Constitucion
ABM: Se agrego Constitucion (CABA) - Av. Brasil 1128 CP:C1154 | vías: 14, plataformas: 8
ABM: Se creó la estación Canuelas
ABM: Se agrego Canuelas (Canuelas) - Libertad 150 CP:1814 | vías: 3, plataformas: 2
ABM: Se creó la estación Las Flores
ABM: Se agrego Las Flores (Las Flores) - Av. Rivadavia 400 CP:7200 | vías: 2, plataformas: 2
ABM: Se creó la estación Neuquen
ABM: Se agrego Neuquen (capital) - Av. Brasil 1128 CP:C1154 | vías: 14, plataformas: 8
ABM: Se creó la estación Bariloche
ABM: Se agrego Bariloche (Rio negro) - Libertad 150 CP:1814 | vías: 3, plataformas: 2
ABM: Se creó la estación Tierra del fuego
ABM: Se agrego Tierra del fuego (tierra) - Av. Rivadavia 400 CP:7200 | vías: 2, plataformas: 2
ABM: Se creó la estación La Plata
ABM: Se agrego La Plata (Buenos Aires) - Calle 1 100 CP:1900 | vías: 5, plataformas: 4
ABM: Se creó la estación Mar del Plata
ABM: Se agrego Mar del Plata (Buenos Aires) - Av. Luro 200 CP:7600 | vías: 4, plataformas: 3
ABM: Se creó la estación Rosario
ABM: Se agrego Rosario (Santa Fe) - Aristobulo 300 CP:2000 | vías: 6, plataformas: 4
ABM: Se creó la estación Cordoba
ABM: Se agrego Cordoba (Cordoba) - Peron 400 CP:5000 | vías: 5, plataformas: 3
ABM: Se creó la estación Mendoza
ABM: Se agrego Mendoza (Mendoza) - Las Heras 500 CP:5500 | vías: 3, plataformas: 2
ABM: Se creó la estación Tucuman
ABM: Se agrego Tucuman (Tucuman) - Corrientes 600 CP:4000 | vías: 3, plataformas: 2
ABM: Se creó la estación Salta
ABM: Se agrego Salta (Salta) - Balcarce 700 CP:4400 | vías: 2, plataformas: 2
ABM: Se creó la estación San Juan
ABM: Se agrego San Juan (San Juan) - España 800 CP:5400 | vías: 2, plataformas: 2
ABM: Se creó la estación San Luis
ABM: Se agrego San Luis (San Luis) - Illia 900 CP:5700 | vías: 2, plataformas: 2
ABM: Se creó la estación Santa Rosa
ABM: Se agrego Santa Rosa (La Pampa) - Luro 1000 CP:6300 | vías: 2, plataformas: 2
ABM: Se creó la estación Viedma
ABM: Se agrego Viedma (Rio Negro) - Roca 1100 CP:8500 | vías: 2, plataformas: 2
ABM: Se creó la estación Rawson
ABM: Se agrego Rawson (Chubut) - Fontana 1200 CP:9103 | vías: 2, plataformas: 2
ABM: Riel creado entre 2 y 1
ABM: Riel creado entre 3 y 4
ABM: Riel creado entre 4 y 5
ABM: Riel creado entre 5 y 1
ABM: Riel creado entre 5 y 6
ABM: Riel creado entre 5 y 7
ABM: Riel creado entre 5 y 8
ABM: Riel creado entre 3 y 8
ABM: Riel creado entre 4 y 2
ABM: Riel creado entre 3 y 2
ABM: Riel creado entre 2 y 9
ABM: Riel creado entre 9 y 10
ABM: Riel creado entre 3 y 10
ABM: Riel creado entre 2 y 11
ABM: Riel creado entre 11 y 12
ABM: Riel creado entre 12 y 13
ABM: Riel creado entre 13 y 16
ABM: Riel creado entre 16 y 17
ABM: Riel creado entre 17 y 12
ABM: Riel creado entre 12 y 14
ABM: Riel creado entre 14 y 15
ABM: Riel creado entre 6 y 18
ABM: Riel creado entre 18 y 4
ABM: Riel creado entre 7 y 19
ABM: Riel creado entre 19 y 20
ABM: Riel creado entre 20 y 8
ABM: Riel creado entre 11 y 14
ABM: Riel creado entre 13 y 6
ABM: Riel creado entre 9 y 5
ABM: Riel creado entre 1 y 10
ABM: Riel creado entre 3 y 9
ABM: Se agrego Tren  [diesel] pas:6 carga:0 linea:Mitre
ABM: Se agrego Tren  [gasolina] pas:0 carga:0 linea:no-asignado
ABM: Se agrego Tren  [diesel] pas:8 carga:0 linea:Roca-Tandil
ABM: Se agrego Tren  [electrico] pas:8 carga:0 linea:San Martin
ABM: Se agrego Tren  [diesel] pas:5 carga:0 linea:Belgrano Norte
ABM: Se agrego Tren  [gasolina] pas:4 carga:0 linea:Mitre
ABM: Se agrego Tren  [electrico] pas:7 carga:0 linea:Roca-Tandil
ABM: Se agrego Tren  [diesel] pas:6 carga:0 linea:San Martin
ABM: Se agrego Tren  [electrico] pas:9 carga:0 linea:Belgrano Norte
ABM: Se agrego Tren  [diesel] pas:5 carga:0 linea:Mitre
ABM: Se agrego Tren  [gasolina] pas:3 carga:0 linea:no-asignado
ABM: Se agrego Tren  [electrico] pas:10 carga:0 linea:San Martin
ABM: Se agrego Tren  [diesel] pas:7 carga:0 linea:Roca-Tandil
ABM: Se agrego Tren  [diesel] pas:6 carga:0 linea:Belgrano Norte
ABM: Se agrego Tren  [electrico] pas:8 carga:0 linea:Mitre
ABM: Se agrego Tren  [gasolina] pas:4 carga:0 linea:no-asignado
ABM: Se agrego Tren  [diesel] pas:5 carga:0 linea:San Martin
ABM: Se agrego Tren  [electrico] pas:9 carga:0 linea:Roca-Tandil
ABM: Se agrego Tren  [diesel] pas:6 carga:0 linea:Belgrano Norte
ABM: Se agrego Tren  [electrico] pas:7 carga:0 linea:San Martin

=== ESTADO DEL SISTEMA POST-CARGA INICIAL ===
eed.tp.TrenesSaControlador@6ce253f1
==============================================

ABM: Se creó la estación Tandil
ABM: Se agrego Tandil (Tandil) - Av. España 745 CP:7000 | vías: 4, plataformas: 2
ABM: Se creó la estación Retiro
ABM: Se agrego Retiro (CABA) - Av. Dr. Jose Maria Ramos Mejia 1430 CP:C1104 | vías: 9, plataformas: 6
ABM: Se creó la estación Constitucion
ABM: Se agrego Constitucion (CABA) - Av. Brasil 1128 CP:C1154 | vías: 14, plataformas: 8
ABM: Se creó la estación Canuelas
ABM: Se agrego Canuelas (Canuelas) - Libertad 150 CP:1814 | vías: 3, plataformas: 2
ABM: Se creó la estación Las Flores
ABM: Se agrego Las Flores (Las Flores) - Av. Rivadavia 400 CP:7200 | vías: 2, plataformas: 2
ABM: Se creó la estación Neuquen
ABM: Se agrego Neuquen (capital) - Av. Brasil 1128 CP:C1154 | vías: 14, plataformas: 8
ABM: Se creó la estación Bariloche
ABM: Se agrego Bariloche (Rio negro) - Libertad 150 CP:1814 | vías: 3, plataformas: 2
ABM: Se creó la estación Tierra del fuego
ABM: Se agrego Tierra del fuego (tierra) - Av. Rivadavia 400 CP:7200 | vías: 2, plataformas: 2
ABM: Se creó la estación La Plata
ABM: Se agrego La Plata (Buenos Aires) - Calle 1 100 CP:1900 | vías: 5, plataformas: 4
ABM: Se creó la estación Mar del Plata
ABM: Se agrego Mar del Plata (Buenos Aires) - Av. Luro 200 CP:7600 | vías: 4, plataformas: 3
ABM: Se creó la estación Rosario
ABM: Se agrego Rosario (Santa Fe) - Aristobulo 300 CP:2000 | vías: 6, plataformas: 4
ABM: Se creó la estación Cordoba
ABM: Se agrego Cordoba (Cordoba) - Peron 400 CP:5000 | vías: 5, plataformas: 3
ABM: Se creó la estación Mendoza
ABM: Se agrego Mendoza (Mendoza) - Las Heras 500 CP:5500 | vías: 3, plataformas: 2
ABM: Se creó la estación Tucuman
ABM: Se agrego Tucuman (Tucuman) - Corrientes 600 CP:4000 | vías: 3, plataformas: 2
ABM: Se creó la estación Salta
ABM: Se agrego Salta (Salta) - Balcarce 700 CP:4400 | vías: 2, plataformas: 2
ABM: Se creó la estación San Juan
ABM: Se agrego San Juan (San Juan) - España 800 CP:5400 | vías: 2, plataformas: 2
ABM: Se creó la estación San Luis
ABM: Se agrego San Luis (San Luis) - Illia 900 CP:5700 | vías: 2, plataformas: 2
ABM: Se creó la estación Santa Rosa
ABM: Se agrego Santa Rosa (La Pampa) - Luro 1000 CP:6300 | vías: 2, plataformas: 2
ABM: Se creó la estación Viedma
ABM: Se agrego Viedma (Rio Negro) - Roca 1100 CP:8500 | vías: 2, plataformas: 2
ABM: Se creó la estación Rawson
ABM: Se agrego Rawson (Chubut) - Fontana 1200 CP:9103 | vías: 2, plataformas: 2
ABM: Riel creado entre 2 y 1
ABM: Riel creado entre 3 y 4
ABM: Riel creado entre 4 y 5
ABM: Riel creado entre 5 y 1
ABM: Riel creado entre 5 y 6
ABM: Riel creado entre 5 y 7
ABM: Riel creado entre 5 y 8
ABM: Riel creado entre 3 y 8
ABM: Riel creado entre 4 y 2
ABM: Riel creado entre 3 y 2
ABM: Riel creado entre 2 y 9
ABM: Riel creado entre 9 y 10
ABM: Riel creado entre 3 y 10
ABM: Riel creado entre 2 y 11
ABM: Riel creado entre 11 y 12
ABM: Riel creado entre 12 y 13
ABM: Riel creado entre 13 y 16
ABM: Riel creado entre 16 y 17
ABM: Riel creado entre 17 y 12
ABM: Riel creado entre 12 y 14
ABM: Riel creado entre 14 y 15
ABM: Riel creado entre 6 y 18
ABM: Riel creado entre 18 y 4
ABM: Riel creado entre 7 y 19
ABM: Riel creado entre 19 y 20
ABM: Riel creado entre 20 y 8
ABM: Riel creado entre 11 y 14
ABM: Riel creado entre 13 y 6
ABM: Riel creado entre 9 y 5
ABM: Riel creado entre 1 y 10
ABM: Riel creado entre 3 y 9
ABM: Se agrego Tren  [diesel] pas:6 carga:0 linea:Mitre
ABM: Se agrego Tren  [gasolina] pas:0 carga:0 linea:no-asignado
ABM: Se agrego Tren  [diesel] pas:8 carga:0 linea:Roca-Tandil
ABM: Se agrego Tren  [electrico] pas:8 carga:0 linea:San Martin
ABM: Se agrego Tren  [diesel] pas:5 carga:0 linea:Belgrano Norte
ABM: Se agrego Tren  [gasolina] pas:4 carga:0 linea:Mitre
ABM: Se agrego Tren  [electrico] pas:7 carga:0 linea:Roca-Tandil
ABM: Se agrego Tren  [diesel] pas:6 carga:0 linea:San Martin
ABM: Se agrego Tren  [electrico] pas:9 carga:0 linea:Belgrano Norte
ABM: Se agrego Tren  [diesel] pas:5 carga:0 linea:Mitre
ABM: Se agrego Tren  [gasolina] pas:3 carga:0 linea:no-asignado
ABM: Se agrego Tren  [electrico] pas:10 carga:0 linea:San Martin
ABM: Se agrego Tren  [diesel] pas:7 carga:0 linea:Roca-Tandil
ABM: Se agrego Tren  [diesel] pas:6 carga:0 linea:Belgrano Norte
ABM: Se agrego Tren  [electrico] pas:8 carga:0 linea:Mitre
ABM: Se agrego Tren  [gasolina] pas:4 carga:0 linea:no-asignado
ABM: Se agrego Tren  [diesel] pas:5 carga:0 linea:San Martin
ABM: Se agrego Tren  [electrico] pas:9 carga:0 linea:Roca-Tandil
ABM: Se agrego Tren  [diesel] pas:6 carga:0 linea:Belgrano Norte
ABM: Se agrego Tren  [electrico] pas:7 carga:0 linea:San Martin

=== ESTADO DEL SISTEMA POST-CARGA INICIAL ===
eed.tp.TrenesSaControlador@6ce253f1
==============================================

ABM: Se creó la estación Tandil
ABM: Se agrego Tandil (Tandil) - Av. España 745 CP:7000 | vías: 4, plataformas: 2
ABM: Se creó la estación Retiro
ABM: Se agrego Retiro (CABA) - Av. Dr. Jose Maria Ramos Mejia 1430 CP:C1104 | vías: 9, plataformas: 6
ABM: Se creó la estación Constitucion
ABM: Se agrego Constitucion (CABA) - Av. Brasil 1128 CP:C1154 | vías: 14, plataformas: 8
ABM: Se creó la estación Canuelas
ABM: Se agrego Canuelas (Canuelas) - Libertad 150 CP:1814 | vías: 3, plataformas: 2
ABM: Se creó la estación Las Flores
ABM: Se agrego Las Flores (Las Flores) - Av. Rivadavia 400 CP:7200 | vías: 2, plataformas: 2
ABM: Se creó la estación Neuquen
ABM: Se agrego Neuquen (capital) - Av. Brasil 1128 CP:C1154 | vías: 14, plataformas: 8
ABM: Se creó la estación Bariloche
ABM: Se agrego Bariloche (Rio negro) - Libertad 150 CP:1814 | vías: 3, plataformas: 2
ABM: Se creó la estación Tierra del fuego
ABM: Se agrego Tierra del fuego (tierra) - Av. Rivadavia 400 CP:7200 | vías: 2, plataformas: 2
ABM: Se creó la estación La Plata
ABM: Se agrego La Plata (Buenos Aires) - Calle 1 100 CP:1900 | vías: 5, plataformas: 4
ABM: Se creó la estación Mar del Plata
ABM: Se agrego Mar del Plata (Buenos Aires) - Av. Luro 200 CP:7600 | vías: 4, plataformas: 3
ABM: Se creó la estación Rosario
ABM: Se agrego Rosario (Santa Fe) - Aristobulo 300 CP:2000 | vías: 6, plataformas: 4
ABM: Se creó la estación Cordoba
ABM: Se agrego Cordoba (Cordoba) - Peron 400 CP:5000 | vías: 5, plataformas: 3
ABM: Se creó la estación Mendoza
ABM: Se agrego Mendoza (Mendoza) - Las Heras 500 CP:5500 | vías: 3, plataformas: 2
ABM: Se creó la estación Tucuman
ABM: Se agrego Tucuman (Tucuman) - Corrientes 600 CP:4000 | vías: 3, plataformas: 2
ABM: Se creó la estación Salta
ABM: Se agrego Salta (Salta) - Balcarce 700 CP:4400 | vías: 2, plataformas: 2
ABM: Se creó la estación San Juan
ABM: Se agrego San Juan (San Juan) - España 800 CP:5400 | vías: 2, plataformas: 2
ABM: Se creó la estación San Luis
ABM: Se agrego San Luis (San Luis) - Illia 900 CP:5700 | vías: 2, plataformas: 2
ABM: Se creó la estación Santa Rosa
ABM: Se agrego Santa Rosa (La Pampa) - Luro 1000 CP:6300 | vías: 2, plataformas: 2
ABM: Se creó la estación Viedma
ABM: Se agrego Viedma (Rio Negro) - Roca 1100 CP:8500 | vías: 2, plataformas: 2
ABM: Se creó la estación Rawson
ABM: Se agrego Rawson (Chubut) - Fontana 1200 CP:9103 | vías: 2, plataformas: 2
ABM: Riel creado entre 2 y 1
ABM: Riel creado entre 3 y 4
ABM: Riel creado entre 4 y 5
ABM: Riel creado entre 5 y 1
ABM: Riel creado entre 5 y 6
ABM: Riel creado entre 5 y 7
ABM: Riel creado entre 5 y 8
ABM: Riel creado entre 3 y 8
ABM: Riel creado entre 4 y 2
ABM: Riel creado entre 3 y 2
ABM: Riel creado entre 2 y 9
ABM: Riel creado entre 9 y 10
ABM: Riel creado entre 3 y 10
ABM: Riel creado entre 2 y 11
ABM: Riel creado entre 11 y 12
ABM: Riel creado entre 12 y 13
ABM: Riel creado entre 13 y 16
ABM: Riel creado entre 16 y 17
ABM: Riel creado entre 17 y 12
ABM: Riel creado entre 12 y 14
ABM: Riel creado entre 14 y 15
ABM: Riel creado entre 6 y 18
ABM: Riel creado entre 18 y 4
ABM: Riel creado entre 7 y 19
ABM: Riel creado entre 19 y 20
ABM: Riel creado entre 20 y 8
ABM: Riel creado entre 11 y 14
ABM: Riel creado entre 13 y 6
ABM: Riel creado entre 9 y 5
ABM: Riel creado entre 1 y 10
ABM: Riel creado entre 3 y 9
ABM: Se agrego Tren  [diesel] pas:6 carga:0 linea:Mitre
ABM: Se agrego Tren  [gasolina] pas:0 carga:0 linea:no-asignado
ABM: Se agrego Tren  [diesel] pas:8 carga:0 linea:Roca-Tandil
ABM: Se agrego Tren  [electrico] pas:8 carga:0 linea:San Martin
ABM: Se agrego Tren  [diesel] pas:5 carga:0 linea:Belgrano Norte
ABM: Se agrego Tren  [gasolina] pas:4 carga:0 linea:Mitre
ABM: Se agrego Tren  [electrico] pas:7 carga:0 linea:Roca-Tandil
ABM: Se agrego Tren  [diesel] pas:6 carga:0 linea:San Martin
ABM: Se agrego Tren  [electrico] pas:9 carga:0 linea:Belgrano Norte
ABM: Se agrego Tren  [diesel] pas:5 carga:0 linea:Mitre
ABM: Se agrego Tren  [gasolina] pas:3 carga:0 linea:no-asignado
ABM: Se agrego Tren  [electrico] pas:10 carga:0 linea:San Martin
ABM: Se agrego Tren  [diesel] pas:7 carga:0 linea:Roca-Tandil
ABM: Se agrego Tren  [diesel] pas:6 carga:0 linea:Belgrano Norte
ABM: Se agrego Tren  [electrico] pas:8 carga:0 linea:Mitre
ABM: Se agrego Tren  [gasolina] pas:4 carga:0 linea:no-asignado
ABM: Se agrego Tren  [diesel] pas:5 carga:0 linea:San Martin
ABM: Se agrego Tren  [electrico] pas:9 carga:0 linea:Roca-Tandil
ABM: Se agrego Tren  [diesel] pas:6 carga:0 linea:Belgrano Norte
ABM: Se agrego Tren  [electrico] pas:7 carga:0 linea:San Martin

=== ESTADO DEL SISTEMA POST-CARGA INICIAL ===
eed.tp.TrenesSaControlador@6ce253f1
==============================================

ABM: Se creó la estación Tandil
ABM: Se agrego Tandil (Tandil) - Av. España 745 CP:7000 | vías: 4, plataformas: 2
ABM: Se creó la estación Retiro
ABM: Se agrego Retiro (CABA) - Av. Dr. Jose Maria Ramos Mejia 1430 CP:C1104 | vías: 9, plataformas: 6
ABM: Se creó la estación Constitucion
ABM: Se agrego Constitucion (CABA) - Av. Brasil 1128 CP:C1154 | vías: 14, plataformas: 8
ABM: Se creó la estación Canuelas
ABM: Se agrego Canuelas (Canuelas) - Libertad 150 CP:1814 | vías: 3, plataformas: 2
ABM: Se creó la estación Las Flores
ABM: Se agrego Las Flores (Las Flores) - Av. Rivadavia 400 CP:7200 | vías: 2, plataformas: 2
ABM: Se creó la estación Neuquen
ABM: Se agrego Neuquen (capital) - Av. Brasil 1128 CP:C1154 | vías: 14, plataformas: 8
ABM: Se creó la estación Bariloche
ABM: Se agrego Bariloche (Rio negro) - Libertad 150 CP:1814 | vías: 3, plataformas: 2
ABM: Se creó la estación Tierra del fuego
ABM: Se agrego Tierra del fuego (tierra) - Av. Rivadavia 400 CP:7200 | vías: 2, plataformas: 2
ABM: Se creó la estación La Plata
ABM: Se agrego La Plata (Buenos Aires) - Calle 1 100 CP:1900 | vías: 5, plataformas: 4
ABM: Se creó la estación Mar del Plata
ABM: Se agrego Mar del Plata (Buenos Aires) - Av. Luro 200 CP:7600 | vías: 4, plataformas: 3
ABM: Se creó la estación Rosario
ABM: Se agrego Rosario (Santa Fe) - Aristobulo 300 CP:2000 | vías: 6, plataformas: 4
ABM: Se creó la estación Cordoba
ABM: Se agrego Cordoba (Cordoba) - Peron 400 CP:5000 | vías: 5, plataformas: 3
ABM: Se creó la estación Mendoza
ABM: Se agrego Mendoza (Mendoza) - Las Heras 500 CP:5500 | vías: 3, plataformas: 2
ABM: Se creó la estación Tucuman
ABM: Se agrego Tucuman (Tucuman) - Corrientes 600 CP:4000 | vías: 3, plataformas: 2
ABM: Se creó la estación Salta
ABM: Se agrego Salta (Salta) - Balcarce 700 CP:4400 | vías: 2, plataformas: 2
ABM: Se creó la estación San Juan
ABM: Se agrego San Juan (San Juan) - España 800 CP:5400 | vías: 2, plataformas: 2
ABM: Se creó la estación San Luis
ABM: Se agrego San Luis (San Luis) - Illia 900 CP:5700 | vías: 2, plataformas: 2
ABM: Se creó la estación Santa Rosa
ABM: Se agrego Santa Rosa (La Pampa) - Luro 1000 CP:6300 | vías: 2, plataformas: 2
ABM: Se creó la estación Viedma
ABM: Se agrego Viedma (Rio Negro) - Roca 1100 CP:8500 | vías: 2, plataformas: 2
ABM: Se creó la estación Rawson
ABM: Se agrego Rawson (Chubut) - Fontana 1200 CP:9103 | vías: 2, plataformas: 2
ABM: Riel creado entre 2 y 1
ABM: Riel creado entre 3 y 4
ABM: Riel creado entre 4 y 5
ABM: Riel creado entre 5 y 1
ABM: Riel creado entre 5 y 6
ABM: Riel creado entre 5 y 7
ABM: Riel creado entre 5 y 8
ABM: Riel creado entre 3 y 8
ABM: Riel creado entre 4 y 2
ABM: Riel creado entre 3 y 2
ABM: Riel creado entre 2 y 9
ABM: Riel creado entre 9 y 10
ABM: Riel creado entre 3 y 10
ABM: Riel creado entre 2 y 11
ABM: Riel creado entre 11 y 12
ABM: Riel creado entre 12 y 13
ABM: Riel creado entre 13 y 16
ABM: Riel creado entre 16 y 17
ABM: Riel creado entre 17 y 12
ABM: Riel creado entre 12 y 14
ABM: Riel creado entre 14 y 15
ABM: Riel creado entre 6 y 18
ABM: Riel creado entre 18 y 4
ABM: Riel creado entre 7 y 19
ABM: Riel creado entre 19 y 20
ABM: Riel creado entre 20 y 8
ABM: Riel creado entre 11 y 14
ABM: Riel creado entre 13 y 6
ABM: Riel creado entre 9 y 5
ABM: Riel creado entre 1 y 10
ABM: Riel creado entre 3 y 9
ABM: Se agrego Tren  [diesel] pas:6 carga:0 linea:Mitre
ABM: Se agrego Tren  [gasolina] pas:0 carga:0 linea:no-asignado
ABM: Se agrego Tren  [diesel] pas:8 carga:0 linea:Roca-Tandil
ABM: Se agrego Tren  [electrico] pas:8 carga:0 linea:San Martin
ABM: Se agrego Tren  [diesel] pas:5 carga:0 linea:Belgrano Norte
ABM: Se agrego Tren  [gasolina] pas:4 carga:0 linea:Mitre
ABM: Se agrego Tren  [electrico] pas:7 carga:0 linea:Roca-Tandil
ABM: Se agrego Tren  [diesel] pas:6 carga:0 linea:San Martin
ABM: Se agrego Tren  [electrico] pas:9 carga:0 linea:Belgrano Norte
ABM: Se agrego Tren  [diesel] pas:5 carga:0 linea:Mitre
ABM: Se agrego Tren  [gasolina] pas:3 carga:0 linea:no-asignado
ABM: Se agrego Tren  [electrico] pas:10 carga:0 linea:San Martin
ABM: Se agrego Tren  [diesel] pas:7 carga:0 linea:Roca-Tandil
ABM: Se agrego Tren  [diesel] pas:6 carga:0 linea:Belgrano Norte
ABM: Se agrego Tren  [electrico] pas:8 carga:0 linea:Mitre
ABM: Se agrego Tren  [gasolina] pas:4 carga:0 linea:no-asignado
ABM: Se agrego Tren  [diesel] pas:5 carga:0 linea:San Martin
ABM: Se agrego Tren  [electrico] pas:9 carga:0 linea:Roca-Tandil
ABM: Se agrego Tren  [diesel] pas:6 carga:0 linea:Belgrano Norte
ABM: Se agrego Tren  [electrico] pas:7 carga:0 linea:San Martin

=== ESTADO DEL SISTEMA POST-CARGA INICIAL ===
eed.tp.TrenesSaControlador@6ce253f1
==============================================

ABM: Se creó la estación Tandil
ABM: Se agrego Tandil (Tandil) - Av. España 745 CP:7000 | vías: 4, plataformas: 2
ABM: Se creó la estación Retiro
ABM: Se agrego Retiro (CABA) - Av. Dr. Jose Maria Ramos Mejia 1430 CP:C1104 | vías: 9, plataformas: 6
ABM: Se creó la estación Constitucion
ABM: Se agrego Constitucion (CABA) - Av. Brasil 1128 CP:C1154 | vías: 14, plataformas: 8
ABM: Se creó la estación Canuelas
ABM: Se agrego Canuelas (Canuelas) - Libertad 150 CP:1814 | vías: 3, plataformas: 2
ABM: Se creó la estación Las Flores
ABM: Se agrego Las Flores (Las Flores) - Av. Rivadavia 400 CP:7200 | vías: 2, plataformas: 2
ABM: Se creó la estación Neuquen
ABM: Se agrego Neuquen (capital) - Av. Brasil 1128 CP:C1154 | vías: 14, plataformas: 8
ABM: Se creó la estación Bariloche
ABM: Se agrego Bariloche (Rio negro) - Libertad 150 CP:1814 | vías: 3, plataformas: 2
ABM: Se creó la estación Tierra del fuego
ABM: Se agrego Tierra del fuego (tierra) - Av. Rivadavia 400 CP:7200 | vías: 2, plataformas: 2
ABM: Se creó la estación La Plata
ABM: Se agrego La Plata (Buenos Aires) - Calle 1 100 CP:1900 | vías: 5, plataformas: 4
ABM: Se creó la estación Mar del Plata
ABM: Se agrego Mar del Plata (Buenos Aires) - Av. Luro 200 CP:7600 | vías: 4, plataformas: 3
ABM: Se creó la estación Rosario
ABM: Se agrego Rosario (Santa Fe) - Aristobulo 300 CP:2000 | vías: 6, plataformas: 4
ABM: Se creó la estación Cordoba
ABM: Se agrego Cordoba (Cordoba) - Peron 400 CP:5000 | vías: 5, plataformas: 3
ABM: Se creó la estación Mendoza
ABM: Se agrego Mendoza (Mendoza) - Las Heras 500 CP:5500 | vías: 3, plataformas: 2
ABM: Se creó la estación Tucuman
ABM: Se agrego Tucuman (Tucuman) - Corrientes 600 CP:4000 | vías: 3, plataformas: 2
ABM: Se creó la estación Salta
ABM: Se agrego Salta (Salta) - Balcarce 700 CP:4400 | vías: 2, plataformas: 2
ABM: Se creó la estación San Juan
ABM: Se agrego San Juan (San Juan) - España 800 CP:5400 | vías: 2, plataformas: 2
ABM: Se creó la estación San Luis
ABM: Se agrego San Luis (San Luis) - Illia 900 CP:5700 | vías: 2, plataformas: 2
ABM: Se creó la estación Santa Rosa
ABM: Se agrego Santa Rosa (La Pampa) - Luro 1000 CP:6300 | vías: 2, plataformas: 2
ABM: Se creó la estación Viedma
ABM: Se agrego Viedma (Rio Negro) - Roca 1100 CP:8500 | vías: 2, plataformas: 2
ABM: Se creó la estación Rawson
ABM: Se agrego Rawson (Chubut) - Fontana 1200 CP:9103 | vías: 2, plataformas: 2
ABM: Riel creado entre 2 y 1
ABM: Riel creado entre 3 y 4
ABM: Riel creado entre 4 y 5
ABM: Riel creado entre 5 y 1
ABM: Riel creado entre 5 y 6
ABM: Riel creado entre 5 y 7
ABM: Riel creado entre 5 y 8
ABM: Riel creado entre 3 y 8
ABM: Riel creado entre 4 y 2
ABM: Riel creado entre 3 y 2
ABM: Riel creado entre 2 y 9
ABM: Riel creado entre 9 y 10
ABM: Riel creado entre 3 y 10
ABM: Riel creado entre 2 y 11
ABM: Riel creado entre 11 y 12
ABM: Riel creado entre 12 y 13
ABM: Riel creado entre 13 y 16
ABM: Riel creado entre 16 y 17
ABM: Riel creado entre 17 y 12
ABM: Riel creado entre 12 y 14
ABM: Riel creado entre 14 y 15
ABM: Riel creado entre 6 y 18
ABM: Riel creado entre 18 y 4
ABM: Riel creado entre 7 y 19
ABM: Riel creado entre 19 y 20
ABM: Riel creado entre 20 y 8
ABM: Riel creado entre 11 y 14
ABM: Riel creado entre 13 y 6
ABM: Riel creado entre 9 y 5
ABM: Riel creado entre 1 y 10
ABM: Riel creado entre 3 y 9
ABM: Se agrego Tren  [diesel] pas:6 carga:0 linea:Mitre
ABM: Se agrego Tren  [gasolina] pas:0 carga:0 linea:no-asignado
ABM: Se agrego Tren  [diesel] pas:8 carga:0 linea:Roca-Tandil
ABM: Se agrego Tren  [electrico] pas:8 carga:0 linea:San Martin
ABM: Se agrego Tren  [diesel] pas:5 carga:0 linea:Belgrano Norte
ABM: Se agrego Tren  [gasolina] pas:4 carga:0 linea:Mitre
ABM: Se agrego Tren  [electrico] pas:7 carga:0 linea:Roca-Tandil
ABM: Se agrego Tren  [diesel] pas:6 carga:0 linea:San Martin
ABM: Se agrego Tren  [electrico] pas:9 carga:0 linea:Belgrano Norte
ABM: Se agrego Tren  [diesel] pas:5 carga:0 linea:Mitre
ABM: Se agrego Tren  [gasolina] pas:3 carga:0 linea:no-asignado
ABM: Se agrego Tren  [electrico] pas:10 carga:0 linea:San Martin
ABM: Se agrego Tren  [diesel] pas:7 carga:0 linea:Roca-Tandil
ABM: Se agrego Tren  [diesel] pas:6 carga:0 linea:Belgrano Norte
ABM: Se agrego Tren  [electrico] pas:8 carga:0 linea:Mitre
ABM: Se agrego Tren  [gasolina] pas:4 carga:0 linea:no-asignado
ABM: Se agrego Tren  [diesel] pas:5 carga:0 linea:San Martin
ABM: Se agrego Tren  [electrico] pas:9 carga:0 linea:Roca-Tandil
ABM: Se agrego Tren  [diesel] pas:6 carga:0 linea:Belgrano Norte
ABM: Se agrego Tren  [electrico] pas:7 carga:0 linea:San Martin

=== ESTADO DEL SISTEMA POST-CARGA INICIAL ===
eed.tp.TrenesSaControlador@6ce253f1
==============================================

ABM: Se creó la estación Tandil
ABM: Se agrego Tandil (Tandil) - Av. España 745 CP:7000 | vías: 4, plataformas: 2
ABM: Se creó la estación Retiro
ABM: Se agrego Retiro (CABA) - Av. Dr. Jose Maria Ramos Mejia 1430 CP:C1104 | vías: 9, plataformas: 6
ABM: Se creó la estación Constitucion
ABM: Se agrego Constitucion (CABA) - Av. Brasil 1128 CP:C1154 | vías: 14, plataformas: 8
ABM: Se creó la estación Canuelas
ABM: Se agrego Canuelas (Canuelas) - Libertad 150 CP:1814 | vías: 3, plataformas: 2
ABM: Se creó la estación Las Flores
ABM: Se agrego Las Flores (Las Flores) - Av. Rivadavia 400 CP:7200 | vías: 2, plataformas: 2
ABM: Se creó la estación Neuquen
ABM: Se agrego Neuquen (capital) - Av. Brasil 1128 CP:C1154 | vías: 14, plataformas: 8
ABM: Se creó la estación Bariloche
ABM: Se agrego Bariloche (Rio negro) - Libertad 150 CP:1814 | vías: 3, plataformas: 2
ABM: Se creó la estación Tierra del fuego
ABM: Se agrego Tierra del fuego (tierra) - Av. Rivadavia 400 CP:7200 | vías: 2, plataformas: 2
ABM: Se creó la estación La Plata
ABM: Se agrego La Plata (Buenos Aires) - Calle 1 100 CP:1900 | vías: 5, plataformas: 4
ABM: Se creó la estación Mar del Plata
ABM: Se agrego Mar del Plata (Buenos Aires) - Av. Luro 200 CP:7600 | vías: 4, plataformas: 3
ABM: Se creó la estación Rosario
ABM: Se agrego Rosario (Santa Fe) - Aristobulo 300 CP:2000 | vías: 6, plataformas: 4
ABM: Se creó la estación Cordoba
ABM: Se agrego Cordoba (Cordoba) - Peron 400 CP:5000 | vías: 5, plataformas: 3
ABM: Se creó la estación Mendoza
ABM: Se agrego Mendoza (Mendoza) - Las Heras 500 CP:5500 | vías: 3, plataformas: 2
ABM: Se creó la estación Tucuman
ABM: Se agrego Tucuman (Tucuman) - Corrientes 600 CP:4000 | vías: 3, plataformas: 2
ABM: Se creó la estación Salta
ABM: Se agrego Salta (Salta) - Balcarce 700 CP:4400 | vías: 2, plataformas: 2
ABM: Se creó la estación San Juan
ABM: Se agrego San Juan (San Juan) - España 800 CP:5400 | vías: 2, plataformas: 2
ABM: Se creó la estación San Luis
ABM: Se agrego San Luis (San Luis) - Illia 900 CP:5700 | vías: 2, plataformas: 2
ABM: Se creó la estación Santa Rosa
ABM: Se agrego Santa Rosa (La Pampa) - Luro 1000 CP:6300 | vías: 2, plataformas: 2
ABM: Se creó la estación Viedma
ABM: Se agrego Viedma (Rio Negro) - Roca 1100 CP:8500 | vías: 2, plataformas: 2
ABM: Se creó la estación Rawson
ABM: Se agrego Rawson (Chubut) - Fontana 1200 CP:9103 | vías: 2, plataformas: 2
ABM: Riel creado entre 2 y 1
ABM: Riel creado entre 3 y 4
ABM: Riel creado entre 4 y 5
ABM: Riel creado entre 5 y 1
ABM: Riel creado entre 5 y 6
ABM: Riel creado entre 5 y 7
ABM: Riel creado entre 5 y 8
ABM: Riel creado entre 3 y 8
ABM: Riel creado entre 4 y 2
ABM: Riel creado entre 3 y 2
ABM: Riel creado entre 2 y 9
ABM: Riel creado entre 9 y 10
ABM: Riel creado entre 3 y 10
ABM: Riel creado entre 2 y 11
ABM: Riel creado entre 11 y 12
ABM: Riel creado entre 12 y 13
ABM: Riel creado entre 13 y 16
ABM: Riel creado entre 16 y 17
ABM: Riel creado entre 17 y 12
ABM: Riel creado entre 12 y 14
ABM: Riel creado entre 14 y 15
ABM: Riel creado entre 6 y 18
ABM: Riel creado entre 18 y 4
ABM: Riel creado entre 7 y 19
ABM: Riel creado entre 19 y 20
ABM: Riel creado entre 20 y 8
ABM: Riel creado entre 11 y 14
ABM: Riel creado entre 13 y 6
ABM: Riel creado entre 9 y 5
ABM: Riel creado entre 1 y 10
ABM: Riel creado entre 3 y 9
ABM: Se agrego Tren  [diesel] pas:6 carga:0 linea:Mitre
ABM: Se agrego Tren  [gasolina] pas:0 carga:0 linea:no-asignado
ABM: Se agrego Tren  [diesel] pas:8 carga:0 linea:Roca-Tandil
ABM: Se agrego Tren  [electrico] pas:8 carga:0 linea:San Martin
ABM: Se agrego Tren  [diesel] pas:5 carga:0 linea:Belgrano Norte
ABM: Se agrego Tren  [gasolina] pas:4 carga:0 linea:Mitre
ABM: Se agrego Tren  [electrico] pas:7 carga:0 linea:Roca-Tandil
ABM: Se agrego Tren  [diesel] pas:6 carga:0 linea:San Martin
ABM: Se agrego Tren  [electrico] pas:9 carga:0 linea:Belgrano Norte
ABM: Se agrego Tren  [diesel] pas:5 carga:0 linea:Mitre
ABM: Se agrego Tren  [gasolina] pas:3 carga:0 linea:no-asignado
ABM: Se agrego Tren  [electrico] pas:10 carga:0 linea:San Martin
ABM: Se agrego Tren  [diesel] pas:7 carga:0 linea:Roca-Tandil
ABM: Se agrego Tren  [diesel] pas:6 carga:0 linea:Belgrano Norte
ABM: Se agrego Tren  [electrico] pas:8 carga:0 linea:Mitre
ABM: Se agrego Tren  [gasolina] pas:4 carga:0 linea:no-asignado
ABM: Se agrego Tren  [diesel] pas:5 carga:0 linea:San Martin
ABM: Se agrego Tren  [electrico] pas:9 carga:0 linea:Roca-Tandil
ABM: Se agrego Tren  [diesel] pas:6 carga:0 linea:Belgrano Norte
ABM: Se agrego Tren  [electrico] pas:7 carga:0 linea:San Martin

=== ESTADO DEL SISTEMA POST-CARGA INICIAL ===
eed.tp.TrenesSaControlador@6ce253f1
==============================================

ABM: Se creó la estación Tandil
ABM: Se agrego Tandil (Tandil) - Av. España 745 CP:7000 | vías: 4, plataformas: 2
ABM: Se creó la estación Retiro
ABM: Se agrego Retiro (CABA) - Av. Dr. Jose Maria Ramos Mejia 1430 CP:C1104 | vías: 9, plataformas: 6
ABM: Se creó la estación Constitucion
ABM: Se agrego Constitucion (CABA) - Av. Brasil 1128 CP:C1154 | vías: 14, plataformas: 8
ABM: Se creó la estación Canuelas
ABM: Se agrego Canuelas (Canuelas) - Libertad 150 CP:1814 | vías: 3, plataformas: 2
ABM: Se creó la estación Las Flores
ABM: Se agrego Las Flores (Las Flores) - Av. Rivadavia 400 CP:7200 | vías: 2, plataformas: 2
ABM: Se creó la estación Neuquen
ABM: Se agrego Neuquen (capital) - Av. Brasil 1128 CP:C1154 | vías: 14, plataformas: 8
ABM: Se creó la estación Bariloche
ABM: Se agrego Bariloche (Rio negro) - Libertad 150 CP:1814 | vías: 3, plataformas: 2
ABM: Se creó la estación Tierra del fuego
ABM: Se agrego Tierra del fuego (tierra) - Av. Rivadavia 400 CP:7200 | vías: 2, plataformas: 2
ABM: Se creó la estación La Plata
ABM: Se agrego La Plata (Buenos Aires) - Calle 1 100 CP:1900 | vías: 5, plataformas: 4
ABM: Se creó la estación Mar del Plata
ABM: Se agrego Mar del Plata (Buenos Aires) - Av. Luro 200 CP:7600 | vías: 4, plataformas: 3
ABM: Se creó la estación Rosario
ABM: Se agrego Rosario (Santa Fe) - Aristobulo 300 CP:2000 | vías: 6, plataformas: 4
ABM: Se creó la estación Cordoba
ABM: Se agrego Cordoba (Cordoba) - Peron 400 CP:5000 | vías: 5, plataformas: 3
ABM: Se creó la estación Mendoza
ABM: Se agrego Mendoza (Mendoza) - Las Heras 500 CP:5500 | vías: 3, plataformas: 2
ABM: Se creó la estación Tucuman
ABM: Se agrego Tucuman (Tucuman) - Corrientes 600 CP:4000 | vías: 3, plataformas: 2
ABM: Se creó la estación Salta
ABM: Se agrego Salta (Salta) - Balcarce 700 CP:4400 | vías: 2, plataformas: 2
ABM: Se creó la estación San Juan
ABM: Se agrego San Juan (San Juan) - España 800 CP:5400 | vías: 2, plataformas: 2
ABM: Se creó la estación San Luis
ABM: Se agrego San Luis (San Luis) - Illia 900 CP:5700 | vías: 2, plataformas: 2
ABM: Se creó la estación Santa Rosa
ABM: Se agrego Santa Rosa (La Pampa) - Luro 1000 CP:6300 | vías: 2, plataformas: 2
ABM: Se creó la estación Viedma
ABM: Se agrego Viedma (Rio Negro) - Roca 1100 CP:8500 | vías: 2, plataformas: 2
ABM: Se creó la estación Rawson
ABM: Se agrego Rawson (Chubut) - Fontana 1200 CP:9103 | vías: 2, plataformas: 2
ABM: Riel creado entre 2 y 1
ABM: Riel creado entre 3 y 4
ABM: Riel creado entre 4 y 5
ABM: Riel creado entre 5 y 1
ABM: Riel creado entre 5 y 6
ABM: Riel creado entre 5 y 7
ABM: Riel creado entre 5 y 8
ABM: Riel creado entre 3 y 8
ABM: Riel creado entre 4 y 2
ABM: Riel creado entre 3 y 2
ABM: Riel creado entre 2 y 9
ABM: Riel creado entre 9 y 10
ABM: Riel creado entre 3 y 10
ABM: Riel creado entre 2 y 11
ABM: Riel creado entre 11 y 12
ABM: Riel creado entre 12 y 13
ABM: Riel creado entre 13 y 16
ABM: Riel creado entre 16 y 17
ABM: Riel creado entre 17 y 12
ABM: Riel creado entre 12 y 14
ABM: Riel creado entre 14 y 15
ABM: Riel creado entre 6 y 18
ABM: Riel creado entre 18 y 4
ABM: Riel creado entre 7 y 19
ABM: Riel creado entre 19 y 20
ABM: Riel creado entre 20 y 8
ABM: Riel creado entre 11 y 14
ABM: Riel creado entre 13 y 6
ABM: Riel creado entre 9 y 5
ABM: Riel creado entre 1 y 10
ABM: Riel creado entre 3 y 9
ABM: Se agrego Tren  [diesel] pas:6 carga:0 linea:Mitre
ABM: Se agrego Tren  [gasolina] pas:0 carga:0 linea:no-asignado
ABM: Se agrego Tren  [diesel] pas:8 carga:0 linea:Roca-Tandil
ABM: Se agrego Tren  [electrico] pas:8 carga:0 linea:San Martin
ABM: Se agrego Tren  [diesel] pas:5 carga:0 linea:Belgrano Norte
ABM: Se agrego Tren  [gasolina] pas:4 carga:0 linea:Mitre
ABM: Se agrego Tren  [electrico] pas:7 carga:0 linea:Roca-Tandil
ABM: Se agrego Tren  [diesel] pas:6 carga:0 linea:San Martin
ABM: Se agrego Tren  [electrico] pas:9 carga:0 linea:Belgrano Norte
ABM: Se agrego Tren  [diesel] pas:5 carga:0 linea:Mitre
ABM: Se agrego Tren  [gasolina] pas:3 carga:0 linea:no-asignado
ABM: Se agrego Tren  [electrico] pas:10 carga:0 linea:San Martin
ABM: Se agrego Tren  [diesel] pas:7 carga:0 linea:Roca-Tandil
ABM: Se agrego Tren  [diesel] pas:6 carga:0 linea:Belgrano Norte
ABM: Se agrego Tren  [electrico] pas:8 carga:0 linea:Mitre
ABM: Se agrego Tren  [gasolina] pas:4 carga:0 linea:no-asignado
ABM: Se agrego Tren  [diesel] pas:5 carga:0 linea:San Martin
ABM: Se agrego Tren  [electrico] pas:9 carga:0 linea:Roca-Tandil
ABM: Se agrego Tren  [diesel] pas:6 carga:0 linea:Belgrano Norte
ABM: Se agrego Tren  [electrico] pas:7 carga:0 linea:San Martin

=== ESTADO DEL SISTEMA POST-CARGA INICIAL ===
eed.tp.TrenesSaControlador@6ce253f1
==============================================

ABM: Se creó la estación Tandil
ABM: Se agrego Tandil (Tandil) - Av. España 745 CP:7000 | vías: 4, plataformas: 2
ABM: Se creó la estación Retiro
ABM: Se agrego Retiro (CABA) - Av. Dr. Jose Maria Ramos Mejia 1430 CP:C1104 | vías: 9, plataformas: 6
ABM: Se creó la estación Constitucion
ABM: Se agrego Constitucion (CABA) - Av. Brasil 1128 CP:C1154 | vías: 14, plataformas: 8
ABM: Se creó la estación Canuelas
ABM: Se agrego Canuelas (Canuelas) - Libertad 150 CP:1814 | vías: 3, plataformas: 2
ABM: Se creó la estación Las Flores
ABM: Se agrego Las Flores (Las Flores) - Av. Rivadavia 400 CP:7200 | vías: 2, plataformas: 2
ABM: Se creó la estación Neuquen
ABM: Se agrego Neuquen (capital) - Av. Brasil 1128 CP:C1154 | vías: 14, plataformas: 8
ABM: Se creó la estación Bariloche
ABM: Se agrego Bariloche (Rio negro) - Libertad 150 CP:1814 | vías: 3, plataformas: 2
ABM: Se creó la estación Tierra del fuego
ABM: Se agrego Tierra del fuego (tierra) - Av. Rivadavia 400 CP:7200 | vías: 2, plataformas: 2
ABM: Se creó la estación La Plata
ABM: Se agrego La Plata (Buenos Aires) - Calle 1 100 CP:1900 | vías: 5, plataformas: 4
ABM: Se creó la estación Mar del Plata
ABM: Se agrego Mar del Plata (Buenos Aires) - Av. Luro 200 CP:7600 | vías: 4, plataformas: 3
ABM: Se creó la estación Rosario
ABM: Se agrego Rosario (Santa Fe) - Aristobulo 300 CP:2000 | vías: 6, plataformas: 4
ABM: Se creó la estación Cordoba
ABM: Se agrego Cordoba (Cordoba) - Peron 400 CP:5000 | vías: 5, plataformas: 3
ABM: Se creó la estación Mendoza
ABM: Se agrego Mendoza (Mendoza) - Las Heras 500 CP:5500 | vías: 3, plataformas: 2
ABM: Se creó la estación Tucuman
ABM: Se agrego Tucuman (Tucuman) - Corrientes 600 CP:4000 | vías: 3, plataformas: 2
ABM: Se creó la estación Salta
ABM: Se agrego Salta (Salta) - Balcarce 700 CP:4400 | vías: 2, plataformas: 2
ABM: Se creó la estación San Juan
ABM: Se agrego San Juan (San Juan) - España 800 CP:5400 | vías: 2, plataformas: 2
ABM: Se creó la estación San Luis
ABM: Se agrego San Luis (San Luis) - Illia 900 CP:5700 | vías: 2, plataformas: 2
ABM: Se creó la estación Santa Rosa
ABM: Se agrego Santa Rosa (La Pampa) - Luro 1000 CP:6300 | vías: 2, plataformas: 2
ABM: Se creó la estación Viedma
ABM: Se agrego Viedma (Rio Negro) - Roca 1100 CP:8500 | vías: 2, plataformas: 2
ABM: Se creó la estación Rawson
ABM: Se agrego Rawson (Chubut) - Fontana 1200 CP:9103 | vías: 2, plataformas: 2
ABM: Riel creado entre 2 y 1
ABM: Riel creado entre 3 y 4
ABM: Riel creado entre 4 y 5
ABM: Riel creado entre 5 y 1
ABM: Riel creado entre 5 y 6
ABM: Riel creado entre 5 y 7
ABM: Riel creado entre 5 y 8
ABM: Riel creado entre 3 y 8
ABM: Riel creado entre 4 y 2
ABM: Riel creado entre 3 y 2
ABM: Riel creado entre 2 y 9
ABM: Riel creado entre 9 y 10
ABM: Riel creado entre 3 y 10
ABM: Riel creado entre 2 y 11
ABM: Riel creado entre 11 y 12
ABM: Riel creado entre 12 y 13
ABM: Riel creado entre 13 y 16
ABM: Riel creado entre 16 y 17
ABM: Riel creado entre 17 y 12
ABM: Riel creado entre 12 y 14
ABM: Riel creado entre 14 y 15
ABM: Riel creado entre 6 y 18
ABM: Riel creado entre 18 y 4
ABM: Riel creado entre 7 y 19
ABM: Riel creado entre 19 y 20
ABM: Riel creado entre 20 y 8
ABM: Riel creado entre 11 y 14
ABM: Riel creado entre 13 y 6
ABM: Riel creado entre 9 y 5
ABM: Riel creado entre 1 y 10
ABM: Riel creado entre 3 y 9
ABM: Se agrego Tren  [diesel] pas:6 carga:0 linea:Mitre
ABM: Se agrego Tren  [gasolina] pas:0 carga:0 linea:no-asignado
ABM: Se agrego Tren  [diesel] pas:8 carga:0 linea:Roca-Tandil
ABM: Se agrego Tren  [electrico] pas:8 carga:0 linea:San Martin
ABM: Se agrego Tren  [diesel] pas:5 carga:0 linea:Belgrano Norte
ABM: Se agrego Tren  [gasolina] pas:4 carga:0 linea:Mitre
ABM: Se agrego Tren  [electrico] pas:7 carga:0 linea:Roca-Tandil
ABM: Se agrego Tren  [diesel] pas:6 carga:0 linea:San Martin
ABM: Se agrego Tren  [electrico] pas:9 carga:0 linea:Belgrano Norte
ABM: Se agrego Tren  [diesel] pas:5 carga:0 linea:Mitre
ABM: Se agrego Tren  [gasolina] pas:3 carga:0 linea:no-asignado
ABM: Se agrego Tren  [electrico] pas:10 carga:0 linea:San Martin
ABM: Se agrego Tren  [diesel] pas:7 carga:0 linea:Roca-Tandil
ABM: Se agrego Tren  [diesel] pas:6 carga:0 linea:Belgrano Norte
ABM: Se agrego Tren  [electrico] pas:8 carga:0 linea:Mitre
ABM: Se agrego Tren  [gasolina] pas:4 carga:0 linea:no-asignado
ABM: Se agrego Tren  [diesel] pas:5 carga:0 linea:San Martin
ABM: Se agrego Tren  [electrico] pas:9 carga:0 linea:Roca-Tandil
ABM: Se agrego Tren  [diesel] pas:6 carga:0 linea:Belgrano Norte
ABM: Se agrego Tren  [electrico] pas:7 carga:0 linea:San Martin

=== ESTADO DEL SISTEMA POST-CARGA INICIAL ===
eed.tp.TrenesSaControlador@6ce253f1
==============================================

ABM: Se creó la estación Tandil
ABM: Se agrego Tandil (Tandil) - Av. España 745 CP:7000 | vías: 4, plataformas: 2
ABM: Se creó la estación Retiro
ABM: Se agrego Retiro (CABA) - Av. Dr. Jose Maria Ramos Mejia 1430 CP:C1104 | vías: 9, plataformas: 6
ABM: Se creó la estación Constitucion
ABM: Se agrego Constitucion (CABA) - Av. Brasil 1128 CP:C1154 | vías: 14, plataformas: 8
ABM: Se creó la estación Canuelas
ABM: Se agrego Canuelas (Canuelas) - Libertad 150 CP:1814 | vías: 3, plataformas: 2
ABM: Se creó la estación Las Flores
ABM: Se agrego Las Flores (Las Flores) - Av. Rivadavia 400 CP:7200 | vías: 2, plataformas: 2
ABM: Se creó la estación Neuquen
ABM: Se agrego Neuquen (capital) - Av. Brasil 1128 CP:C1154 | vías: 14, plataformas: 8
ABM: Se creó la estación Bariloche
ABM: Se agrego Bariloche (Rio negro) - Libertad 150 CP:1814 | vías: 3, plataformas: 2
ABM: Se creó la estación Tierra del fuego
ABM: Se agrego Tierra del fuego (tierra) - Av. Rivadavia 400 CP:7200 | vías: 2, plataformas: 2
ABM: Se creó la estación La Plata
ABM: Se agrego La Plata (Buenos Aires) - Calle 1 100 CP:1900 | vías: 5, plataformas: 4
ABM: Se creó la estación Mar del Plata
ABM: Se agrego Mar del Plata (Buenos Aires) - Av. Luro 200 CP:7600 | vías: 4, plataformas: 3
ABM: Se creó la estación Rosario
ABM: Se agrego Rosario (Santa Fe) - Aristobulo 300 CP:2000 | vías: 6, plataformas: 4
ABM: Se creó la estación Cordoba
ABM: Se agrego Cordoba (Cordoba) - Peron 400 CP:5000 | vías: 5, plataformas: 3
ABM: Se creó la estación Mendoza
ABM: Se agrego Mendoza (Mendoza) - Las Heras 500 CP:5500 | vías: 3, plataformas: 2
ABM: Se creó la estación Tucuman
ABM: Se agrego Tucuman (Tucuman) - Corrientes 600 CP:4000 | vías: 3, plataformas: 2
ABM: Se creó la estación Salta
ABM: Se agrego Salta (Salta) - Balcarce 700 CP:4400 | vías: 2, plataformas: 2
ABM: Se creó la estación San Juan
ABM: Se agrego San Juan (San Juan) - España 800 CP:5400 | vías: 2, plataformas: 2
ABM: Se creó la estación San Luis
ABM: Se agrego San Luis (San Luis) - Illia 900 CP:5700 | vías: 2, plataformas: 2
ABM: Se creó la estación Santa Rosa
ABM: Se agrego Santa Rosa (La Pampa) - Luro 1000 CP:6300 | vías: 2, plataformas: 2
ABM: Se creó la estación Viedma
ABM: Se agrego Viedma (Rio Negro) - Roca 1100 CP:8500 | vías: 2, plataformas: 2
ABM: Se creó la estación Rawson
ABM: Se agrego Rawson (Chubut) - Fontana 1200 CP:9103 | vías: 2, plataformas: 2
ABM: Riel creado entre 2 y 1
ABM: Riel creado entre 3 y 4
ABM: Riel creado entre 4 y 5
ABM: Riel creado entre 5 y 1
ABM: Riel creado entre 5 y 6
ABM: Riel creado entre 5 y 7
ABM: Riel creado entre 5 y 8
ABM: Riel creado entre 3 y 8
ABM: Riel creado entre 4 y 2
ABM: Riel creado entre 3 y 2
ABM: Riel creado entre 2 y 9
ABM: Riel creado entre 9 y 10
ABM: Riel creado entre 3 y 10
ABM: Riel creado entre 2 y 11
ABM: Riel creado entre 11 y 12
ABM: Riel creado entre 12 y 13
ABM: Riel creado entre 13 y 16
ABM: Riel creado entre 16 y 17
ABM: Riel creado entre 17 y 12
ABM: Riel creado entre 12 y 14
ABM: Riel creado entre 14 y 15
ABM: Riel creado entre 6 y 18
ABM: Riel creado entre 18 y 4
ABM: Riel creado entre 7 y 19
ABM: Riel creado entre 19 y 20
ABM: Riel creado entre 20 y 8
ABM: Riel creado entre 11 y 14
ABM: Riel creado entre 13 y 6
ABM: Riel creado entre 9 y 5
ABM: Riel creado entre 1 y 10
ABM: Riel creado entre 3 y 9
ABM: Se agrego Tren  [diesel] pas:6 carga:0 linea:Mitre
ABM: Se agrego Tren  [gasolina] pas:0 carga:0 linea:no-asignado
ABM: Se agrego Tren  [diesel] pas:8 carga:0 linea:Roca-Tandil
ABM: Se agrego Tren  [electrico] pas:8 carga:0 linea:San Martin
ABM: Se agrego Tren  [diesel] pas:5 carga:0 linea:Belgrano Norte
ABM: Se agrego Tren  [gasolina] pas:4 carga:0 linea:Mitre
ABM: Se agrego Tren  [electrico] pas:7 carga:0 linea:Roca-Tandil
ABM: Se agrego Tren  [diesel] pas:6 carga:0 linea:San Martin
ABM: Se agrego Tren  [electrico] pas:9 carga:0 linea:Belgrano Norte
ABM: Se agrego Tren  [diesel] pas:5 carga:0 linea:Mitre
ABM: Se agrego Tren  [gasolina] pas:3 carga:0 linea:no-asignado
ABM: Se agrego Tren  [electrico] pas:10 carga:0 linea:San Martin
ABM: Se agrego Tren  [diesel] pas:7 carga:0 linea:Roca-Tandil
ABM: Se agrego Tren  [diesel] pas:6 carga:0 linea:Belgrano Norte
ABM: Se agrego Tren  [electrico] pas:8 carga:0 linea:Mitre
ABM: Se agrego Tren  [gasolina] pas:4 carga:0 linea:no-asignado
ABM: Se agrego Tren  [diesel] pas:5 carga:0 linea:San Martin
ABM: Se agrego Tren  [electrico] pas:9 carga:0 linea:Roca-Tandil
ABM: Se agrego Tren  [diesel] pas:6 carga:0 linea:Belgrano Norte
ABM: Se agrego Tren  [electrico] pas:7 carga:0 linea:San Martin

=== ESTADO DEL SISTEMA POST-CARGA INICIAL ===
eed.tp.TrenesSaControlador@6ce253f1
==============================================

ABM: Se creó la estación Tandil
ABM: Se agrego Tandil (Tandil) - Av. España 745 CP:7000 | vías: 4, plataformas: 2
ABM: Se creó la estación Retiro
ABM: Se agrego Retiro (CABA) - Av. Dr. Jose Maria Ramos Mejia 1430 CP:C1104 | vías: 9, plataformas: 6
ABM: Se creó la estación Constitucion
ABM: Se agrego Constitucion (CABA) - Av. Brasil 1128 CP:C1154 | vías: 14, plataformas: 8
ABM: Se creó la estación Canuelas
ABM: Se agrego Canuelas (Canuelas) - Libertad 150 CP:1814 | vías: 3, plataformas: 2
ABM: Se creó la estación Las Flores
ABM: Se agrego Las Flores (Las Flores) - Av. Rivadavia 400 CP:7200 | vías: 2, plataformas: 2
ABM: Se creó la estación Neuquen
ABM: Se agrego Neuquen (capital) - Av. Brasil 1128 CP:C1154 | vías: 14, plataformas: 8
ABM: Se creó la estación Bariloche
ABM: Se agrego Bariloche (Rio negro) - Libertad 150 CP:1814 | vías: 3, plataformas: 2
ABM: Se creó la estación Tierra del fuego
ABM: Se agrego Tierra del fuego (tierra) - Av. Rivadavia 400 CP:7200 | vías: 2, plataformas: 2
ABM: Se creó la estación La Plata
ABM: Se agrego La Plata (Buenos Aires) - Calle 1 100 CP:1900 | vías: 5, plataformas: 4
ABM: Se creó la estación Mar del Plata
ABM: Se agrego Mar del Plata (Buenos Aires) - Av. Luro 200 CP:7600 | vías: 4, plataformas: 3
ABM: Se creó la estación Rosario
ABM: Se agrego Rosario (Santa Fe) - Aristobulo 300 CP:2000 | vías: 6, plataformas: 4
ABM: Se creó la estación Cordoba
ABM: Se agrego Cordoba (Cordoba) - Peron 400 CP:5000 | vías: 5, plataformas: 3
ABM: Se creó la estación Mendoza
ABM: Se agrego Mendoza (Mendoza) - Las Heras 500 CP:5500 | vías: 3, plataformas: 2
ABM: Se creó la estación Tucuman
ABM: Se agrego Tucuman (Tucuman) - Corrientes 600 CP:4000 | vías: 3, plataformas: 2
ABM: Se creó la estación Salta
ABM: Se agrego Salta (Salta) - Balcarce 700 CP:4400 | vías: 2, plataformas: 2
ABM: Se creó la estación San Juan
ABM: Se agrego San Juan (San Juan) - España 800 CP:5400 | vías: 2, plataformas: 2
ABM: Se creó la estación San Luis
ABM: Se agrego San Luis (San Luis) - Illia 900 CP:5700 | vías: 2, plataformas: 2
ABM: Se creó la estación Santa Rosa
ABM: Se agrego Santa Rosa (La Pampa) - Luro 1000 CP:6300 | vías: 2, plataformas: 2
ABM: Se creó la estación Viedma
ABM: Se agrego Viedma (Rio Negro) - Roca 1100 CP:8500 | vías: 2, plataformas: 2
ABM: Se creó la estación Rawson
ABM: Se agrego Rawson (Chubut) - Fontana 1200 CP:9103 | vías: 2, plataformas: 2
ABM: Riel creado entre 2 y 1
ABM: Riel creado entre 3 y 4
ABM: Riel creado entre 4 y 5
ABM: Riel creado entre 5 y 1
ABM: Riel creado entre 5 y 6
ABM: Riel creado entre 5 y 7
ABM: Riel creado entre 5 y 8
ABM: Riel creado entre 3 y 8
ABM: Riel creado entre 4 y 2
ABM: Riel creado entre 3 y 2
ABM: Riel creado entre 2 y 9
ABM: Riel creado entre 9 y 10
ABM: Riel creado entre 3 y 10
ABM: Riel creado entre 2 y 11
ABM: Riel creado entre 11 y 12
ABM: Riel creado entre 12 y 13
ABM: Riel creado entre 13 y 16
ABM: Riel creado entre 16 y 17
ABM: Riel creado entre 17 y 12
ABM: Riel creado entre 12 y 14
ABM: Riel creado entre 14 y 15
ABM: Riel creado entre 6 y 18
ABM: Riel creado entre 18 y 4
ABM: Riel creado entre 7 y 19
ABM: Riel creado entre 19 y 20
ABM: Riel creado entre 20 y 8
ABM: Riel creado entre 11 y 14
ABM: Riel creado entre 13 y 6
ABM: Riel creado entre 9 y 5
ABM: Riel creado entre 1 y 10
ABM: Riel creado entre 3 y 9
ABM: Se agrego Tren  [diesel] pas:6 carga:0 linea:Mitre
ABM: Se agrego Tren  [gasolina] pas:0 carga:0 linea:no-asignado
ABM: Se agrego Tren  [diesel] pas:8 carga:0 linea:Roca-Tandil
ABM: Se agrego Tren  [electrico] pas:8 carga:0 linea:San Martin
ABM: Se agrego Tren  [diesel] pas:5 carga:0 linea:Belgrano Norte
ABM: Se agrego Tren  [gasolina] pas:4 carga:0 linea:Mitre
ABM: Se agrego Tren  [electrico] pas:7 carga:0 linea:Roca-Tandil
ABM: Se agrego Tren  [diesel] pas:6 carga:0 linea:San Martin
ABM: Se agrego Tren  [electrico] pas:9 carga:0 linea:Belgrano Norte
ABM: Se agrego Tren  [diesel] pas:5 carga:0 linea:Mitre
ABM: Se agrego Tren  [gasolina] pas:3 carga:0 linea:no-asignado
ABM: Se agrego Tren  [electrico] pas:10 carga:0 linea:San Martin
ABM: Se agrego Tren  [diesel] pas:7 carga:0 linea:Roca-Tandil
ABM: Se agrego Tren  [diesel] pas:6 carga:0 linea:Belgrano Norte
ABM: Se agrego Tren  [electrico] pas:8 carga:0 linea:Mitre
ABM: Se agrego Tren  [gasolina] pas:4 carga:0 linea:no-asignado
ABM: Se agrego Tren  [diesel] pas:5 carga:0 linea:San Martin
ABM: Se agrego Tren  [electrico] pas:9 carga:0 linea:Roca-Tandil
ABM: Se agrego Tren  [diesel] pas:6 carga:0 linea:Belgrano Norte
ABM: Se agrego Tren  [electrico] pas:7 carga:0 linea:San Martin

=== ESTADO DEL SISTEMA POST-CARGA INICIAL ===
eed.tp.TrenesSaControlador@6ce253f1
==============================================

ABM: Se creó la estación Tandil
ABM: Se agrego Tandil (Tandil) - Av. España 745 CP:7000 | vías: 4, plataformas: 2
ABM: Se creó la estación Retiro
ABM: Se agrego Retiro (CABA) - Av. Dr. Jose Maria Ramos Mejia 1430 CP:C1104 | vías: 9, plataformas: 6
ABM: Se creó la estación Constitucion
ABM: Se agrego Constitucion (CABA) - Av. Brasil 1128 CP:C1154 | vías: 14, plataformas: 8
ABM: Se creó la estación Canuelas
ABM: Se agrego Canuelas (Canuelas) - Libertad 150 CP:1814 | vías: 3, plataformas: 2
ABM: Se creó la estación Las Flores
ABM: Se agrego Las Flores (Las Flores) - Av. Rivadavia 400 CP:7200 | vías: 2, plataformas: 2
ABM: Se creó la estación Neuquen
ABM: Se agrego Neuquen (capital) - Av. Brasil 1128 CP:C1154 | vías: 14, plataformas: 8
ABM: Se creó la estación Bariloche
ABM: Se agrego Bariloche (Rio negro) - Libertad 150 CP:1814 | vías: 3, plataformas: 2
ABM: Se creó la estación Tierra del fuego
ABM: Se agrego Tierra del fuego (tierra) - Av. Rivadavia 400 CP:7200 | vías: 2, plataformas: 2
ABM: Se creó la estación La Plata
ABM: Se agrego La Plata (Buenos Aires) - Calle 1 100 CP:1900 | vías: 5, plataformas: 4
ABM: Se creó la estación Mar del Plata
ABM: Se agrego Mar del Plata (Buenos Aires) - Av. Luro 200 CP:7600 | vías: 4, plataformas: 3
ABM: Se creó la estación Rosario
ABM: Se agrego Rosario (Santa Fe) - Aristobulo 300 CP:2000 | vías: 6, plataformas: 4
ABM: Se creó la estación Cordoba
ABM: Se agrego Cordoba (Cordoba) - Peron 400 CP:5000 | vías: 5, plataformas: 3
ABM: Se creó la estación Mendoza
ABM: Se agrego Mendoza (Mendoza) - Las Heras 500 CP:5500 | vías: 3, plataformas: 2
ABM: Se creó la estación Tucuman
ABM: Se agrego Tucuman (Tucuman) - Corrientes 600 CP:4000 | vías: 3, plataformas: 2
ABM: Se creó la estación Salta
ABM: Se agrego Salta (Salta) - Balcarce 700 CP:4400 | vías: 2, plataformas: 2
ABM: Se creó la estación San Juan
ABM: Se agrego San Juan (San Juan) - España 800 CP:5400 | vías: 2, plataformas: 2
ABM: Se creó la estación San Luis
ABM: Se agrego San Luis (San Luis) - Illia 900 CP:5700 | vías: 2, plataformas: 2
ABM: Se creó la estación Santa Rosa
ABM: Se agrego Santa Rosa (La Pampa) - Luro 1000 CP:6300 | vías: 2, plataformas: 2
ABM: Se creó la estación Viedma
ABM: Se agrego Viedma (Rio Negro) - Roca 1100 CP:8500 | vías: 2, plataformas: 2
ABM: Se creó la estación Rawson
ABM: Se agrego Rawson (Chubut) - Fontana 1200 CP:9103 | vías: 2, plataformas: 2
ABM: Riel creado entre 2 y 1
ABM: Riel creado entre 3 y 4
ABM: Riel creado entre 4 y 5
ABM: Riel creado entre 5 y 1
ABM: Riel creado entre 5 y 6
ABM: Riel creado entre 5 y 7
ABM: Riel creado entre 5 y 8
ABM: Riel creado entre 3 y 8
ABM: Riel creado entre 4 y 2
ABM: Riel creado entre 3 y 2
ABM: Riel creado entre 2 y 9
ABM: Riel creado entre 9 y 10
ABM: Riel creado entre 3 y 10
ABM: Riel creado entre 2 y 11
ABM: Riel creado entre 11 y 12
ABM: Riel creado entre 12 y 13
ABM: Riel creado entre 13 y 16
ABM: Riel creado entre 16 y 17
ABM: Riel creado entre 17 y 12
ABM: Riel creado entre 12 y 14
ABM: Riel creado entre 14 y 15
ABM: Riel creado entre 6 y 18
ABM: Riel creado entre 18 y 4
ABM: Riel creado entre 7 y 19
ABM: Riel creado entre 19 y 20
ABM: Riel creado entre 20 y 8
ABM: Riel creado entre 11 y 14
ABM: Riel creado entre 13 y 6
ABM: Riel creado entre 9 y 5
ABM: Riel creado entre 1 y 10
ABM: Riel creado entre 3 y 9
ABM: Se agrego Tren  [diesel] pas:6 carga:0 linea:Mitre
ABM: Se agrego Tren  [gasolina] pas:0 carga:0 linea:no-asignado
ABM: Se agrego Tren  [diesel] pas:8 carga:0 linea:Roca-Tandil
ABM: Se agrego Tren  [electrico] pas:8 carga:0 linea:San Martin
ABM: Se agrego Tren  [diesel] pas:5 carga:0 linea:Belgrano Norte
ABM: Se agrego Tren  [gasolina] pas:4 carga:0 linea:Mitre
ABM: Se agrego Tren  [electrico] pas:7 carga:0 linea:Roca-Tandil
ABM: Se agrego Tren  [diesel] pas:6 carga:0 linea:San Martin
ABM: Se agrego Tren  [electrico] pas:9 carga:0 linea:Belgrano Norte
ABM: Se agrego Tren  [diesel] pas:5 carga:0 linea:Mitre
ABM: Se agrego Tren  [gasolina] pas:3 carga:0 linea:no-asignado
ABM: Se agrego Tren  [electrico] pas:10 carga:0 linea:San Martin
ABM: Se agrego Tren  [diesel] pas:7 carga:0 linea:Roca-Tandil
ABM: Se agrego Tren  [diesel] pas:6 carga:0 linea:Belgrano Norte
ABM: Se agrego Tren  [electrico] pas:8 carga:0 linea:Mitre
ABM: Se agrego Tren  [gasolina] pas:4 carga:0 linea:no-asignado
ABM: Se agrego Tren  [diesel] pas:5 carga:0 linea:San Martin
ABM: Se agrego Tren  [electrico] pas:9 carga:0 linea:Roca-Tandil
ABM: Se agrego Tren  [diesel] pas:6 carga:0 linea:Belgrano Norte
ABM: Se agrego Tren  [electrico] pas:7 carga:0 linea:San Martin

=== ESTADO DEL SISTEMA POST-CARGA INICIAL ===
eed.tp.TrenesSaControlador@6ce253f1
==============================================

ABM: Se creó la estación Tandil
ABM: Se agrego Tandil (Tandil) - Av. España 745 CP:7000 | vías: 4, plataformas: 2
ABM: Se creó la estación Retiro
ABM: Se agrego Retiro (CABA) - Av. Dr. Jose Maria Ramos Mejia 1430 CP:C1104 | vías: 9, plataformas: 6
ABM: Se creó la estación Constitucion
ABM: Se agrego Constitucion (CABA) - Av. Brasil 1128 CP:C1154 | vías: 14, plataformas: 8
ABM: Se creó la estación Canuelas
ABM: Se agrego Canuelas (Canuelas) - Libertad 150 CP:1814 | vías: 3, plataformas: 2
ABM: Se creó la estación Las Flores
ABM: Se agrego Las Flores (Las Flores) - Av. Rivadavia 400 CP:7200 | vías: 2, plataformas: 2
ABM: Se creó la estación Neuquen
ABM: Se agrego Neuquen (capital) - Av. Brasil 1128 CP:C1154 | vías: 14, plataformas: 8
ABM: Se creó la estación Bariloche
ABM: Se agrego Bariloche (Rio negro) - Libertad 150 CP:1814 | vías: 3, plataformas: 2
ABM: Se creó la estación Tierra del fuego
ABM: Se agrego Tierra del fuego (tierra) - Av. Rivadavia 400 CP:7200 | vías: 2, plataformas: 2
ABM: Se creó la estación La Plata
ABM: Se agrego La Plata (Buenos Aires) - Calle 1 100 CP:1900 | vías: 5, plataformas: 4
ABM: Se creó la estación Mar del Plata
ABM: Se agrego Mar del Plata (Buenos Aires) - Av. Luro 200 CP:7600 | vías: 4, plataformas: 3
ABM: Se creó la estación Rosario
ABM: Se agrego Rosario (Santa Fe) - Aristobulo 300 CP:2000 | vías: 6, plataformas: 4
ABM: Se creó la estación Cordoba
ABM: Se agrego Cordoba (Cordoba) - Peron 400 CP:5000 | vías: 5, plataformas: 3
ABM: Se creó la estación Mendoza
ABM: Se agrego Mendoza (Mendoza) - Las Heras 500 CP:5500 | vías: 3, plataformas: 2
ABM: Se creó la estación Tucuman
ABM: Se agrego Tucuman (Tucuman) - Corrientes 600 CP:4000 | vías: 3, plataformas: 2
ABM: Se creó la estación Salta
ABM: Se agrego Salta (Salta) - Balcarce 700 CP:4400 | vías: 2, plataformas: 2
ABM: Se creó la estación San Juan
ABM: Se agrego San Juan (San Juan) - España 800 CP:5400 | vías: 2, plataformas: 2
ABM: Se creó la estación San Luis
ABM: Se agrego San Luis (San Luis) - Illia 900 CP:5700 | vías: 2, plataformas: 2
ABM: Se creó la estación Santa Rosa
ABM: Se agrego Santa Rosa (La Pampa) - Luro 1000 CP:6300 | vías: 2, plataformas: 2
ABM: Se creó la estación Viedma
ABM: Se agrego Viedma (Rio Negro) - Roca 1100 CP:8500 | vías: 2, plataformas: 2
ABM: Se creó la estación Rawson
ABM: Se agrego Rawson (Chubut) - Fontana 1200 CP:9103 | vías: 2, plataformas: 2
ABM: Riel creado entre 2 y 1
ABM: Riel creado entre 3 y 4
ABM: Riel creado entre 4 y 5
ABM: Riel creado entre 5 y 1
ABM: Riel creado entre 5 y 6
ABM: Riel creado entre 5 y 7
ABM: Riel creado entre 5 y 8
ABM: Riel creado entre 3 y 8
ABM: Riel creado entre 4 y 2
ABM: Riel creado entre 3 y 2
ABM: Riel creado entre 2 y 9
ABM: Riel creado entre 9 y 10
ABM: Riel creado entre 3 y 10
ABM: Riel creado entre 2 y 11
ABM: Riel creado entre 11 y 12
ABM: Riel creado entre 12 y 13
ABM: Riel creado entre 13 y 16
ABM: Riel creado entre 16 y 17
ABM: Riel creado entre 17 y 12
ABM: Riel creado entre 12 y 14
ABM: Riel creado entre 14 y 15
ABM: Riel creado entre 6 y 18
ABM: Riel creado entre 18 y 4
ABM: Riel creado entre 7 y 19
ABM: Riel creado entre 19 y 20
ABM: Riel creado entre 20 y 8
ABM: Riel creado entre 11 y 14
ABM: Riel creado entre 13 y 6
ABM: Riel creado entre 9 y 5
ABM: Riel creado entre 1 y 10
ABM: Riel creado entre 3 y 9
ABM: Se agrego Tren  [diesel] pas:6 carga:0 linea:Mitre
ABM: Se agrego Tren  [gasolina] pas:0 carga:0 linea:no-asignado
ABM: Se agrego Tren  [diesel] pas:8 carga:0 linea:Roca-Tandil
ABM: Se agrego Tren  [electrico] pas:8 carga:0 linea:San Martin
ABM: Se agrego Tren  [diesel] pas:5 carga:0 linea:Belgrano Norte
ABM: Se agrego Tren  [gasolina] pas:4 carga:0 linea:Mitre
ABM: Se agrego Tren  [electrico] pas:7 carga:0 linea:Roca-Tandil
ABM: Se agrego Tren  [diesel] pas:6 carga:0 linea:San Martin
ABM: Se agrego Tren  [electrico] pas:9 carga:0 linea:Belgrano Norte
ABM: Se agrego Tren  [diesel] pas:5 carga:0 linea:Mitre
ABM: Se agrego Tren  [gasolina] pas:3 carga:0 linea:no-asignado
ABM: Se agrego Tren  [electrico] pas:10 carga:0 linea:San Martin
ABM: Se agrego Tren  [diesel] pas:7 carga:0 linea:Roca-Tandil
ABM: Se agrego Tren  [diesel] pas:6 carga:0 linea:Belgrano Norte
ABM: Se agrego Tren  [electrico] pas:8 carga:0 linea:Mitre
ABM: Se agrego Tren  [gasolina] pas:4 carga:0 linea:no-asignado
ABM: Se agrego Tren  [diesel] pas:5 carga:0 linea:San Martin
ABM: Se agrego Tren  [electrico] pas:9 carga:0 linea:Roca-Tandil
ABM: Se agrego Tren  [diesel] pas:6 carga:0 linea:Belgrano Norte
ABM: Se agrego Tren  [electrico] pas:7 carga:0 linea:San Martin

=== ESTADO DEL SISTEMA POST-CARGA INICIAL ===
eed.tp.TrenesSaControlador@6ce253f1
==============================================

ABM: Se creó la estación Tandil
ABM: Se agrego Tandil (Tandil) - Av. España 745 CP:7000 | vías: 4, plataformas: 2
ABM: Se creó la estación Retiro
ABM: Se agrego Retiro (CABA) - Av. Dr. Jose Maria Ramos Mejia 1430 CP:C1104 | vías: 9, plataformas: 6
ABM: Se creó la estación Constitucion
ABM: Se agrego Constitucion (CABA) - Av. Brasil 1128 CP:C1154 | vías: 14, plataformas: 8
ABM: Se creó la estación Canuelas
ABM: Se agrego Canuelas (Canuelas) - Libertad 150 CP:1814 | vías: 3, plataformas: 2
ABM: Se creó la estación Las Flores
ABM: Se agrego Las Flores (Las Flores) - Av. Rivadavia 400 CP:7200 | vías: 2, plataformas: 2
ABM: Se creó la estación Neuquen
ABM: Se agrego Neuquen (capital) - Av. Brasil 1128 CP:C1154 | vías: 14, plataformas: 8
ABM: Se creó la estación Bariloche
ABM: Se agrego Bariloche (Rio negro) - Libertad 150 CP:1814 | vías: 3, plataformas: 2
ABM: Se creó la estación Tierra del fuego
ABM: Se agrego Tierra del fuego (tierra) - Av. Rivadavia 400 CP:7200 | vías: 2, plataformas: 2
ABM: Se creó la estación La Plata
ABM: Se agrego La Plata (Buenos Aires) - Calle 1 100 CP:1900 | vías: 5, plataformas: 4
ABM: Se creó la estación Mar del Plata
ABM: Se agrego Mar del Plata (Buenos Aires) - Av. Luro 200 CP:7600 | vías: 4, plataformas: 3
ABM: Se creó la estación Rosario
ABM: Se agrego Rosario (Santa Fe) - Aristobulo 300 CP:2000 | vías: 6, plataformas: 4
ABM: Se creó la estación Cordoba
ABM: Se agrego Cordoba (Cordoba) - Peron 400 CP:5000 | vías: 5, plataformas: 3
ABM: Se creó la estación Mendoza
ABM: Se agrego Mendoza (Mendoza) - Las Heras 500 CP:5500 | vías: 3, plataformas: 2
ABM: Se creó la estación Tucuman
ABM: Se agrego Tucuman (Tucuman) - Corrientes 600 CP:4000 | vías: 3, plataformas: 2
ABM: Se creó la estación Salta
ABM: Se agrego Salta (Salta) - Balcarce 700 CP:4400 | vías: 2, plataformas: 2
ABM: Se creó la estación San Juan
ABM: Se agrego San Juan (San Juan) - España 800 CP:5400 | vías: 2, plataformas: 2
ABM: Se creó la estación San Luis
ABM: Se agrego San Luis (San Luis) - Illia 900 CP:5700 | vías: 2, plataformas: 2
ABM: Se creó la estación Santa Rosa
ABM: Se agrego Santa Rosa (La Pampa) - Luro 1000 CP:6300 | vías: 2, plataformas: 2
ABM: Se creó la estación Viedma
ABM: Se agrego Viedma (Rio Negro) - Roca 1100 CP:8500 | vías: 2, plataformas: 2
ABM: Se creó la estación Rawson
ABM: Se agrego Rawson (Chubut) - Fontana 1200 CP:9103 | vías: 2, plataformas: 2
ABM: Riel creado entre 2 y 1
ABM: Riel creado entre 3 y 4
ABM: Riel creado entre 4 y 5
ABM: Riel creado entre 5 y 1
ABM: Riel creado entre 5 y 6
ABM: Riel creado entre 5 y 7
ABM: Riel creado entre 5 y 8
ABM: Riel creado entre 3 y 8
ABM: Riel creado entre 4 y 2
ABM: Riel creado entre 3 y 2
ABM: Riel creado entre 2 y 9
ABM: Riel creado entre 9 y 10
ABM: Riel creado entre 3 y 10
ABM: Riel creado entre 2 y 11
ABM: Riel creado entre 11 y 12
ABM: Riel creado entre 12 y 13
ABM: Riel creado entre 13 y 16
ABM: Riel creado entre 16 y 17
ABM: Riel creado entre 17 y 12
ABM: Riel creado entre 12 y 14
ABM: Riel creado entre 14 y 15
ABM: Riel creado entre 6 y 18
ABM: Riel creado entre 18 y 4
ABM: Riel creado entre 7 y 19
ABM: Riel creado entre 19 y 20
ABM: Riel creado entre 20 y 8
ABM: Riel creado entre 11 y 14
ABM: Riel creado entre 13 y 6
ABM: Riel creado entre 9 y 5
ABM: Riel creado entre 1 y 10
ABM: Riel creado entre 3 y 9
ABM: Se agrego Tren  [diesel] pas:6 carga:0 linea:Mitre
ABM: Se agrego Tren  [gasolina] pas:0 carga:0 linea:no-asignado
ABM: Se agrego Tren  [diesel] pas:8 carga:0 linea:Roca-Tandil
ABM: Se agrego Tren  [electrico] pas:8 carga:0 linea:San Martin
ABM: Se agrego Tren  [diesel] pas:5 carga:0 linea:Belgrano Norte
ABM: Se agrego Tren  [gasolina] pas:4 carga:0 linea:Mitre
ABM: Se agrego Tren  [electrico] pas:7 carga:0 linea:Roca-Tandil
ABM: Se agrego Tren  [diesel] pas:6 carga:0 linea:San Martin
ABM: Se agrego Tren  [electrico] pas:9 carga:0 linea:Belgrano Norte
ABM: Se agrego Tren  [diesel] pas:5 carga:0 linea:Mitre
ABM: Se agrego Tren  [gasolina] pas:3 carga:0 linea:no-asignado
ABM: Se agrego Tren  [electrico] pas:10 carga:0 linea:San Martin
ABM: Se agrego Tren  [diesel] pas:7 carga:0 linea:Roca-Tandil
ABM: Se agrego Tren  [diesel] pas:6 carga:0 linea:Belgrano Norte
ABM: Se agrego Tren  [electrico] pas:8 carga:0 linea:Mitre
ABM: Se agrego Tren  [gasolina] pas:4 carga:0 linea:no-asignado
ABM: Se agrego Tren  [diesel] pas:5 carga:0 linea:San Martin
ABM: Se agrego Tren  [electrico] pas:9 carga:0 linea:Roca-Tandil
ABM: Se agrego Tren  [diesel] pas:6 carga:0 linea:Belgrano Norte
ABM: Se agrego Tren  [electrico] pas:7 carga:0 linea:San Martin

=== ESTADO DEL SISTEMA POST-CARGA INICIAL ===
eed.tp.TrenesSaControlador@6ce253f1
==============================================

ABM: Se creó la estación Tandil
ABM: Se agrego Tandil (Tandil) - Av. España 745 CP:7000 | vías: 4, plataformas: 2
ABM: Se creó la estación Retiro
ABM: Se agrego Retiro (CABA) - Av. Dr. Jose Maria Ramos Mejia 1430 CP:C1104 | vías: 9, plataformas: 6
ABM: Se creó la estación Constitucion
ABM: Se agrego Constitucion (CABA) - Av. Brasil 1128 CP:C1154 | vías: 14, plataformas: 8
ABM: Se creó la estación Canuelas
ABM: Se agrego Canuelas (Canuelas) - Libertad 150 CP:1814 | vías: 3, plataformas: 2
ABM: Se creó la estación Las Flores
ABM: Se agrego Las Flores (Las Flores) - Av. Rivadavia 400 CP:7200 | vías: 2, plataformas: 2
ABM: Se creó la estación Neuquen
ABM: Se agrego Neuquen (capital) - Av. Brasil 1128 CP:C1154 | vías: 14, plataformas: 8
ABM: Se creó la estación Bariloche
ABM: Se agrego Bariloche (Rio negro) - Libertad 150 CP:1814 | vías: 3, plataformas: 2
ABM: Se creó la estación Tierra del fuego
ABM: Se agrego Tierra del fuego (tierra) - Av. Rivadavia 400 CP:7200 | vías: 2, plataformas: 2
ABM: Se creó la estación La Plata
ABM: Se agrego La Plata (Buenos Aires) - Calle 1 100 CP:1900 | vías: 5, plataformas: 4
ABM: Se creó la estación Mar del Plata
ABM: Se agrego Mar del Plata (Buenos Aires) - Av. Luro 200 CP:7600 | vías: 4, plataformas: 3
ABM: Se creó la estación Rosario
ABM: Se agrego Rosario (Santa Fe) - Aristobulo 300 CP:2000 | vías: 6, plataformas: 4
ABM: Se creó la estación Cordoba
ABM: Se agrego Cordoba (Cordoba) - Peron 400 CP:5000 | vías: 5, plataformas: 3
ABM: Se creó la estación Mendoza
ABM: Se agrego Mendoza (Mendoza) - Las Heras 500 CP:5500 | vías: 3, plataformas: 2
ABM: Se creó la estación Tucuman
ABM: Se agrego Tucuman (Tucuman) - Corrientes 600 CP:4000 | vías: 3, plataformas: 2
ABM: Se creó la estación Salta
ABM: Se agrego Salta (Salta) - Balcarce 700 CP:4400 | vías: 2, plataformas: 2
ABM: Se creó la estación San Juan
ABM: Se agrego San Juan (San Juan) - España 800 CP:5400 | vías: 2, plataformas: 2
ABM: Se creó la estación San Luis
ABM: Se agrego San Luis (San Luis) - Illia 900 CP:5700 | vías: 2, plataformas: 2
ABM: Se creó la estación Santa Rosa
ABM: Se agrego Santa Rosa (La Pampa) - Luro 1000 CP:6300 | vías: 2, plataformas: 2
ABM: Se creó la estación Viedma
ABM: Se agrego Viedma (Rio Negro) - Roca 1100 CP:8500 | vías: 2, plataformas: 2
ABM: Se creó la estación Rawson
ABM: Se agrego Rawson (Chubut) - Fontana 1200 CP:9103 | vías: 2, plataformas: 2
ABM: Riel creado entre 2 y 1
ABM: Riel creado entre 3 y 4
ABM: Riel creado entre 4 y 5
ABM: Riel creado entre 5 y 1
ABM: Riel creado entre 5 y 6
ABM: Riel creado entre 5 y 7
ABM: Riel creado entre 5 y 8
ABM: Riel creado entre 3 y 8
ABM: Riel creado entre 4 y 2
ABM: Riel creado entre 3 y 2
ABM: Riel creado entre 2 y 9
ABM: Riel creado entre 9 y 10
ABM: Riel creado entre 3 y 10
ABM: Riel creado entre 2 y 11
ABM: Riel creado entre 11 y 12
ABM: Riel creado entre 12 y 13
ABM: Riel creado entre 13 y 16
ABM: Riel creado entre 16 y 17
ABM: Riel creado entre 17 y 12
ABM: Riel creado entre 12 y 14
ABM: Riel creado entre 14 y 15
ABM: Riel creado entre 6 y 18
ABM: Riel creado entre 18 y 4
ABM: Riel creado entre 7 y 19
ABM: Riel creado entre 19 y 20
ABM: Riel creado entre 20 y 8
ABM: Riel creado entre 11 y 14
ABM: Riel creado entre 13 y 6
ABM: Riel creado entre 9 y 5
ABM: Riel creado entre 1 y 10
ABM: Riel creado entre 3 y 9
ABM: Se agrego Tren  [diesel] pas:6 carga:0 linea:Mitre
ABM: Se agrego Tren  [gasolina] pas:0 carga:0 linea:no-asignado
ABM: Se agrego Tren  [diesel] pas:8 carga:0 linea:Roca-Tandil
ABM: Se agrego Tren  [electrico] pas:8 carga:0 linea:San Martin
ABM: Se agrego Tren  [diesel] pas:5 carga:0 linea:Belgrano Norte
ABM: Se agrego Tren  [gasolina] pas:4 carga:0 linea:Mitre
ABM: Se agrego Tren  [electrico] pas:7 carga:0 linea:Roca-Tandil
ABM: Se agrego Tren  [diesel] pas:6 carga:0 linea:San Martin
ABM: Se agrego Tren  [electrico] pas:9 carga:0 linea:Belgrano Norte
ABM: Se agrego Tren  [diesel] pas:5 carga:0 linea:Mitre
ABM: Se agrego Tren  [gasolina] pas:3 carga:0 linea:no-asignado
ABM: Se agrego Tren  [electrico] pas:10 carga:0 linea:San Martin
ABM: Se agrego Tren  [diesel] pas:7 carga:0 linea:Roca-Tandil
ABM: Se agrego Tren  [diesel] pas:6 carga:0 linea:Belgrano Norte
ABM: Se agrego Tren  [electrico] pas:8 carga:0 linea:Mitre
ABM: Se agrego Tren  [gasolina] pas:4 carga:0 linea:no-asignado
ABM: Se agrego Tren  [diesel] pas:5 carga:0 linea:San Martin
ABM: Se agrego Tren  [electrico] pas:9 carga:0 linea:Roca-Tandil
ABM: Se agrego Tren  [diesel] pas:6 carga:0 linea:Belgrano Norte
ABM: Se agrego Tren  [electrico] pas:7 carga:0 linea:San Martin

=== ESTADO DEL SISTEMA POST-CARGA INICIAL ===
eed.tp.TrenesSaControlador@6ce253f1
==============================================

ABM: Se creó la estación Tandil
ABM: Se agrego Tandil (Tandil) - Av. España 745 CP:7000 | vías: 4, plataformas: 2
ABM: Se creó la estación Retiro
ABM: Se agrego Retiro (CABA) - Av. Dr. Jose Maria Ramos Mejia 1430 CP:C1104 | vías: 9, plataformas: 6
ABM: Se creó la estación Constitucion
ABM: Se agrego Constitucion (CABA) - Av. Brasil 1128 CP:C1154 | vías: 14, plataformas: 8
ABM: Se creó la estación Canuelas
ABM: Se agrego Canuelas (Canuelas) - Libertad 150 CP:1814 | vías: 3, plataformas: 2
ABM: Se creó la estación Las Flores
ABM: Se agrego Las Flores (Las Flores) - Av. Rivadavia 400 CP:7200 | vías: 2, plataformas: 2
ABM: Se creó la estación Neuquen
ABM: Se agrego Neuquen (capital) - Av. Brasil 1128 CP:C1154 | vías: 14, plataformas: 8
ABM: Se creó la estación Bariloche
ABM: Se agrego Bariloche (Rio negro) - Libertad 150 CP:1814 | vías: 3, plataformas: 2
ABM: Se creó la estación Tierra del fuego
ABM: Se agrego Tierra del fuego (tierra) - Av. Rivadavia 400 CP:7200 | vías: 2, plataformas: 2
ABM: Se creó la estación La Plata
ABM: Se agrego La Plata (Buenos Aires) - Calle 1 100 CP:1900 | vías: 5, plataformas: 4
ABM: Se creó la estación Mar del Plata
ABM: Se agrego Mar del Plata (Buenos Aires) - Av. Luro 200 CP:7600 | vías: 4, plataformas: 3
ABM: Se creó la estación Rosario
ABM: Se agrego Rosario (Santa Fe) - Aristobulo 300 CP:2000 | vías: 6, plataformas: 4
ABM: Se creó la estación Cordoba
ABM: Se agrego Cordoba (Cordoba) - Peron 400 CP:5000 | vías: 5, plataformas: 3
ABM: Se creó la estación Mendoza
ABM: Se agrego Mendoza (Mendoza) - Las Heras 500 CP:5500 | vías: 3, plataformas: 2
ABM: Se creó la estación Tucuman
ABM: Se agrego Tucuman (Tucuman) - Corrientes 600 CP:4000 | vías: 3, plataformas: 2
ABM: Se creó la estación Salta
ABM: Se agrego Salta (Salta) - Balcarce 700 CP:4400 | vías: 2, plataformas: 2
ABM: Se creó la estación San Juan
ABM: Se agrego San Juan (San Juan) - España 800 CP:5400 | vías: 2, plataformas: 2
ABM: Se creó la estación San Luis
ABM: Se agrego San Luis (San Luis) - Illia 900 CP:5700 | vías: 2, plataformas: 2
ABM: Se creó la estación Santa Rosa
ABM: Se agrego Santa Rosa (La Pampa) - Luro 1000 CP:6300 | vías: 2, plataformas: 2
ABM: Se creó la estación Viedma
ABM: Se agrego Viedma (Rio Negro) - Roca 1100 CP:8500 | vías: 2, plataformas: 2
ABM: Se creó la estación Rawson
ABM: Se agrego Rawson (Chubut) - Fontana 1200 CP:9103 | vías: 2, plataformas: 2
ABM: Riel creado entre 2 y 1
ABM: Riel creado entre 3 y 4
ABM: Riel creado entre 4 y 5
ABM: Riel creado entre 5 y 1
ABM: Riel creado entre 5 y 6
ABM: Riel creado entre 5 y 7
ABM: Riel creado entre 5 y 8
ABM: Riel creado entre 3 y 8
ABM: Riel creado entre 4 y 2
ABM: Riel creado entre 3 y 2
ABM: Riel creado entre 2 y 9
ABM: Riel creado entre 9 y 10
ABM: Riel creado entre 3 y 10
ABM: Riel creado entre 2 y 11
ABM: Riel creado entre 11 y 12
ABM: Riel creado entre 12 y 13
ABM: Riel creado entre 13 y 16
ABM: Riel creado entre 16 y 17
ABM: Riel creado entre 17 y 12
ABM: Riel creado entre 12 y 14
ABM: Riel creado entre 14 y 15
ABM: Riel creado entre 6 y 18
ABM: Riel creado entre 18 y 4
ABM: Riel creado entre 7 y 19
ABM: Riel creado entre 19 y 20
ABM: Riel creado entre 20 y 8
ABM: Riel creado entre 11 y 14
ABM: Riel creado entre 13 y 6
ABM: Riel creado entre 9 y 5
ABM: Riel creado entre 1 y 10
ABM: Riel creado entre 3 y 9
ABM: Se agrego Tren  [diesel] pas:6 carga:0 linea:Mitre
ABM: Se agrego Tren  [gasolina] pas:0 carga:0 linea:no-asignado
ABM: Se agrego Tren  [diesel] pas:8 carga:0 linea:Roca-Tandil
ABM: Se agrego Tren  [electrico] pas:8 carga:0 linea:San Martin
ABM: Se agrego Tren  [diesel] pas:5 carga:0 linea:Belgrano Norte
ABM: Se agrego Tren  [gasolina] pas:4 carga:0 linea:Mitre
ABM: Se agrego Tren  [electrico] pas:7 carga:0 linea:Roca-Tandil
ABM: Se agrego Tren  [diesel] pas:6 carga:0 linea:San Martin
ABM: Se agrego Tren  [electrico] pas:9 carga:0 linea:Belgrano Norte
ABM: Se agrego Tren  [diesel] pas:5 carga:0 linea:Mitre
ABM: Se agrego Tren  [gasolina] pas:3 carga:0 linea:no-asignado
ABM: Se agrego Tren  [electrico] pas:10 carga:0 linea:San Martin
ABM: Se agrego Tren  [diesel] pas:7 carga:0 linea:Roca-Tandil
ABM: Se agrego Tren  [diesel] pas:6 carga:0 linea:Belgrano Norte
ABM: Se agrego Tren  [electrico] pas:8 carga:0 linea:Mitre
ABM: Se agrego Tren  [gasolina] pas:4 carga:0 linea:no-asignado
ABM: Se agrego Tren  [diesel] pas:5 carga:0 linea:San Martin
ABM: Se agrego Tren  [electrico] pas:9 carga:0 linea:Roca-Tandil
ABM: Se agrego Tren  [diesel] pas:6 carga:0 linea:Belgrano Norte
ABM: Se agrego Tren  [electrico] pas:7 carga:0 linea:San Martin

=== ESTADO DEL SISTEMA POST-CARGA INICIAL ===
eed.tp.TrenesSaControlador@6ce253f1
==============================================

ABM: Se creó la estación Tandil
ABM: Se agrego Tandil (Tandil) - Av. España 745 CP:7000 | vías: 4, plataformas: 2
ABM: Se creó la estación Retiro
ABM: Se agrego Retiro (CABA) - Av. Dr. Jose Maria Ramos Mejia 1430 CP:C1104 | vías: 9, plataformas: 6
ABM: Se creó la estación Constitucion
ABM: Se agrego Constitucion (CABA) - Av. Brasil 1128 CP:C1154 | vías: 14, plataformas: 8
ABM: Se creó la estación Canuelas
ABM: Se agrego Canuelas (Canuelas) - Libertad 150 CP:1814 | vías: 3, plataformas: 2
ABM: Se creó la estación Las Flores
ABM: Se agrego Las Flores (Las Flores) - Av. Rivadavia 400 CP:7200 | vías: 2, plataformas: 2
ABM: Se creó la estación Neuquen
ABM: Se agrego Neuquen (capital) - Av. Brasil 1128 CP:C1154 | vías: 14, plataformas: 8
ABM: Se creó la estación Bariloche
ABM: Se agrego Bariloche (Rio negro) - Libertad 150 CP:1814 | vías: 3, plataformas: 2
ABM: Se creó la estación Tierra del fuego
ABM: Se agrego Tierra del fuego (tierra) - Av. Rivadavia 400 CP:7200 | vías: 2, plataformas: 2
ABM: Se creó la estación La Plata
ABM: Se agrego La Plata (Buenos Aires) - Calle 1 100 CP:1900 | vías: 5, plataformas: 4
ABM: Se creó la estación Mar del Plata
ABM: Se agrego Mar del Plata (Buenos Aires) - Av. Luro 200 CP:7600 | vías: 4, plataformas: 3
ABM: Se creó la estación Rosario
ABM: Se agrego Rosario (Santa Fe) - Aristobulo 300 CP:2000 | vías: 6, plataformas: 4
ABM: Se creó la estación Cordoba
ABM: Se agrego Cordoba (Cordoba) - Peron 400 CP:5000 | vías: 5, plataformas: 3
ABM: Se creó la estación Mendoza
ABM: Se agrego Mendoza (Mendoza) - Las Heras 500 CP:5500 | vías: 3, plataformas: 2
ABM: Se creó la estación Tucuman
ABM: Se agrego Tucuman (Tucuman) - Corrientes 600 CP:4000 | vías: 3, plataformas: 2
ABM: Se creó la estación Salta
ABM: Se agrego Salta (Salta) - Balcarce 700 CP:4400 | vías: 2, plataformas: 2
ABM: Se creó la estación San Juan
ABM: Se agrego San Juan (San Juan) - España 800 CP:5400 | vías: 2, plataformas: 2
ABM: Se creó la estación San Luis
ABM: Se agrego San Luis (San Luis) - Illia 900 CP:5700 | vías: 2, plataformas: 2
ABM: Se creó la estación Santa Rosa
ABM: Se agrego Santa Rosa (La Pampa) - Luro 1000 CP:6300 | vías: 2, plataformas: 2
ABM: Se creó la estación Viedma
ABM: Se agrego Viedma (Rio Negro) - Roca 1100 CP:8500 | vías: 2, plataformas: 2
ABM: Se creó la estación Rawson
ABM: Se agrego Rawson (Chubut) - Fontana 1200 CP:9103 | vías: 2, plataformas: 2
ABM: Riel creado entre 2 y 1
ABM: Riel creado entre 3 y 4
ABM: Riel creado entre 4 y 5
ABM: Riel creado entre 5 y 1
ABM: Riel creado entre 5 y 6
ABM: Riel creado entre 5 y 7
ABM: Riel creado entre 5 y 8
ABM: Riel creado entre 3 y 8
ABM: Riel creado entre 4 y 2
ABM: Riel creado entre 3 y 2
ABM: Riel creado entre 2 y 9
ABM: Riel creado entre 9 y 10
ABM: Riel creado entre 3 y 10
ABM: Riel creado entre 2 y 11
ABM: Riel creado entre 11 y 12
ABM: Riel creado entre 12 y 13
ABM: Riel creado entre 13 y 16
ABM: Riel creado entre 16 y 17
ABM: Riel creado entre 17 y 12
ABM: Riel creado entre 12 y 14
ABM: Riel creado entre 14 y 15
ABM: Riel creado entre 6 y 18
ABM: Riel creado entre 18 y 4
ABM: Riel creado entre 7 y 19
ABM: Riel creado entre 19 y 20
ABM: Riel creado entre 20 y 8
ABM: Riel creado entre 11 y 14
ABM: Riel creado entre 13 y 6
ABM: Riel creado entre 9 y 5
ABM: Riel creado entre 1 y 10
ABM: Riel creado entre 3 y 9
ABM: Se agrego Tren  [diesel] pas:6 carga:0 linea:Mitre
ABM: Se agrego Tren  [gasolina] pas:0 carga:0 linea:no-asignado
ABM: Se agrego Tren  [diesel] pas:8 carga:0 linea:Roca-Tandil
ABM: Se agrego Tren  [electrico] pas:8 carga:0 linea:San Martin
ABM: Se agrego Tren  [diesel] pas:5 carga:0 linea:Belgrano Norte
ABM: Se agrego Tren  [gasolina] pas:4 carga:0 linea:Mitre
ABM: Se agrego Tren  [electrico] pas:7 carga:0 linea:Roca-Tandil
ABM: Se agrego Tren  [diesel] pas:6 carga:0 linea:San Martin
ABM: Se agrego Tren  [electrico] pas:9 carga:0 linea:Belgrano Norte
ABM: Se agrego Tren  [diesel] pas:5 carga:0 linea:Mitre
ABM: Se agrego Tren  [gasolina] pas:3 carga:0 linea:no-asignado
ABM: Se agrego Tren  [electrico] pas:10 carga:0 linea:San Martin
ABM: Se agrego Tren  [diesel] pas:7 carga:0 linea:Roca-Tandil
ABM: Se agrego Tren  [diesel] pas:6 carga:0 linea:Belgrano Norte
ABM: Se agrego Tren  [electrico] pas:8 carga:0 linea:Mitre
ABM: Se agrego Tren  [gasolina] pas:4 carga:0 linea:no-asignado
ABM: Se agrego Tren  [diesel] pas:5 carga:0 linea:San Martin
ABM: Se agrego Tren  [electrico] pas:9 carga:0 linea:Roca-Tandil
ABM: Se agrego Tren  [diesel] pas:6 carga:0 linea:Belgrano Norte
ABM: Se agrego Tren  [electrico] pas:7 carga:0 linea:San Martin

=== ESTADO DEL SISTEMA POST-CARGA INICIAL ===
eed.tp.TrenesSaControlador@6ce253f1
==============================================

ABM: Se creó la estación Tandil
ABM: Se agrego Tandil (Tandil) - Av. España 745 CP:7000 | vías: 4, plataformas: 2
ABM: Se creó la estación Retiro
ABM: Se agrego Retiro (CABA) - Av. Dr. Jose Maria Ramos Mejia 1430 CP:C1104 | vías: 9, plataformas: 6
ABM: Se creó la estación Constitucion
ABM: Se agrego Constitucion (CABA) - Av. Brasil 1128 CP:C1154 | vías: 14, plataformas: 8
ABM: Se creó la estación Canuelas
ABM: Se agrego Canuelas (Canuelas) - Libertad 150 CP:1814 | vías: 3, plataformas: 2
ABM: Se creó la estación Las Flores
ABM: Se agrego Las Flores (Las Flores) - Av. Rivadavia 400 CP:7200 | vías: 2, plataformas: 2
ABM: Se creó la estación Neuquen
ABM: Se agrego Neuquen (capital) - Av. Brasil 1128 CP:C1154 | vías: 14, plataformas: 8
ABM: Se creó la estación Bariloche
ABM: Se agrego Bariloche (Rio negro) - Libertad 150 CP:1814 | vías: 3, plataformas: 2
ABM: Se creó la estación Tierra del fuego
ABM: Se agrego Tierra del fuego (tierra) - Av. Rivadavia 400 CP:7200 | vías: 2, plataformas: 2
ABM: Se creó la estación La Plata
ABM: Se agrego La Plata (Buenos Aires) - Calle 1 100 CP:1900 | vías: 5, plataformas: 4
ABM: Se creó la estación Mar del Plata
ABM: Se agrego Mar del Plata (Buenos Aires) - Av. Luro 200 CP:7600 | vías: 4, plataformas: 3
ABM: Se creó la estación Rosario
ABM: Se agrego Rosario (Santa Fe) - Aristobulo 300 CP:2000 | vías: 6, plataformas: 4
ABM: Se creó la estación Cordoba
ABM: Se agrego Cordoba (Cordoba) - Peron 400 CP:5000 | vías: 5, plataformas: 3
ABM: Se creó la estación Mendoza
ABM: Se agrego Mendoza (Mendoza) - Las Heras 500 CP:5500 | vías: 3, plataformas: 2
ABM: Se creó la estación Tucuman
ABM: Se agrego Tucuman (Tucuman) - Corrientes 600 CP:4000 | vías: 3, plataformas: 2
ABM: Se creó la estación Salta
ABM: Se agrego Salta (Salta) - Balcarce 700 CP:4400 | vías: 2, plataformas: 2
ABM: Se creó la estación San Juan
ABM: Se agrego San Juan (San Juan) - España 800 CP:5400 | vías: 2, plataformas: 2
ABM: Se creó la estación San Luis
ABM: Se agrego San Luis (San Luis) - Illia 900 CP:5700 | vías: 2, plataformas: 2
ABM: Se creó la estación Santa Rosa
ABM: Se agrego Santa Rosa (La Pampa) - Luro 1000 CP:6300 | vías: 2, plataformas: 2
ABM: Se creó la estación Viedma
ABM: Se agrego Viedma (Rio Negro) - Roca 1100 CP:8500 | vías: 2, plataformas: 2
ABM: Se creó la estación Rawson
ABM: Se agrego Rawson (Chubut) - Fontana 1200 CP:9103 | vías: 2, plataformas: 2
ABM: Riel creado entre 2 y 1
ABM: Riel creado entre 3 y 4
ABM: Riel creado entre 4 y 5
ABM: Riel creado entre 5 y 1
ABM: Riel creado entre 5 y 6
ABM: Riel creado entre 5 y 7
ABM: Riel creado entre 5 y 8
ABM: Riel creado entre 3 y 8
ABM: Riel creado entre 4 y 2
ABM: Riel creado entre 3 y 2
ABM: Riel creado entre 2 y 9
ABM: Riel creado entre 9 y 10
ABM: Riel creado entre 3 y 10
ABM: Riel creado entre 2 y 11
ABM: Riel creado entre 11 y 12
ABM: Riel creado entre 12 y 13
ABM: Riel creado entre 13 y 16
ABM: Riel creado entre 16 y 17
ABM: Riel creado entre 17 y 12
ABM: Riel creado entre 12 y 14
ABM: Riel creado entre 14 y 15
ABM: Riel creado entre 6 y 18
ABM: Riel creado entre 18 y 4
ABM: Riel creado entre 7 y 19
ABM: Riel creado entre 19 y 20
ABM: Riel creado entre 20 y 8
ABM: Riel creado entre 11 y 14
ABM: Riel creado entre 13 y 6
ABM: Riel creado entre 9 y 5
ABM: Riel creado entre 1 y 10
ABM: Riel creado entre 3 y 9
ABM: Se agrego Tren  [diesel] pas:6 carga:0 linea:Mitre
ABM: Se agrego Tren  [gasolina] pas:0 carga:0 linea:no-asignado
ABM: Se agrego Tren  [diesel] pas:8 carga:0 linea:Roca-Tandil
ABM: Se agrego Tren  [electrico] pas:8 carga:0 linea:San Martin
ABM: Se agrego Tren  [diesel] pas:5 carga:0 linea:Belgrano Norte
ABM: Se agrego Tren  [gasolina] pas:4 carga:0 linea:Mitre
ABM: Se agrego Tren  [electrico] pas:7 carga:0 linea:Roca-Tandil
ABM: Se agrego Tren  [diesel] pas:6 carga:0 linea:San Martin
ABM: Se agrego Tren  [electrico] pas:9 carga:0 linea:Belgrano Norte
ABM: Se agrego Tren  [diesel] pas:5 carga:0 linea:Mitre
ABM: Se agrego Tren  [gasolina] pas:3 carga:0 linea:no-asignado
ABM: Se agrego Tren  [electrico] pas:10 carga:0 linea:San Martin
ABM: Se agrego Tren  [diesel] pas:7 carga:0 linea:Roca-Tandil
ABM: Se agrego Tren  [diesel] pas:6 carga:0 linea:Belgrano Norte
ABM: Se agrego Tren  [electrico] pas:8 carga:0 linea:Mitre
ABM: Se agrego Tren  [gasolina] pas:4 carga:0 linea:no-asignado
ABM: Se agrego Tren  [diesel] pas:5 carga:0 linea:San Martin
ABM: Se agrego Tren  [electrico] pas:9 carga:0 linea:Roca-Tandil
ABM: Se agrego Tren  [diesel] pas:6 carga:0 linea:Belgrano Norte
ABM: Se agrego Tren  [electrico] pas:7 carga:0 linea:San Martin

=== ESTADO DEL SISTEMA POST-CARGA INICIAL ===
eed.tp.TrenesSaControlador@6ce253f1
==============================================

ABM: Se creó la estación Tandil
ABM: Se agrego Tandil (Tandil) - Av. España 745 CP:7000 | vías: 4, plataformas: 2
ABM: Se creó la estación Retiro
ABM: Se agrego Retiro (CABA) - Av. Dr. Jose Maria Ramos Mejia 1430 CP:C1104 | vías: 9, plataformas: 6
ABM: Se creó la estación Constitucion
ABM: Se agrego Constitucion (CABA) - Av. Brasil 1128 CP:C1154 | vías: 14, plataformas: 8
ABM: Se creó la estación Canuelas
ABM: Se agrego Canuelas (Canuelas) - Libertad 150 CP:1814 | vías: 3, plataformas: 2
ABM: Se creó la estación Las Flores
ABM: Se agrego Las Flores (Las Flores) - Av. Rivadavia 400 CP:7200 | vías: 2, plataformas: 2
ABM: Se creó la estación Neuquen
ABM: Se agrego Neuquen (capital) - Av. Brasil 1128 CP:C1154 | vías: 14, plataformas: 8
ABM: Se creó la estación Bariloche
ABM: Se agrego Bariloche (Rio negro) - Libertad 150 CP:1814 | vías: 3, plataformas: 2
ABM: Se creó la estación Tierra del fuego
ABM: Se agrego Tierra del fuego (tierra) - Av. Rivadavia 400 CP:7200 | vías: 2, plataformas: 2
ABM: Se creó la estación La Plata
ABM: Se agrego La Plata (Buenos Aires) - Calle 1 100 CP:1900 | vías: 5, plataformas: 4
ABM: Se creó la estación Mar del Plata
ABM: Se agrego Mar del Plata (Buenos Aires) - Av. Luro 200 CP:7600 | vías: 4, plataformas: 3
ABM: Se creó la estación Rosario
ABM: Se agrego Rosario (Santa Fe) - Aristobulo 300 CP:2000 | vías: 6, plataformas: 4
ABM: Se creó la estación Cordoba
ABM: Se agrego Cordoba (Cordoba) - Peron 400 CP:5000 | vías: 5, plataformas: 3
ABM: Se creó la estación Mendoza
ABM: Se agrego Mendoza (Mendoza) - Las Heras 500 CP:5500 | vías: 3, plataformas: 2
ABM: Se creó la estación Tucuman
ABM: Se agrego Tucuman (Tucuman) - Corrientes 600 CP:4000 | vías: 3, plataformas: 2
ABM: Se creó la estación Salta
ABM: Se agrego Salta (Salta) - Balcarce 700 CP:4400 | vías: 2, plataformas: 2
ABM: Se creó la estación San Juan
ABM: Se agrego San Juan (San Juan) - España 800 CP:5400 | vías: 2, plataformas: 2
ABM: Se creó la estación San Luis
ABM: Se agrego San Luis (San Luis) - Illia 900 CP:5700 | vías: 2, plataformas: 2
ABM: Se creó la estación Santa Rosa
ABM: Se agrego Santa Rosa (La Pampa) - Luro 1000 CP:6300 | vías: 2, plataformas: 2
ABM: Se creó la estación Viedma
ABM: Se agrego Viedma (Rio Negro) - Roca 1100 CP:8500 | vías: 2, plataformas: 2
ABM: Se creó la estación Rawson
ABM: Se agrego Rawson (Chubut) - Fontana 1200 CP:9103 | vías: 2, plataformas: 2
ABM: Riel creado entre 2 y 1
ABM: Riel creado entre 3 y 4
ABM: Riel creado entre 4 y 5
ABM: Riel creado entre 5 y 1
ABM: Riel creado entre 5 y 6
ABM: Riel creado entre 5 y 7
ABM: Riel creado entre 5 y 8
ABM: Riel creado entre 3 y 8
ABM: Riel creado entre 4 y 2
ABM: Riel creado entre 3 y 2
ABM: Riel creado entre 2 y 9
ABM: Riel creado entre 9 y 10
ABM: Riel creado entre 3 y 10
ABM: Riel creado entre 2 y 11
ABM: Riel creado entre 11 y 12
ABM: Riel creado entre 12 y 13
ABM: Riel creado entre 13 y 16
ABM: Riel creado entre 16 y 17
ABM: Riel creado entre 17 y 12
ABM: Riel creado entre 12 y 14
ABM: Riel creado entre 14 y 15
ABM: Riel creado entre 6 y 18
ABM: Riel creado entre 18 y 4
ABM: Riel creado entre 7 y 19
ABM: Riel creado entre 19 y 20
ABM: Riel creado entre 20 y 8
ABM: Riel creado entre 11 y 14
ABM: Riel creado entre 13 y 6
ABM: Riel creado entre 9 y 5
ABM: Riel creado entre 1 y 10
ABM: Riel creado entre 3 y 9
ABM: Se agrego Tren  [diesel] pas:6 carga:0 linea:Mitre
ABM: Se agrego Tren  [gasolina] pas:0 carga:0 linea:no-asignado
ABM: Se agrego Tren  [diesel] pas:8 carga:0 linea:Roca-Tandil
ABM: Se agrego Tren  [electrico] pas:8 carga:0 linea:San Martin
ABM: Se agrego Tren  [diesel] pas:5 carga:0 linea:Belgrano Norte
ABM: Se agrego Tren  [gasolina] pas:4 carga:0 linea:Mitre
ABM: Se agrego Tren  [electrico] pas:7 carga:0 linea:Roca-Tandil
ABM: Se agrego Tren  [diesel] pas:6 carga:0 linea:San Martin
ABM: Se agrego Tren  [electrico] pas:9 carga:0 linea:Belgrano Norte
ABM: Se agrego Tren  [diesel] pas:5 carga:0 linea:Mitre
ABM: Se agrego Tren  [gasolina] pas:3 carga:0 linea:no-asignado
ABM: Se agrego Tren  [electrico] pas:10 carga:0 linea:San Martin
ABM: Se agrego Tren  [diesel] pas:7 carga:0 linea:Roca-Tandil
ABM: Se agrego Tren  [diesel] pas:6 carga:0 linea:Belgrano Norte
ABM: Se agrego Tren  [electrico] pas:8 carga:0 linea:Mitre
ABM: Se agrego Tren  [gasolina] pas:4 carga:0 linea:no-asignado
ABM: Se agrego Tren  [diesel] pas:5 carga:0 linea:San Martin
ABM: Se agrego Tren  [electrico] pas:9 carga:0 linea:Roca-Tandil
ABM: Se agrego Tren  [diesel] pas:6 carga:0 linea:Belgrano Norte
ABM: Se agrego Tren  [electrico] pas:7 carga:0 linea:San Martin

=== ESTADO DEL SISTEMA POST-CARGA INICIAL ===
eed.tp.TrenesSaControlador@6ce253f1
==============================================

ABM: Se creó la estación Tandil
ABM: Se agrego Tandil (Tandil) - Av. España 745 CP:7000 | vías: 4, plataformas: 2
ABM: Se creó la estación Retiro
ABM: Se agrego Retiro (CABA) - Av. Dr. Jose Maria Ramos Mejia 1430 CP:C1104 | vías: 9, plataformas: 6
ABM: Se creó la estación Constitucion
ABM: Se agrego Constitucion (CABA) - Av. Brasil 1128 CP:C1154 | vías: 14, plataformas: 8
ABM: Se creó la estación Canuelas
ABM: Se agrego Canuelas (Canuelas) - Libertad 150 CP:1814 | vías: 3, plataformas: 2
ABM: Se creó la estación Las Flores
ABM: Se agrego Las Flores (Las Flores) - Av. Rivadavia 400 CP:7200 | vías: 2, plataformas: 2
ABM: Se creó la estación Neuquen
ABM: Se agrego Neuquen (capital) - Av. Brasil 1128 CP:C1154 | vías: 14, plataformas: 8
ABM: Se creó la estación Bariloche
ABM: Se agrego Bariloche (Rio negro) - Libertad 150 CP:1814 | vías: 3, plataformas: 2
ABM: Se creó la estación Tierra del fuego
ABM: Se agrego Tierra del fuego (tierra) - Av. Rivadavia 400 CP:7200 | vías: 2, plataformas: 2
ABM: Se creó la estación La Plata
ABM: Se agrego La Plata (Buenos Aires) - Calle 1 100 CP:1900 | vías: 5, plataformas: 4
ABM: Se creó la estación Mar del Plata
ABM: Se agrego Mar del Plata (Buenos Aires) - Av. Luro 200 CP:7600 | vías: 4, plataformas: 3
ABM: Se creó la estación Rosario
ABM: Se agrego Rosario (Santa Fe) - Aristobulo 300 CP:2000 | vías: 6, plataformas: 4
ABM: Se creó la estación Cordoba
ABM: Se agrego Cordoba (Cordoba) - Peron 400 CP:5000 | vías: 5, plataformas: 3
ABM: Se creó la estación Mendoza
ABM: Se agrego Mendoza (Mendoza) - Las Heras 500 CP:5500 | vías: 3, plataformas: 2
ABM: Se creó la estación Tucuman
ABM: Se agrego Tucuman (Tucuman) - Corrientes 600 CP:4000 | vías: 3, plataformas: 2
ABM: Se creó la estación Salta
ABM: Se agrego Salta (Salta) - Balcarce 700 CP:4400 | vías: 2, plataformas: 2
ABM: Se creó la estación San Juan
ABM: Se agrego San Juan (San Juan) - España 800 CP:5400 | vías: 2, plataformas: 2
ABM: Se creó la estación San Luis
ABM: Se agrego San Luis (San Luis) - Illia 900 CP:5700 | vías: 2, plataformas: 2
ABM: Se creó la estación Santa Rosa
ABM: Se agrego Santa Rosa (La Pampa) - Luro 1000 CP:6300 | vías: 2, plataformas: 2
ABM: Se creó la estación Viedma
ABM: Se agrego Viedma (Rio Negro) - Roca 1100 CP:8500 | vías: 2, plataformas: 2
ABM: Se creó la estación Rawson
ABM: Se agrego Rawson (Chubut) - Fontana 1200 CP:9103 | vías: 2, plataformas: 2
ABM: Riel creado entre 2 y 1
ABM: Riel creado entre 3 y 4
ABM: Riel creado entre 4 y 5
ABM: Riel creado entre 5 y 1
ABM: Riel creado entre 5 y 6
ABM: Riel creado entre 5 y 7
ABM: Riel creado entre 5 y 8
ABM: Riel creado entre 3 y 8
ABM: Riel creado entre 4 y 2
ABM: Riel creado entre 3 y 2
ABM: Riel creado entre 2 y 9
ABM: Riel creado entre 9 y 10
ABM: Riel creado entre 3 y 10
ABM: Riel creado entre 2 y 11
ABM: Riel creado entre 11 y 12
ABM: Riel creado entre 12 y 13
ABM: Riel creado entre 13 y 16
ABM: Riel creado entre 16 y 17
ABM: Riel creado entre 17 y 12
ABM: Riel creado entre 12 y 14
ABM: Riel creado entre 14 y 15
ABM: Riel creado entre 6 y 18
ABM: Riel creado entre 18 y 4
ABM: Riel creado entre 7 y 19
ABM: Riel creado entre 19 y 20
ABM: Riel creado entre 20 y 8
ABM: Riel creado entre 11 y 14
ABM: Riel creado entre 13 y 6
ABM: Riel creado entre 9 y 5
ABM: Riel creado entre 1 y 10
ABM: Riel creado entre 3 y 9
ABM: Se agrego Tren  [diesel] pas:6 carga:0 linea:Mitre
ABM: Se agrego Tren  [gasolina] pas:0 carga:0 linea:no-asignado
ABM: Se agrego Tren  [diesel] pas:8 carga:0 linea:Roca-Tandil
ABM: Se agrego Tren  [electrico] pas:8 carga:0 linea:San Martin
ABM: Se agrego Tren  [diesel] pas:5 carga:0 linea:Belgrano Norte
ABM: Se agrego Tren  [gasolina] pas:4 carga:0 linea:Mitre
ABM: Se agrego Tren  [electrico] pas:7 carga:0 linea:Roca-Tandil
ABM: Se agrego Tren  [diesel] pas:6 carga:0 linea:San Martin
ABM: Se agrego Tren  [electrico] pas:9 carga:0 linea:Belgrano Norte
ABM: Se agrego Tren  [diesel] pas:5 carga:0 linea:Mitre
ABM: Se agrego Tren  [gasolina] pas:3 carga:0 linea:no-asignado
ABM: Se agrego Tren  [electrico] pas:10 carga:0 linea:San Martin
ABM: Se agrego Tren  [diesel] pas:7 carga:0 linea:Roca-Tandil
ABM: Se agrego Tren  [diesel] pas:6 carga:0 linea:Belgrano Norte
ABM: Se agrego Tren  [electrico] pas:8 carga:0 linea:Mitre
ABM: Se agrego Tren  [gasolina] pas:4 carga:0 linea:no-asignado
ABM: Se agrego Tren  [diesel] pas:5 carga:0 linea:San Martin
ABM: Se agrego Tren  [electrico] pas:9 carga:0 linea:Roca-Tandil
ABM: Se agrego Tren  [diesel] pas:6 carga:0 linea:Belgrano Norte
ABM: Se agrego Tren  [electrico] pas:7 carga:0 linea:San Martin

=== ESTADO DEL SISTEMA POST-CARGA INICIAL ===
eed.tp.TrenesSaControlador@6ce253f1
==============================================

ABM: Se creó la estación Tandil
ABM: Se agrego Tandil (Tandil) - Av. España 745 CP:7000 | vías: 4, plataformas: 2
ABM: Se creó la estación Retiro
ABM: Se agrego Retiro (CABA) - Av. Dr. Jose Maria Ramos Mejia 1430 CP:C1104 | vías: 9, plataformas: 6
ABM: Se creó la estación Constitucion
ABM: Se agrego Constitucion (CABA) - Av. Brasil 1128 CP:C1154 | vías: 14, plataformas: 8
ABM: Se creó la estación Canuelas
ABM: Se agrego Canuelas (Canuelas) - Libertad 150 CP:1814 | vías: 3, plataformas: 2
ABM: Se creó la estación Las Flores
ABM: Se agrego Las Flores (Las Flores) - Av. Rivadavia 400 CP:7200 | vías: 2, plataformas: 2
ABM: Se creó la estación Neuquen
ABM: Se agrego Neuquen (capital) - Av. Brasil 1128 CP:C1154 | vías: 14, plataformas: 8
ABM: Se creó la estación Bariloche
ABM: Se agrego Bariloche (Rio negro) - Libertad 150 CP:1814 | vías: 3, plataformas: 2
ABM: Se creó la estación Tierra del fuego
ABM: Se agrego Tierra del fuego (tierra) - Av. Rivadavia 400 CP:7200 | vías: 2, plataformas: 2
ABM: Se creó la estación La Plata
ABM: Se agrego La Plata (Buenos Aires) - Calle 1 100 CP:1900 | vías: 5, plataformas: 4
ABM: Se creó la estación Mar del Plata
ABM: Se agrego Mar del Plata (Buenos Aires) - Av. Luro 200 CP:7600 | vías: 4, plataformas: 3
ABM: Se creó la estación Rosario
ABM: Se agrego Rosario (Santa Fe) - Aristobulo 300 CP:2000 | vías: 6, plataformas: 4
ABM: Se creó la estación Cordoba
ABM: Se agrego Cordoba (Cordoba) - Peron 400 CP:5000 | vías: 5, plataformas: 3
ABM: Se creó la estación Mendoza
ABM: Se agrego Mendoza (Mendoza) - Las Heras 500 CP:5500 | vías: 3, plataformas: 2
ABM: Se creó la estación Tucuman
ABM: Se agrego Tucuman (Tucuman) - Corrientes 600 CP:4000 | vías: 3, plataformas: 2
ABM: Se creó la estación Salta
ABM: Se agrego Salta (Salta) - Balcarce 700 CP:4400 | vías: 2, plataformas: 2
ABM: Se creó la estación San Juan
ABM: Se agrego San Juan (San Juan) - España 800 CP:5400 | vías: 2, plataformas: 2
ABM: Se creó la estación San Luis
ABM: Se agrego San Luis (San Luis) - Illia 900 CP:5700 | vías: 2, plataformas: 2
ABM: Se creó la estación Santa Rosa
ABM: Se agrego Santa Rosa (La Pampa) - Luro 1000 CP:6300 | vías: 2, plataformas: 2
ABM: Se creó la estación Viedma
ABM: Se agrego Viedma (Rio Negro) - Roca 1100 CP:8500 | vías: 2, plataformas: 2
ABM: Se creó la estación Rawson
ABM: Se agrego Rawson (Chubut) - Fontana 1200 CP:9103 | vías: 2, plataformas: 2
ABM: Riel creado entre 2 y 1
ABM: Riel creado entre 3 y 4
ABM: Riel creado entre 4 y 5
ABM: Riel creado entre 5 y 1
ABM: Riel creado entre 5 y 6
ABM: Riel creado entre 5 y 7
ABM: Riel creado entre 5 y 8
ABM: Riel creado entre 3 y 8
ABM: Riel creado entre 4 y 2
ABM: Riel creado entre 3 y 2
ABM: Riel creado entre 2 y 9
ABM: Riel creado entre 9 y 10
ABM: Riel creado entre 3 y 10
ABM: Riel creado entre 2 y 11
ABM: Riel creado entre 11 y 12
ABM: Riel creado entre 12 y 13
ABM: Riel creado entre 13 y 16
ABM: Riel creado entre 16 y 17
ABM: Riel creado entre 17 y 12
ABM: Riel creado entre 12 y 14
ABM: Riel creado entre 14 y 15
ABM: Riel creado entre 6 y 18
ABM: Riel creado entre 18 y 4
ABM: Riel creado entre 7 y 19
ABM: Riel creado entre 19 y 20
ABM: Riel creado entre 20 y 8
ABM: Riel creado entre 11 y 14
ABM: Riel creado entre 13 y 6
ABM: Riel creado entre 9 y 5
ABM: Riel creado entre 1 y 10
ABM: Riel creado entre 3 y 9
ABM: Se agrego Tren  [diesel] pas:6 carga:0 linea:Mitre
ABM: Se agrego Tren  [gasolina] pas:0 carga:0 linea:no-asignado
ABM: Se agrego Tren  [diesel] pas:8 carga:0 linea:Roca-Tandil
ABM: Se agrego Tren  [electrico] pas:8 carga:0 linea:San Martin
ABM: Se agrego Tren  [diesel] pas:5 carga:0 linea:Belgrano Norte
ABM: Se agrego Tren  [gasolina] pas:4 carga:0 linea:Mitre
ABM: Se agrego Tren  [electrico] pas:7 carga:0 linea:Roca-Tandil
ABM: Se agrego Tren  [diesel] pas:6 carga:0 linea:San Martin
ABM: Se agrego Tren  [electrico] pas:9 carga:0 linea:Belgrano Norte
ABM: Se agrego Tren  [diesel] pas:5 carga:0 linea:Mitre
ABM: Se agrego Tren  [gasolina] pas:3 carga:0 linea:no-asignado
ABM: Se agrego Tren  [electrico] pas:10 carga:0 linea:San Martin
ABM: Se agrego Tren  [diesel] pas:7 carga:0 linea:Roca-Tandil
ABM: Se agrego Tren  [diesel] pas:6 carga:0 linea:Belgrano Norte
ABM: Se agrego Tren  [electrico] pas:8 carga:0 linea:Mitre
ABM: Se agrego Tren  [gasolina] pas:4 carga:0 linea:no-asignado
ABM: Se agrego Tren  [diesel] pas:5 carga:0 linea:San Martin
ABM: Se agrego Tren  [electrico] pas:9 carga:0 linea:Roca-Tandil
ABM: Se agrego Tren  [diesel] pas:6 carga:0 linea:Belgrano Norte
ABM: Se agrego Tren  [electrico] pas:7 carga:0 linea:San Martin

=== ESTADO DEL SISTEMA POST-CARGA INICIAL ===
eed.tp.TrenesSaControlador@6ce253f1
==============================================

ABM: Se creó la estación Tandil
ABM: Se agrego Tandil (Tandil) - Av. España 745 CP:7000 | vías: 4, plataformas: 2
ABM: Se creó la estación Retiro
ABM: Se agrego Retiro (CABA) - Av. Dr. Jose Maria Ramos Mejia 1430 CP:C1104 | vías: 9, plataformas: 6
ABM: Se creó la estación Constitucion
ABM: Se agrego Constitucion (CABA) - Av. Brasil 1128 CP:C1154 | vías: 14, plataformas: 8
ABM: Se creó la estación Canuelas
ABM: Se agrego Canuelas (Canuelas) - Libertad 150 CP:1814 | vías: 3, plataformas: 2
ABM: Se creó la estación Las Flores
ABM: Se agrego Las Flores (Las Flores) - Av. Rivadavia 400 CP:7200 | vías: 2, plataformas: 2
ABM: Se creó la estación Neuquen
ABM: Se agrego Neuquen (capital) - Av. Brasil 1128 CP:C1154 | vías: 14, plataformas: 8
ABM: Se creó la estación Bariloche
ABM: Se agrego Bariloche (Rio negro) - Libertad 150 CP:1814 | vías: 3, plataformas: 2
ABM: Se creó la estación Tierra del fuego
ABM: Se agrego Tierra del fuego (tierra) - Av. Rivadavia 400 CP:7200 | vías: 2, plataformas: 2
ABM: Se creó la estación La Plata
ABM: Se agrego La Plata (Buenos Aires) - Calle 1 100 CP:1900 | vías: 5, plataformas: 4
ABM: Se creó la estación Mar del Plata
ABM: Se agrego Mar del Plata (Buenos Aires) - Av. Luro 200 CP:7600 | vías: 4, plataformas: 3
ABM: Se creó la estación Rosario
ABM: Se agrego Rosario (Santa Fe) - Aristobulo 300 CP:2000 | vías: 6, plataformas: 4
ABM: Se creó la estación Cordoba
ABM: Se agrego Cordoba (Cordoba) - Peron 400 CP:5000 | vías: 5, plataformas: 3
ABM: Se creó la estación Mendoza
ABM: Se agrego Mendoza (Mendoza) - Las Heras 500 CP:5500 | vías: 3, plataformas: 2
ABM: Se creó la estación Tucuman
ABM: Se agrego Tucuman (Tucuman) - Corrientes 600 CP:4000 | vías: 3, plataformas: 2
ABM: Se creó la estación Salta
ABM: Se agrego Salta (Salta) - Balcarce 700 CP:4400 | vías: 2, plataformas: 2
ABM: Se creó la estación San Juan
ABM: Se agrego San Juan (San Juan) - España 800 CP:5400 | vías: 2, plataformas: 2
ABM: Se creó la estación San Luis
ABM: Se agrego San Luis (San Luis) - Illia 900 CP:5700 | vías: 2, plataformas: 2
ABM: Se creó la estación Santa Rosa
ABM: Se agrego Santa Rosa (La Pampa) - Luro 1000 CP:6300 | vías: 2, plataformas: 2
ABM: Se creó la estación Viedma
ABM: Se agrego Viedma (Rio Negro) - Roca 1100 CP:8500 | vías: 2, plataformas: 2
ABM: Se creó la estación Rawson
ABM: Se agrego Rawson (Chubut) - Fontana 1200 CP:9103 | vías: 2, plataformas: 2
ABM: Riel creado entre 2 y 1
ABM: Riel creado entre 3 y 4
ABM: Riel creado entre 4 y 5
ABM: Riel creado entre 5 y 1
ABM: Riel creado entre 5 y 6
ABM: Riel creado entre 5 y 7
ABM: Riel creado entre 5 y 8
ABM: Riel creado entre 3 y 8
ABM: Riel creado entre 4 y 2
ABM: Riel creado entre 3 y 2
ABM: Riel creado entre 2 y 9
ABM: Riel creado entre 9 y 10
ABM: Riel creado entre 3 y 10
ABM: Riel creado entre 2 y 11
ABM: Riel creado entre 11 y 12
ABM: Riel creado entre 12 y 13
ABM: Riel creado entre 13 y 16
ABM: Riel creado entre 16 y 17
ABM: Riel creado entre 17 y 12
ABM: Riel creado entre 12 y 14
ABM: Riel creado entre 14 y 15
ABM: Riel creado entre 6 y 18
ABM: Riel creado entre 18 y 4
ABM: Riel creado entre 7 y 19
ABM: Riel creado entre 19 y 20
ABM: Riel creado entre 20 y 8
ABM: Riel creado entre 11 y 14
ABM: Riel creado entre 13 y 6
ABM: Riel creado entre 9 y 5
ABM: Riel creado entre 1 y 10
ABM: Riel creado entre 3 y 9
ABM: Se agrego Tren  [diesel] pas:6 carga:0 linea:Mitre
ABM: Se agrego Tren  [gasolina] pas:0 carga:0 linea:no-asignado
ABM: Se agrego Tren  [diesel] pas:8 carga:0 linea:Roca-Tandil
ABM: Se agrego Tren  [electrico] pas:8 carga:0 linea:San Martin
ABM: Se agrego Tren  [diesel] pas:5 carga:0 linea:Belgrano Norte
ABM: Se agrego Tren  [gasolina] pas:4 carga:0 linea:Mitre
ABM: Se agrego Tren  [electrico] pas:7 carga:0 linea:Roca-Tandil
ABM: Se agrego Tren  [diesel] pas:6 carga:0 linea:San Martin
ABM: Se agrego Tren  [electrico] pas:9 carga:0 linea:Belgrano Norte
ABM: Se agrego Tren  [diesel] pas:5 carga:0 linea:Mitre
ABM: Se agrego Tren  [gasolina] pas:3 carga:0 linea:no-asignado
ABM: Se agrego Tren  [electrico] pas:10 carga:0 linea:San Martin
ABM: Se agrego Tren  [diesel] pas:7 carga:0 linea:Roca-Tandil
ABM: Se agrego Tren  [diesel] pas:6 carga:0 linea:Belgrano Norte
ABM: Se agrego Tren  [electrico] pas:8 carga:0 linea:Mitre
ABM: Se agrego Tren  [gasolina] pas:4 carga:0 linea:no-asignado
ABM: Se agrego Tren  [diesel] pas:5 carga:0 linea:San Martin
ABM: Se agrego Tren  [electrico] pas:9 carga:0 linea:Roca-Tandil
ABM: Se agrego Tren  [diesel] pas:6 carga:0 linea:Belgrano Norte
ABM: Se agrego Tren  [electrico] pas:7 carga:0 linea:San Martin

=== ESTADO DEL SISTEMA POST-CARGA INICIAL ===
eed.tp.TrenesSaControlador@6ce253f1
==============================================

ABM: Se creó la estación Tandil
ABM: Se agrego Tandil (Tandil) - Av. España 745 CP:7000 | vías: 4, plataformas: 2
ABM: Se creó la estación Retiro
ABM: Se agrego Retiro (CABA) - Av. Dr. Jose Maria Ramos Mejia 1430 CP:C1104 | vías: 9, plataformas: 6
ABM: Se creó la estación Constitucion
ABM: Se agrego Constitucion (CABA) - Av. Brasil 1128 CP:C1154 | vías: 14, plataformas: 8
ABM: Se creó la estación Canuelas
ABM: Se agrego Canuelas (Canuelas) - Libertad 150 CP:1814 | vías: 3, plataformas: 2
ABM: Se creó la estación Las Flores
ABM: Se agrego Las Flores (Las Flores) - Av. Rivadavia 400 CP:7200 | vías: 2, plataformas: 2
ABM: Se creó la estación Neuquen
ABM: Se agrego Neuquen (capital) - Av. Brasil 1128 CP:C1154 | vías: 14, plataformas: 8
ABM: Se creó la estación Bariloche
ABM: Se agrego Bariloche (Rio negro) - Libertad 150 CP:1814 | vías: 3, plataformas: 2
ABM: Se creó la estación Tierra del fuego
ABM: Se agrego Tierra del fuego (tierra) - Av. Rivadavia 400 CP:7200 | vías: 2, plataformas: 2
ABM: Se creó la estación La Plata
ABM: Se agrego La Plata (Buenos Aires) - Calle 1 100 CP:1900 | vías: 5, plataformas: 4
ABM: Se creó la estación Mar del Plata
ABM: Se agrego Mar del Plata (Buenos Aires) - Av. Luro 200 CP:7600 | vías: 4, plataformas: 3
ABM: Se creó la estación Rosario
ABM: Se agrego Rosario (Santa Fe) - Aristobulo 300 CP:2000 | vías: 6, plataformas: 4
ABM: Se creó la estación Cordoba
ABM: Se agrego Cordoba (Cordoba) - Peron 400 CP:5000 | vías: 5, plataformas: 3
ABM: Se creó la estación Mendoza
ABM: Se agrego Mendoza (Mendoza) - Las Heras 500 CP:5500 | vías: 3, plataformas: 2
ABM: Se creó la estación Tucuman
ABM: Se agrego Tucuman (Tucuman) - Corrientes 600 CP:4000 | vías: 3, plataformas: 2
ABM: Se creó la estación Salta
ABM: Se agrego Salta (Salta) - Balcarce 700 CP:4400 | vías: 2, plataformas: 2
ABM: Se creó la estación San Juan
ABM: Se agrego San Juan (San Juan) - España 800 CP:5400 | vías: 2, plataformas: 2
ABM: Se creó la estación San Luis
ABM: Se agrego San Luis (San Luis) - Illia 900 CP:5700 | vías: 2, plataformas: 2
ABM: Se creó la estación Santa Rosa
ABM: Se agrego Santa Rosa (La Pampa) - Luro 1000 CP:6300 | vías: 2, plataformas: 2
ABM: Se creó la estación Viedma
ABM: Se agrego Viedma (Rio Negro) - Roca 1100 CP:8500 | vías: 2, plataformas: 2
ABM: Se creó la estación Rawson
ABM: Se agrego Rawson (Chubut) - Fontana 1200 CP:9103 | vías: 2, plataformas: 2
ABM: Riel creado entre 2 y 1
ABM: Riel creado entre 3 y 4
ABM: Riel creado entre 4 y 5
ABM: Riel creado entre 5 y 1
ABM: Riel creado entre 5 y 6
ABM: Riel creado entre 5 y 7
ABM: Riel creado entre 5 y 8
ABM: Riel creado entre 3 y 8
ABM: Riel creado entre 4 y 2
ABM: Riel creado entre 3 y 2
ABM: Riel creado entre 2 y 9
ABM: Riel creado entre 9 y 10
ABM: Riel creado entre 3 y 10
ABM: Riel creado entre 2 y 11
ABM: Riel creado entre 11 y 12
ABM: Riel creado entre 12 y 13
ABM: Riel creado entre 13 y 16
ABM: Riel creado entre 16 y 17
ABM: Riel creado entre 17 y 12
ABM: Riel creado entre 12 y 14
ABM: Riel creado entre 14 y 15
ABM: Riel creado entre 6 y 18
ABM: Riel creado entre 18 y 4
ABM: Riel creado entre 7 y 19
ABM: Riel creado entre 19 y 20
ABM: Riel creado entre 20 y 8
ABM: Riel creado entre 11 y 14
ABM: Riel creado entre 13 y 6
ABM: Riel creado entre 9 y 5
ABM: Riel creado entre 1 y 10
ABM: Riel creado entre 3 y 9
ABM: Se agrego Tren  [diesel] pas:6 carga:0 linea:Mitre
ABM: Se agrego Tren  [gasolina] pas:0 carga:0 linea:no-asignado
ABM: Se agrego Tren  [diesel] pas:8 carga:0 linea:Roca-Tandil
ABM: Se agrego Tren  [electrico] pas:8 carga:0 linea:San Martin
ABM: Se agrego Tren  [diesel] pas:5 carga:0 linea:Belgrano Norte
ABM: Se agrego Tren  [gasolina] pas:4 carga:0 linea:Mitre
ABM: Se agrego Tren  [electrico] pas:7 carga:0 linea:Roca-Tandil
ABM: Se agrego Tren  [diesel] pas:6 carga:0 linea:San Martin
ABM: Se agrego Tren  [electrico] pas:9 carga:0 linea:Belgrano Norte
ABM: Se agrego Tren  [diesel] pas:5 carga:0 linea:Mitre
ABM: Se agrego Tren  [gasolina] pas:3 carga:0 linea:no-asignado
ABM: Se agrego Tren  [electrico] pas:10 carga:0 linea:San Martin
ABM: Se agrego Tren  [diesel] pas:7 carga:0 linea:Roca-Tandil
ABM: Se agrego Tren  [diesel] pas:6 carga:0 linea:Belgrano Norte
ABM: Se agrego Tren  [electrico] pas:8 carga:0 linea:Mitre
ABM: Se agrego Tren  [gasolina] pas:4 carga:0 linea:no-asignado
ABM: Se agrego Tren  [diesel] pas:5 carga:0 linea:San Martin
ABM: Se agrego Tren  [electrico] pas:9 carga:0 linea:Roca-Tandil
ABM: Se agrego Tren  [diesel] pas:6 carga:0 linea:Belgrano Norte
ABM: Se agrego Tren  [electrico] pas:7 carga:0 linea:San Martin

=== ESTADO DEL SISTEMA POST-CARGA INICIAL ===
eed.tp.TrenesSaControlador@6ce253f1
==============================================

ABM: Se creó la estación Tandil
ABM: Se agrego Tandil (Tandil) - Av. España 745 CP:7000 | vías: 4, plataformas: 2
ABM: Se creó la estación Retiro
ABM: Se agrego Retiro (CABA) - Av. Dr. Jose Maria Ramos Mejia 1430 CP:C1104 | vías: 9, plataformas: 6
ABM: Se creó la estación Constitucion
ABM: Se agrego Constitucion (CABA) - Av. Brasil 1128 CP:C1154 | vías: 14, plataformas: 8
ABM: Se creó la estación Canuelas
ABM: Se agrego Canuelas (Canuelas) - Libertad 150 CP:1814 | vías: 3, plataformas: 2
ABM: Se creó la estación Las Flores
ABM: Se agrego Las Flores (Las Flores) - Av. Rivadavia 400 CP:7200 | vías: 2, plataformas: 2
ABM: Se creó la estación Neuquen
ABM: Se agrego Neuquen (capital) - Av. Brasil 1128 CP:C1154 | vías: 14, plataformas: 8
ABM: Se creó la estación Bariloche
ABM: Se agrego Bariloche (Rio negro) - Libertad 150 CP:1814 | vías: 3, plataformas: 2
ABM: Se creó la estación Tierra del fuego
ABM: Se agrego Tierra del fuego (tierra) - Av. Rivadavia 400 CP:7200 | vías: 2, plataformas: 2
ABM: Se creó la estación La Plata
ABM: Se agrego La Plata (Buenos Aires) - Calle 1 100 CP:1900 | vías: 5, plataformas: 4
ABM: Se creó la estación Mar del Plata
ABM: Se agrego Mar del Plata (Buenos Aires) - Av. Luro 200 CP:7600 | vías: 4, plataformas: 3
ABM: Se creó la estación Rosario
ABM: Se agrego Rosario (Santa Fe) - Aristobulo 300 CP:2000 | vías: 6, plataformas: 4
ABM: Se creó la estación Cordoba
ABM: Se agrego Cordoba (Cordoba) - Peron 400 CP:5000 | vías: 5, plataformas: 3
ABM: Se creó la estación Mendoza
ABM: Se agrego Mendoza (Mendoza) - Las Heras 500 CP:5500 | vías: 3, plataformas: 2
ABM: Se creó la estación Tucuman
ABM: Se agrego Tucuman (Tucuman) - Corrientes 600 CP:4000 | vías: 3, plataformas: 2
ABM: Se creó la estación Salta
ABM: Se agrego Salta (Salta) - Balcarce 700 CP:4400 | vías: 2, plataformas: 2
ABM: Se creó la estación San Juan
ABM: Se agrego San Juan (San Juan) - España 800 CP:5400 | vías: 2, plataformas: 2
ABM: Se creó la estación San Luis
ABM: Se agrego San Luis (San Luis) - Illia 900 CP:5700 | vías: 2, plataformas: 2
ABM: Se creó la estación Santa Rosa
ABM: Se agrego Santa Rosa (La Pampa) - Luro 1000 CP:6300 | vías: 2, plataformas: 2
ABM: Se creó la estación Viedma
ABM: Se agrego Viedma (Rio Negro) - Roca 1100 CP:8500 | vías: 2, plataformas: 2
ABM: Se creó la estación Rawson
ABM: Se agrego Rawson (Chubut) - Fontana 1200 CP:9103 | vías: 2, plataformas: 2
ABM: Riel creado entre 2 y 1
ABM: Riel creado entre 3 y 4
ABM: Riel creado entre 4 y 5
ABM: Riel creado entre 5 y 1
ABM: Riel creado entre 5 y 6
ABM: Riel creado entre 5 y 7
ABM: Riel creado entre 5 y 8
ABM: Riel creado entre 3 y 8
ABM: Riel creado entre 4 y 2
ABM: Riel creado entre 3 y 2
ABM: Riel creado entre 2 y 9
ABM: Riel creado entre 9 y 10
ABM: Riel creado entre 3 y 10
ABM: Riel creado entre 2 y 11
ABM: Riel creado entre 11 y 12
ABM: Riel creado entre 12 y 13
ABM: Riel creado entre 13 y 16
ABM: Riel creado entre 16 y 17
ABM: Riel creado entre 17 y 12
ABM: Riel creado entre 12 y 14
ABM: Riel creado entre 14 y 15
ABM: Riel creado entre 6 y 18
ABM: Riel creado entre 18 y 4
ABM: Riel creado entre 7 y 19
ABM: Riel creado entre 19 y 20
ABM: Riel creado entre 20 y 8
ABM: Riel creado entre 11 y 14
ABM: Riel creado entre 13 y 6
ABM: Riel creado entre 9 y 5
ABM: Riel creado entre 1 y 10
ABM: Riel creado entre 3 y 9
ABM: Se agrego Tren  [diesel] pas:6 carga:0 linea:Mitre
ABM: Se agrego Tren  [gasolina] pas:0 carga:0 linea:no-asignado
ABM: Se agrego Tren  [diesel] pas:8 carga:0 linea:Roca-Tandil
ABM: Se agrego Tren  [electrico] pas:8 carga:0 linea:San Martin
ABM: Se agrego Tren  [diesel] pas:5 carga:0 linea:Belgrano Norte
ABM: Se agrego Tren  [gasolina] pas:4 carga:0 linea:Mitre
ABM: Se agrego Tren  [electrico] pas:7 carga:0 linea:Roca-Tandil
ABM: Se agrego Tren  [diesel] pas:6 carga:0 linea:San Martin
ABM: Se agrego Tren  [electrico] pas:9 carga:0 linea:Belgrano Norte
ABM: Se agrego Tren  [diesel] pas:5 carga:0 linea:Mitre
ABM: Se agrego Tren  [gasolina] pas:3 carga:0 linea:no-asignado
ABM: Se agrego Tren  [electrico] pas:10 carga:0 linea:San Martin
ABM: Se agrego Tren  [diesel] pas:7 carga:0 linea:Roca-Tandil
ABM: Se agrego Tren  [diesel] pas:6 carga:0 linea:Belgrano Norte
ABM: Se agrego Tren  [electrico] pas:8 carga:0 linea:Mitre
ABM: Se agrego Tren  [gasolina] pas:4 carga:0 linea:no-asignado
ABM: Se agrego Tren  [diesel] pas:5 carga:0 linea:San Martin
ABM: Se agrego Tren  [electrico] pas:9 carga:0 linea:Roca-Tandil
ABM: Se agrego Tren  [diesel] pas:6 carga:0 linea:Belgrano Norte
ABM: Se agrego Tren  [electrico] pas:7 carga:0 linea:San Martin

=== ESTADO DEL SISTEMA POST-CARGA INICIAL ===
eed.tp.TrenesSaControlador@6ce253f1
==============================================

ABM: Se creó la estación Tandil
ABM: Se agrego Tandil (Tandil) - Av. España 745 CP:7000 | vías: 4, plataformas: 2
ABM: Se creó la estación Retiro
ABM: Se agrego Retiro (CABA) - Av. Dr. Jose Maria Ramos Mejia 1430 CP:C1104 | vías: 9, plataformas: 6
ABM: Se creó la estación Constitucion
ABM: Se agrego Constitucion (CABA) - Av. Brasil 1128 CP:C1154 | vías: 14, plataformas: 8
ABM: Se creó la estación Canuelas
ABM: Se agrego Canuelas (Canuelas) - Libertad 150 CP:1814 | vías: 3, plataformas: 2
ABM: Se creó la estación Las Flores
ABM: Se agrego Las Flores (Las Flores) - Av. Rivadavia 400 CP:7200 | vías: 2, plataformas: 2
ABM: Se creó la estación Neuquen
ABM: Se agrego Neuquen (capital) - Av. Brasil 1128 CP:C1154 | vías: 14, plataformas: 8
ABM: Se creó la estación Bariloche
ABM: Se agrego Bariloche (Rio negro) - Libertad 150 CP:1814 | vías: 3, plataformas: 2
ABM: Se creó la estación Tierra del fuego
ABM: Se agrego Tierra del fuego (tierra) - Av. Rivadavia 400 CP:7200 | vías: 2, plataformas: 2
ABM: Se creó la estación La Plata
ABM: Se agrego La Plata (Buenos Aires) - Calle 1 100 CP:1900 | vías: 5, plataformas: 4
ABM: Se creó la estación Mar del Plata
ABM: Se agrego Mar del Plata (Buenos Aires) - Av. Luro 200 CP:7600 | vías: 4, plataformas: 3
ABM: Se creó la estación Rosario
ABM: Se agrego Rosario (Santa Fe) - Aristobulo 300 CP:2000 | vías: 6, plataformas: 4
ABM: Se creó la estación Cordoba
ABM: Se agrego Cordoba (Cordoba) - Peron 400 CP:5000 | vías: 5, plataformas: 3
ABM: Se creó la estación Mendoza
ABM: Se agrego Mendoza (Mendoza) - Las Heras 500 CP:5500 | vías: 3, plataformas: 2
ABM: Se creó la estación Tucuman
ABM: Se agrego Tucuman (Tucuman) - Corrientes 600 CP:4000 | vías: 3, plataformas: 2
ABM: Se creó la estación Salta
ABM: Se agrego Salta (Salta) - Balcarce 700 CP:4400 | vías: 2, plataformas: 2
ABM: Se creó la estación San Juan
ABM: Se agrego San Juan (San Juan) - España 800 CP:5400 | vías: 2, plataformas: 2
ABM: Se creó la estación San Luis
ABM: Se agrego San Luis (San Luis) - Illia 900 CP:5700 | vías: 2, plataformas: 2
ABM: Se creó la estación Santa Rosa
ABM: Se agrego Santa Rosa (La Pampa) - Luro 1000 CP:6300 | vías: 2, plataformas: 2
ABM: Se creó la estación Viedma
ABM: Se agrego Viedma (Rio Negro) - Roca 1100 CP:8500 | vías: 2, plataformas: 2
ABM: Se creó la estación Rawson
ABM: Se agrego Rawson (Chubut) - Fontana 1200 CP:9103 | vías: 2, plataformas: 2
ABM: Riel creado entre 2 y 1
ABM: Riel creado entre 3 y 4
ABM: Riel creado entre 4 y 5
ABM: Riel creado entre 5 y 1
ABM: Riel creado entre 5 y 6
ABM: Riel creado entre 5 y 7
ABM: Riel creado entre 5 y 8
ABM: Riel creado entre 3 y 8
ABM: Riel creado entre 4 y 2
ABM: Riel creado entre 3 y 2
ABM: Riel creado entre 2 y 9
ABM: Riel creado entre 9 y 10
ABM: Riel creado entre 3 y 10
ABM: Riel creado entre 2 y 11
ABM: Riel creado entre 11 y 12
ABM: Riel creado entre 12 y 13
ABM: Riel creado entre 13 y 16
ABM: Riel creado entre 16 y 17
ABM: Riel creado entre 17 y 12
ABM: Riel creado entre 12 y 14
ABM: Riel creado entre 14 y 15
ABM: Riel creado entre 6 y 18
ABM: Riel creado entre 18 y 4
ABM: Riel creado entre 7 y 19
ABM: Riel creado entre 19 y 20
ABM: Riel creado entre 20 y 8
ABM: Riel creado entre 11 y 14
ABM: Riel creado entre 13 y 6
ABM: Riel creado entre 9 y 5
ABM: Riel creado entre 1 y 10
ABM: Riel creado entre 3 y 9
ABM: Se agrego Tren  [diesel] pas:6 carga:0 linea:Mitre
ABM: Se agrego Tren  [gasolina] pas:0 carga:0 linea:no-asignado
ABM: Se agrego Tren  [diesel] pas:8 carga:0 linea:Roca-Tandil
ABM: Se agrego Tren  [electrico] pas:8 carga:0 linea:San Martin
ABM: Se agrego Tren  [diesel] pas:5 carga:0 linea:Belgrano Norte
ABM: Se agrego Tren  [gasolina] pas:4 carga:0 linea:Mitre
ABM: Se agrego Tren  [electrico] pas:7 carga:0 linea:Roca-Tandil
ABM: Se agrego Tren  [diesel] pas:6 carga:0 linea:San Martin
ABM: Se agrego Tren  [electrico] pas:9 carga:0 linea:Belgrano Norte
ABM: Se agrego Tren  [diesel] pas:5 carga:0 linea:Mitre
ABM: Se agrego Tren  [gasolina] pas:3 carga:0 linea:no-asignado
ABM: Se agrego Tren  [electrico] pas:10 carga:0 linea:San Martin
ABM: Se agrego Tren  [diesel] pas:7 carga:0 linea:Roca-Tandil
ABM: Se agrego Tren  [diesel] pas:6 carga:0 linea:Belgrano Norte
ABM: Se agrego Tren  [electrico] pas:8 carga:0 linea:Mitre
ABM: Se agrego Tren  [gasolina] pas:4 carga:0 linea:no-asignado
ABM: Se agrego Tren  [diesel] pas:5 carga:0 linea:San Martin
ABM: Se agrego Tren  [electrico] pas:9 carga:0 linea:Roca-Tandil
ABM: Se agrego Tren  [diesel] pas:6 carga:0 linea:Belgrano Norte
ABM: Se agrego Tren  [electrico] pas:7 carga:0 linea:San Martin

=== ESTADO DEL SISTEMA POST-CARGA INICIAL ===
eed.tp.TrenesSaControlador@6ce253f1
==============================================

ABM: Se creó la estación nqn
ABM: Se agrego nqn (nqn) - calle nqn CP:8300 | vías: 3, plataformas: 3
ABM: Riel creado entre 500 y 20
Se eliminó el riel entre 500 y 20
ABM: Se agrego 5
ABM: Se agrego 9
ABM: Se agrego 15
ABM: Se agrego 7
ABM: Se agrego 3
ABM: Se agrego 12
ABM: Se agrego 20
ABM: Se agrego 1
ABM: Se agrego 6
ABM: Se agrego 10
ABM: Se agrego 13
ABM: Se agrego 19
ABM: Se agrego 50
ABM: Se agrego 5
ABM: Se agrego 9
ABM: Se agrego 15
ABM: Se agrego 7
ABM: Se agrego 3
ABM: Se agrego 12
ABM: Se agrego 20
ABM: Se agrego 1
ABM: Se agrego 6
ABM: Se agrego 10
ABM: Se agrego 13
ABM: Se agrego 19
ABM: Se agrego 50
ABM: Se agrego 5
ABM: Se agrego 9
ABM: Se agrego 15
ABM: Se agrego 7
ABM: Se agrego 3
ABM: Se agrego 12
ABM: Se agrego 20
ABM: Se agrego 1
ABM: Se agrego 6
ABM: Se agrego 10
ABM: Se agrego 13
ABM: Se agrego 19
ABM: Se agrego 50
ABM: Se agrego 5
ABM: Se agrego 9
ABM: Se agrego 15
ABM: Se agrego 7
ABM: Se agrego 3
ABM: Se agrego 12
ABM: Se agrego 20
ABM: Se agrego 1
ABM: Se agrego 6
ABM: Se agrego 10
ABM: Se agrego 13
ABM: Se agrego 19
ABM: Se agrego 50
ABM: Se agrego 5
ABM: Se agrego 9
ABM: Se agrego 15
ABM: Se agrego 7
ABM: Se agrego 3
ABM: Se agrego 12
ABM: Se agrego 20
ABM: Se agrego 1
ABM: Se agrego 6
ABM: Se agrego 10
ABM: Se agrego 13
ABM: Se agrego 19
ABM: Se agrego 50
ABM: Se agrego 5
ABM: Se agrego 9
ABM: Se agrego 15
ABM: Se agrego 7
ABM: Se agrego 3
ABM: Se agrego 12
ABM: Se agrego 20
ABM: Se agrego 1
ABM: Se agrego 6
ABM: Se agrego 10
ABM: Se agrego 13
ABM: Se agrego 19
ABM: Se agrego 50
ABM: Se agrego 5
ABM: Se agrego 9
ABM: Se agrego 15
ABM: Se agrego 7
ABM: Se agrego 3
ABM: Se agrego 12
ABM: Se agrego 20
ABM: Se agrego 1
ABM: Se agrego 6
ABM: Se agrego 10
ABM: Se agrego 13
ABM: Se agrego 19
ABM: Se agrego 50
ABM: Se agrego 5
ABM: Se agrego 9
ABM: Se agrego 15
ABM: Se agrego 7
ABM: Se agrego 3
ABM: Se agrego 12
ABM: Se agrego 20
ABM: Se agrego 1
ABM: Se agrego 6
ABM: Se agrego 10
ABM: Se agrego 13
ABM: Se agrego 19
ABM: Se agrego 50
ABM: Se agrego 5
ABM: Se agrego 9
ABM: Se agrego 15
ABM: Se agrego 7
ABM: Se agrego 3
ABM: Se agrego 12
ABM: Se agrego 20
ABM: Se agrego 1
ABM: Se agrego 6
ABM: Se agrego 10
ABM: Se agrego 13
ABM: Se agrego 19
ABM: Se agrego 50
ABM: Se agrego 5
ABM: Se agrego 9
ABM: Se agrego 15
ABM: Se agrego 7
ABM: Se agrego 3
ABM: Se agrego 12
ABM: Se agrego 20
ABM: Se agrego 1
ABM: Se agrego 6
ABM: Se agrego 10
ABM: Se agrego 13
ABM: Se agrego 19
ABM: Se agrego 50
ABM: Se agrego 5
ABM: Se agrego 9
ABM: Se agrego 15
ABM: Se agrego 7
ABM: Se agrego 3
ABM: Se agrego 12
ABM: Se agrego 20
ABM: Se agrego 1
ABM: Se agrego 6
ABM: Se agrego 10
ABM: Se agrego 13
ABM: Se agrego 19
ABM: Se agrego 50
ABM: Se agrego 5
ABM: Se agrego 9
ABM: Se agrego 15
ABM: Se agrego 7
ABM: Se agrego 3
ABM: Se agrego 12
ABM: Se agrego 20
ABM: Se agrego 1
ABM: Se agrego 6
ABM: Se agrego 10
ABM: Se agrego 13
ABM: Se agrego 19
ABM: Se agrego 50
ABM: Se agrego 5
ABM: Se agrego 9
ABM: Se agrego 15
ABM: Se agrego 7
ABM: Se agrego 3
ABM: Se agrego 12
ABM: Se agrego 20
ABM: Se agrego 1
ABM: Se agrego 6
ABM: Se agrego 10
ABM: Se agrego 13
ABM: Se agrego 19
ABM: Se agrego 50
ABM: Se agrego 5
ABM: Se agrego 9
ABM: Se agrego 15
ABM: Se agrego 7
ABM: Se agrego 3
ABM: Se agrego 12
ABM: Se agrego 20
ABM: Se agrego 1
ABM: Se agrego 6
ABM: Se agrego 10
ABM: Se agrego 13
ABM: Se agrego 19
ABM: Se agrego 50
ABM: Se agrego 5
ABM: Se agrego 9
ABM: Se agrego 15
ABM: Se agrego 7
ABM: Se agrego 3
ABM: Se agrego 12
ABM: Se agrego 20
ABM: Se agrego 1
ABM: Se agrego 6
ABM: Se agrego 10
ABM: Se agrego 13
ABM: Se agrego 19
ABM: Se agrego 50
ABM: Se agrego 5
ABM: Se agrego 9
ABM: Se agrego 15
ABM: Se agrego 7
ABM: Se agrego 3
ABM: Se agrego 12
ABM: Se agrego 20
ABM: Se agrego 1
ABM: Se agrego 6
ABM: Se agrego 10
ABM: Se agrego 13
ABM: Se agrego 19
ABM: Se agrego 50
ABM: Se agrego 5
ABM: Se agrego 9
ABM: Se agrego 15
ABM: Se agrego 7
ABM: Se agrego 3
ABM: Se agrego 12
ABM: Se agrego 20
ABM: Se agrego 1
ABM: Se agrego 6
ABM: Se agrego 10
ABM: Se agrego 13
ABM: Se agrego 19
ABM: Se agrego 50
ABM: Se agrego 5
ABM: Se agrego 9
ABM: Se agrego 15
ABM: Se agrego 7
ABM: Se agrego 3
ABM: Se agrego 12
ABM: Se agrego 20
ABM: Se agrego 1
ABM: Se agrego 6
ABM: Se agrego 10
ABM: Se agrego 13
ABM: Se agrego 19
ABM: Se agrego 50
ABM: Se agrego 5
ABM: Se agrego 9
ABM: Se agrego 15
ABM: Se agrego 7
ABM: Se agrego 3
ABM: Se agrego 12
ABM: Se agrego 20
ABM: Se agrego 1
ABM: Se agrego 6
ABM: Se agrego 10
ABM: Se agrego 13
ABM: Se agrego 19
ABM: Se agrego 50
ABM: Se agrego 5
ABM: Se agrego 9
ABM: Se agrego 15
ABM: Se agrego 7
ABM: Se agrego 3
ABM: Se agrego 12
ABM: Se agrego 20
ABM: Se agrego 1
ABM: Se agrego 6
ABM: Se agrego 10
ABM: Se agrego 13
ABM: Se agrego 19
ABM: Se agrego 50
ABM: Se agrego 5
ABM: Se agrego 9
ABM: Se agrego 15
ABM: Se agrego 7
ABM: Se agrego 3
ABM: Se agrego 12
ABM: Se agrego 20
ABM: Se agrego 1
ABM: Se agrego 6
ABM: Se agrego 10
ABM: Se agrego 13
ABM: Se agrego 19
ABM: Se agrego 50
ABM: Se agrego 5
ABM: Se agrego 9
ABM: Se agrego 15
ABM: Se agrego 7
ABM: Se agrego 3
ABM: Se agrego 12
ABM: Se agrego 20
ABM: Se agrego 1
ABM: Se agrego 6
ABM: Se agrego 10
ABM: Se agrego 13
ABM: Se agrego 19
ABM: Se agrego 50
ABM: Se agrego 5
ABM: Se agrego 9
ABM: Se agrego 15
ABM: Se agrego 7
ABM: Se agrego 3
ABM: Se agrego 12
ABM: Se agrego 20
ABM: Se agrego 1
ABM: Se agrego 6
ABM: Se agrego 10
ABM: Se agrego 13
ABM: Se agrego 19
ABM: Se agrego 50
ABM: Se agrego 5
ABM: Se agrego 9
ABM: Se agrego 15
ABM: Se agrego 7
ABM: Se agrego 3
ABM: Se agrego 12
ABM: Se agrego 20
ABM: Se agrego 1
ABM: Se agrego 6
ABM: Se agrego 10
ABM: Se agrego 13
ABM: Se agrego 19
ABM: Se agrego 50
ABM: Se agrego 5
ABM: Se agrego 9
ABM: Se agrego 15
ABM: Se agrego 7
ABM: Se agrego 3
ABM: Se agrego 12
ABM: Se agrego 20
ABM: Se agrego 1
ABM: Se agrego 6
ABM: Se agrego 10
ABM: Se agrego 13
ABM: Se agrego 19
ABM: Se agrego 50
ABM: Se creó la estación Tandil
ABM: Se agrego Tandil (Tandil) - Av. España 745 CP:7000 | vías: 4, plataformas: 2
ABM: Se creó la estación Retiro
ABM: Se agrego Retiro (CABA) - Av. Dr. Jose Maria Ramos Mejia 1430 CP:C1104 | vías: 9, plataformas: 6
ABM: Se creó la estación Constitucion
ABM: Se agrego Constitucion (CABA) - Av. Brasil 1128 CP:C1154 | vías: 14, plataformas: 8
ABM: Se creó la estación Canuelas
ABM: Se agrego Canuelas (Canuelas) - Libertad 150 CP:1814 | vías: 3, plataformas: 2
ABM: Se creó la estación Las Flores
ABM: Se agrego Las Flores (Las Flores) - Av. Rivadavia 400 CP:7200 | vías: 2, plataformas: 2
ABM: Se creó la estación Neuquen
ABM: Se agrego Neuquen (capital) - Av. Brasil 1128 CP:C1154 | vías: 14, plataformas: 8
ABM: Se creó la estación Bariloche
ABM: Se agrego Bariloche (Rio negro) - Libertad 150 CP:1814 | vías: 3, plataformas: 2
ABM: Se creó la estación Tierra del fuego
ABM: Se agrego Tierra del fuego (tierra) - Av. Rivadavia 400 CP:7200 | vías: 2, plataformas: 2
ABM: Se creó la estación La Plata
ABM: Se agrego La Plata (Buenos Aires) - Calle 1 100 CP:1900 | vías: 5, plataformas: 4
ABM: Se creó la estación Mar del Plata
ABM: Se agrego Mar del Plata (Buenos Aires) - Av. Luro 200 CP:7600 | vías: 4, plataformas: 3
ABM: Se creó la estación Rosario
ABM: Se agrego Rosario (Santa Fe) - Aristobulo 300 CP:2000 | vías: 6, plataformas: 4
ABM: Se creó la estación Cordoba
ABM: Se agrego Cordoba (Cordoba) - Peron 400 CP:5000 | vías: 5, plataformas: 3
ABM: Se creó la estación Mendoza
ABM: Se agrego Mendoza (Mendoza) - Las Heras 500 CP:5500 | vías: 3, plataformas: 2
ABM: Se creó la estación Tucuman
ABM: Se agrego Tucuman (Tucuman) - Corrientes 600 CP:4000 | vías: 3, plataformas: 2
ABM: Se creó la estación Salta
ABM: Se agrego Salta (Salta) - Balcarce 700 CP:4400 | vías: 2, plataformas: 2
ABM: Se creó la estación San Juan
ABM: Se agrego San Juan (San Juan) - España 800 CP:5400 | vías: 2, plataformas: 2
ABM: Se creó la estación San Luis
ABM: Se agrego San Luis (San Luis) - Illia 900 CP:5700 | vías: 2, plataformas: 2
ABM: Se creó la estación Santa Rosa
ABM: Se agrego Santa Rosa (La Pampa) - Luro 1000 CP:6300 | vías: 2, plataformas: 2
ABM: Se creó la estación Viedma
ABM: Se agrego Viedma (Rio Negro) - Roca 1100 CP:8500 | vías: 2, plataformas: 2
ABM: Se creó la estación Rawson
ABM: Se agrego Rawson (Chubut) - Fontana 1200 CP:9103 | vías: 2, plataformas: 2
ABM: Se agrego Tren  [diesel] pas:6 carga:0 linea:Mitre
ABM: Se agrego Tren  [gasolina] pas:0 carga:0 linea:no-asignado
ABM: Se agrego Tren  [diesel] pas:8 carga:0 linea:Roca-Tandil
ABM: Se agrego Tren  [electrico] pas:8 carga:0 linea:San Martin
ABM: Se agrego Tren  [diesel] pas:5 carga:0 linea:Belgrano Norte
ABM: Se agrego Tren  [gasolina] pas:4 carga:0 linea:Mitre
ABM: Se agrego Tren  [electrico] pas:7 carga:0 linea:Roca-Tandil
ABM: Se agrego Tren  [diesel] pas:6 carga:0 linea:San Martin
ABM: Se agrego Tren  [electrico] pas:9 carga:0 linea:Belgrano Norte
ABM: Se agrego Tren  [diesel] pas:5 carga:0 linea:Mitre
ABM: Se agrego Tren  [gasolina] pas:3 carga:0 linea:no-asignado
ABM: Se agrego Tren  [electrico] pas:10 carga:0 linea:San Martin
ABM: Se agrego Tren  [diesel] pas:7 carga:0 linea:Roca-Tandil
ABM: Se agrego Tren  [diesel] pas:6 carga:0 linea:Belgrano Norte
ABM: Se agrego Tren  [electrico] pas:8 carga:0 linea:Mitre
ABM: Se agrego Tren  [gasolina] pas:4 carga:0 linea:no-asignado
ABM: Se agrego Tren  [diesel] pas:5 carga:0 linea:San Martin
ABM: Se agrego Tren  [electrico] pas:9 carga:0 linea:Roca-Tandil
ABM: Se agrego Tren  [diesel] pas:6 carga:0 linea:Belgrano Norte
ABM: Se agrego Tren  [electrico] pas:7 carga:0 linea:San Martin

=== ESTADO DEL SISTEMA POST-CARGA INICIAL ===
eed.tp.TrenesSaControlador@6ce253f1
==============================================

ABM: Se creó la estación Tandil
ABM: Se agrego Tandil (Tandil) - Av. España 745 CP:7000 | vías: 4, plataformas: 2
ABM: Se creó la estación Retiro
ABM: Se agrego Retiro (CABA) - Av. Dr. Jose Maria Ramos Mejia 1430 CP:C1104 | vías: 9, plataformas: 6
ABM: Se creó la estación Constitucion
ABM: Se agrego Constitucion (CABA) - Av. Brasil 1128 CP:C1154 | vías: 14, plataformas: 8
ABM: Se creó la estación Canuelas
ABM: Se agrego Canuelas (Canuelas) - Libertad 150 CP:1814 | vías: 3, plataformas: 2
ABM: Se creó la estación Las Flores
ABM: Se agrego Las Flores (Las Flores) - Av. Rivadavia 400 CP:7200 | vías: 2, plataformas: 2
ABM: Se creó la estación Neuquen
ABM: Se agrego Neuquen (capital) - Av. Brasil 1128 CP:C1154 | vías: 14, plataformas: 8
ABM: Se creó la estación Bariloche
ABM: Se agrego Bariloche (Rio negro) - Libertad 150 CP:1814 | vías: 3, plataformas: 2
ABM: Se creó la estación Tierra del fuego
ABM: Se agrego Tierra del fuego (tierra) - Av. Rivadavia 400 CP:7200 | vías: 2, plataformas: 2
ABM: Se creó la estación La Plata
ABM: Se agrego La Plata (Buenos Aires) - Calle 1 100 CP:1900 | vías: 5, plataformas: 4
ABM: Se creó la estación Mar del Plata
ABM: Se agrego Mar del Plata (Buenos Aires) - Av. Luro 200 CP:7600 | vías: 4, plataformas: 3
ABM: Se creó la estación Rosario
ABM: Se agrego Rosario (Santa Fe) - Aristobulo 300 CP:2000 | vías: 6, plataformas: 4
ABM: Se creó la estación Cordoba
ABM: Se agrego Cordoba (Cordoba) - Peron 400 CP:5000 | vías: 5, plataformas: 3
ABM: Se creó la estación Mendoza
ABM: Se agrego Mendoza (Mendoza) - Las Heras 500 CP:5500 | vías: 3, plataformas: 2
ABM: Se creó la estación Tucuman
ABM: Se agrego Tucuman (Tucuman) - Corrientes 600 CP:4000 | vías: 3, plataformas: 2
ABM: Se creó la estación Salta
ABM: Se agrego Salta (Salta) - Balcarce 700 CP:4400 | vías: 2, plataformas: 2
ABM: Se creó la estación San Juan
ABM: Se agrego San Juan (San Juan) - España 800 CP:5400 | vías: 2, plataformas: 2
ABM: Se creó la estación San Luis
ABM: Se agrego San Luis (San Luis) - Illia 900 CP:5700 | vías: 2, plataformas: 2
ABM: Se creó la estación Santa Rosa
ABM: Se agrego Santa Rosa (La Pampa) - Luro 1000 CP:6300 | vías: 2, plataformas: 2
ABM: Se creó la estación Viedma
ABM: Se agrego Viedma (Rio Negro) - Roca 1100 CP:8500 | vías: 2, plataformas: 2
ABM: Se creó la estación Rawson
ABM: Se agrego Rawson (Chubut) - Fontana 1200 CP:9103 | vías: 2, plataformas: 2
ABM: Se agrego Tren  [diesel] pas:6 carga:0 linea:Mitre
ABM: Se agrego Tren  [gasolina] pas:0 carga:0 linea:no-asignado
ABM: Se agrego Tren  [diesel] pas:8 carga:0 linea:Roca-Tandil
ABM: Se agrego Tren  [electrico] pas:8 carga:0 linea:San Martin
ABM: Se agrego Tren  [diesel] pas:5 carga:0 linea:Belgrano Norte
ABM: Se agrego Tren  [gasolina] pas:4 carga:0 linea:Mitre
ABM: Se agrego Tren  [electrico] pas:7 carga:0 linea:Roca-Tandil
ABM: Se agrego Tren  [diesel] pas:6 carga:0 linea:San Martin
ABM: Se agrego Tren  [electrico] pas:9 carga:0 linea:Belgrano Norte
ABM: Se agrego Tren  [diesel] pas:5 carga:0 linea:Mitre
ABM: Se agrego Tren  [gasolina] pas:3 carga:0 linea:no-asignado
ABM: Se agrego Tren  [electrico] pas:10 carga:0 linea:San Martin
ABM: Se agrego Tren  [diesel] pas:7 carga:0 linea:Roca-Tandil
ABM: Se agrego Tren  [diesel] pas:6 carga:0 linea:Belgrano Norte
ABM: Se agrego Tren  [electrico] pas:8 carga:0 linea:Mitre
ABM: Se agrego Tren  [gasolina] pas:4 carga:0 linea:no-asignado
ABM: Se agrego Tren  [diesel] pas:5 carga:0 linea:San Martin
ABM: Se agrego Tren  [electrico] pas:9 carga:0 linea:Roca-Tandil
ABM: Se agrego Tren  [diesel] pas:6 carga:0 linea:Belgrano Norte
ABM: Se agrego Tren  [electrico] pas:7 carga:0 linea:San Martin

=== ESTADO DEL SISTEMA POST-CARGA INICIAL ===
eed.tp.TrenesSaControlador@6ce253f1
==============================================

ABM: Se creó la estación Tandil
ABM: Se agrego Tandil (Tandil) - Av. España 745 CP:7000 | vías: 4, plataformas: 2
ABM: Se creó la estación Retiro
ABM: Se agrego Retiro (CABA) - Av. Dr. Jose Maria Ramos Mejia 1430 CP:C1104 | vías: 9, plataformas: 6
ABM: Se creó la estación Constitucion
ABM: Se agrego Constitucion (CABA) - Av. Brasil 1128 CP:C1154 | vías: 14, plataformas: 8
ABM: Se creó la estación Canuelas
ABM: Se agrego Canuelas (Canuelas) - Libertad 150 CP:1814 | vías: 3, plataformas: 2
ABM: Se creó la estación Las Flores
ABM: Se agrego Las Flores (Las Flores) - Av. Rivadavia 400 CP:7200 | vías: 2, plataformas: 2
ABM: Se creó la estación Neuquen
ABM: Se agrego Neuquen (capital) - Av. Brasil 1128 CP:C1154 | vías: 14, plataformas: 8
ABM: Se creó la estación Bariloche
ABM: Se agrego Bariloche (Rio negro) - Libertad 150 CP:1814 | vías: 3, plataformas: 2
ABM: Se creó la estación Tierra del fuego
ABM: Se agrego Tierra del fuego (tierra) - Av. Rivadavia 400 CP:7200 | vías: 2, plataformas: 2
ABM: Se creó la estación La Plata
ABM: Se agrego La Plata (Buenos Aires) - Calle 1 100 CP:1900 | vías: 5, plataformas: 4
ABM: Se creó la estación Mar del Plata
ABM: Se agrego Mar del Plata (Buenos Aires) - Av. Luro 200 CP:7600 | vías: 4, plataformas: 3
ABM: Se creó la estación Rosario
ABM: Se agrego Rosario (Santa Fe) - Aristobulo 300 CP:2000 | vías: 6, plataformas: 4
ABM: Se creó la estación Cordoba
ABM: Se agrego Cordoba (Cordoba) - Peron 400 CP:5000 | vías: 5, plataformas: 3
ABM: Se creó la estación Mendoza
ABM: Se agrego Mendoza (Mendoza) - Las Heras 500 CP:5500 | vías: 3, plataformas: 2
ABM: Se creó la estación Tucuman
ABM: Se agrego Tucuman (Tucuman) - Corrientes 600 CP:4000 | vías: 3, plataformas: 2
ABM: Se creó la estación Salta
ABM: Se agrego Salta (Salta) - Balcarce 700 CP:4400 | vías: 2, plataformas: 2
ABM: Se creó la estación San Juan
ABM: Se agrego San Juan (San Juan) - España 800 CP:5400 | vías: 2, plataformas: 2
ABM: Se creó la estación San Luis
ABM: Se agrego San Luis (San Luis) - Illia 900 CP:5700 | vías: 2, plataformas: 2
ABM: Se creó la estación Santa Rosa
ABM: Se agrego Santa Rosa (La Pampa) - Luro 1000 CP:6300 | vías: 2, plataformas: 2
ABM: Se creó la estación Viedma
ABM: Se agrego Viedma (Rio Negro) - Roca 1100 CP:8500 | vías: 2, plataformas: 2
ABM: Se creó la estación Rawson
ABM: Se agrego Rawson (Chubut) - Fontana 1200 CP:9103 | vías: 2, plataformas: 2
ABM: Se agrego Tren  [diesel] pas:6 carga:0 linea:Mitre
ABM: Se agrego Tren  [gasolina] pas:0 carga:0 linea:no-asignado
ABM: Se agrego Tren  [diesel] pas:8 carga:0 linea:Roca-Tandil
ABM: Se agrego Tren  [electrico] pas:8 carga:0 linea:San Martin
ABM: Se agrego Tren  [diesel] pas:5 carga:0 linea:Belgrano Norte
ABM: Se agrego Tren  [gasolina] pas:4 carga:0 linea:Mitre
ABM: Se agrego Tren  [electrico] pas:7 carga:0 linea:Roca-Tandil
ABM: Se agrego Tren  [diesel] pas:6 carga:0 linea:San Martin
ABM: Se agrego Tren  [electrico] pas:9 carga:0 linea:Belgrano Norte
ABM: Se agrego Tren  [diesel] pas:5 carga:0 linea:Mitre
ABM: Se agrego Tren  [gasolina] pas:3 carga:0 linea:no-asignado
ABM: Se agrego Tren  [electrico] pas:10 carga:0 linea:San Martin
ABM: Se agrego Tren  [diesel] pas:7 carga:0 linea:Roca-Tandil
ABM: Se agrego Tren  [diesel] pas:6 carga:0 linea:Belgrano Norte
ABM: Se agrego Tren  [electrico] pas:8 carga:0 linea:Mitre
ABM: Se agrego Tren  [gasolina] pas:4 carga:0 linea:no-asignado
ABM: Se agrego Tren  [diesel] pas:5 carga:0 linea:San Martin
ABM: Se agrego Tren  [electrico] pas:9 carga:0 linea:Roca-Tandil
ABM: Se agrego Tren  [diesel] pas:6 carga:0 linea:Belgrano Norte
ABM: Se agrego Tren  [electrico] pas:7 carga:0 linea:San Martin

=== ESTADO DEL SISTEMA POST-CARGA INICIAL ===
eed.tp.TrenesSaControlador@6ce253f1
==============================================

ABM: Se creó la estación Tandil
ABM: Se agrego Tandil (Tandil) - Av. España 745 CP:7000 | vías: 4, plataformas: 2
ABM: Se creó la estación Retiro
ABM: Se agrego Retiro (CABA) - Av. Dr. Jose Maria Ramos Mejia 1430 CP:C1104 | vías: 9, plataformas: 6
ABM: Se creó la estación Constitucion
ABM: Se agrego Constitucion (CABA) - Av. Brasil 1128 CP:C1154 | vías: 14, plataformas: 8
ABM: Se creó la estación Canuelas
ABM: Se agrego Canuelas (Canuelas) - Libertad 150 CP:1814 | vías: 3, plataformas: 2
ABM: Se creó la estación Las Flores
ABM: Se agrego Las Flores (Las Flores) - Av. Rivadavia 400 CP:7200 | vías: 2, plataformas: 2
ABM: Se creó la estación Neuquen
ABM: Se agrego Neuquen (capital) - Av. Brasil 1128 CP:C1154 | vías: 14, plataformas: 8
ABM: Se creó la estación Bariloche
ABM: Se agrego Bariloche (Rio negro) - Libertad 150 CP:1814 | vías: 3, plataformas: 2
ABM: Se creó la estación Tierra del fuego
ABM: Se agrego Tierra del fuego (tierra) - Av. Rivadavia 400 CP:7200 | vías: 2, plataformas: 2
ABM: Se creó la estación La Plata
ABM: Se agrego La Plata (Buenos Aires) - Calle 1 100 CP:1900 | vías: 5, plataformas: 4
ABM: Se creó la estación Mar del Plata
ABM: Se agrego Mar del Plata (Buenos Aires) - Av. Luro 200 CP:7600 | vías: 4, plataformas: 3
ABM: Se creó la estación Rosario
ABM: Se agrego Rosario (Santa Fe) - Aristobulo 300 CP:2000 | vías: 6, plataformas: 4
ABM: Se creó la estación Cordoba
ABM: Se agrego Cordoba (Cordoba) - Peron 400 CP:5000 | vías: 5, plataformas: 3
ABM: Se creó la estación Mendoza
ABM: Se agrego Mendoza (Mendoza) - Las Heras 500 CP:5500 | vías: 3, plataformas: 2
ABM: Se creó la estación Tucuman
ABM: Se agrego Tucuman (Tucuman) - Corrientes 600 CP:4000 | vías: 3, plataformas: 2
ABM: Se creó la estación Salta
ABM: Se agrego Salta (Salta) - Balcarce 700 CP:4400 | vías: 2, plataformas: 2
ABM: Se creó la estación San Juan
ABM: Se agrego San Juan (San Juan) - España 800 CP:5400 | vías: 2, plataformas: 2
ABM: Se creó la estación San Luis
ABM: Se agrego San Luis (San Luis) - Illia 900 CP:5700 | vías: 2, plataformas: 2
ABM: Se creó la estación Santa Rosa
ABM: Se agrego Santa Rosa (La Pampa) - Luro 1000 CP:6300 | vías: 2, plataformas: 2
ABM: Se creó la estación Viedma
ABM: Se agrego Viedma (Rio Negro) - Roca 1100 CP:8500 | vías: 2, plataformas: 2
ABM: Se creó la estación Rawson
ABM: Se agrego Rawson (Chubut) - Fontana 1200 CP:9103 | vías: 2, plataformas: 2
ABM: Se agrego Tren  [diesel] pas:6 carga:0 linea:Mitre
ABM: Se agrego Tren  [gasolina] pas:0 carga:0 linea:no-asignado
ABM: Se agrego Tren  [diesel] pas:8 carga:0 linea:Roca-Tandil
ABM: Se agrego Tren  [electrico] pas:8 carga:0 linea:San Martin
ABM: Se agrego Tren  [diesel] pas:5 carga:0 linea:Belgrano Norte
ABM: Se agrego Tren  [gasolina] pas:4 carga:0 linea:Mitre
ABM: Se agrego Tren  [electrico] pas:7 carga:0 linea:Roca-Tandil
ABM: Se agrego Tren  [diesel] pas:6 carga:0 linea:San Martin
ABM: Se agrego Tren  [electrico] pas:9 carga:0 linea:Belgrano Norte
ABM: Se agrego Tren  [diesel] pas:5 carga:0 linea:Mitre
ABM: Se agrego Tren  [gasolina] pas:3 carga:0 linea:no-asignado
ABM: Se agrego Tren  [electrico] pas:10 carga:0 linea:San Martin
ABM: Se agrego Tren  [diesel] pas:7 carga:0 linea:Roca-Tandil
ABM: Se agrego Tren  [diesel] pas:6 carga:0 linea:Belgrano Norte
ABM: Se agrego Tren  [electrico] pas:8 carga:0 linea:Mitre
ABM: Se agrego Tren  [gasolina] pas:4 carga:0 linea:no-asignado
ABM: Se agrego Tren  [diesel] pas:5 carga:0 linea:San Martin
ABM: Se agrego Tren  [electrico] pas:9 carga:0 linea:Roca-Tandil
ABM: Se agrego Tren  [diesel] pas:6 carga:0 linea:Belgrano Norte
ABM: Se agrego Tren  [electrico] pas:7 carga:0 linea:San Martin

=== ESTADO DEL SISTEMA POST-CARGA INICIAL ===
eed.tp.TrenesSaControlador@6ce253f1
==============================================

ABM: Se creó la estación Tandil
ABM: Se agrego Tandil (Tandil) - Av. España 745 CP:7000 | vías: 4, plataformas: 2
ABM: Se creó la estación Retiro
ABM: Se agrego Retiro (CABA) - Av. Dr. Jose Maria Ramos Mejia 1430 CP:C1104 | vías: 9, plataformas: 6
ABM: Se creó la estación Constitucion
ABM: Se agrego Constitucion (CABA) - Av. Brasil 1128 CP:C1154 | vías: 14, plataformas: 8
ABM: Se creó la estación Canuelas
ABM: Se agrego Canuelas (Canuelas) - Libertad 150 CP:1814 | vías: 3, plataformas: 2
ABM: Se creó la estación Las Flores
ABM: Se agrego Las Flores (Las Flores) - Av. Rivadavia 400 CP:7200 | vías: 2, plataformas: 2
ABM: Se creó la estación Neuquen
ABM: Se agrego Neuquen (capital) - Av. Brasil 1128 CP:C1154 | vías: 14, plataformas: 8
ABM: Se creó la estación Bariloche
ABM: Se agrego Bariloche (Rio negro) - Libertad 150 CP:1814 | vías: 3, plataformas: 2
ABM: Se creó la estación Tierra del fuego
ABM: Se agrego Tierra del fuego (tierra) - Av. Rivadavia 400 CP:7200 | vías: 2, plataformas: 2
ABM: Se creó la estación La Plata
ABM: Se agrego La Plata (Buenos Aires) - Calle 1 100 CP:1900 | vías: 5, plataformas: 4
ABM: Se creó la estación Mar del Plata
ABM: Se agrego Mar del Plata (Buenos Aires) - Av. Luro 200 CP:7600 | vías: 4, plataformas: 3
ABM: Se creó la estación Rosario
ABM: Se agrego Rosario (Santa Fe) - Aristobulo 300 CP:2000 | vías: 6, plataformas: 4
ABM: Se creó la estación Cordoba
ABM: Se agrego Cordoba (Cordoba) - Peron 400 CP:5000 | vías: 5, plataformas: 3
ABM: Se creó la estación Mendoza
ABM: Se agrego Mendoza (Mendoza) - Las Heras 500 CP:5500 | vías: 3, plataformas: 2
ABM: Se creó la estación Tucuman
ABM: Se agrego Tucuman (Tucuman) - Corrientes 600 CP:4000 | vías: 3, plataformas: 2
ABM: Se creó la estación Salta
ABM: Se agrego Salta (Salta) - Balcarce 700 CP:4400 | vías: 2, plataformas: 2
ABM: Se creó la estación San Juan
ABM: Se agrego San Juan (San Juan) - España 800 CP:5400 | vías: 2, plataformas: 2
ABM: Se creó la estación San Luis
ABM: Se agrego San Luis (San Luis) - Illia 900 CP:5700 | vías: 2, plataformas: 2
ABM: Se creó la estación Santa Rosa
ABM: Se agrego Santa Rosa (La Pampa) - Luro 1000 CP:6300 | vías: 2, plataformas: 2
ABM: Se creó la estación Viedma
ABM: Se agrego Viedma (Rio Negro) - Roca 1100 CP:8500 | vías: 2, plataformas: 2
ABM: Se creó la estación Rawson
ABM: Se agrego Rawson (Chubut) - Fontana 1200 CP:9103 | vías: 2, plataformas: 2
ABM: Se agrego Tren  [diesel] pas:6 carga:0 linea:Mitre
ABM: Se agrego Tren  [gasolina] pas:0 carga:0 linea:no-asignado
ABM: Se agrego Tren  [diesel] pas:8 carga:0 linea:Roca-Tandil
ABM: Se agrego Tren  [electrico] pas:8 carga:0 linea:San Martin
ABM: Se agrego Tren  [diesel] pas:5 carga:0 linea:Belgrano Norte
ABM: Se agrego Tren  [gasolina] pas:4 carga:0 linea:Mitre
ABM: Se agrego Tren  [electrico] pas:7 carga:0 linea:Roca-Tandil
ABM: Se agrego Tren  [diesel] pas:6 carga:0 linea:San Martin
ABM: Se agrego Tren  [electrico] pas:9 carga:0 linea:Belgrano Norte
ABM: Se agrego Tren  [diesel] pas:5 carga:0 linea:Mitre
ABM: Se agrego Tren  [gasolina] pas:3 carga:0 linea:no-asignado
ABM: Se agrego Tren  [electrico] pas:10 carga:0 linea:San Martin
ABM: Se agrego Tren  [diesel] pas:7 carga:0 linea:Roca-Tandil
ABM: Se agrego Tren  [diesel] pas:6 carga:0 linea:Belgrano Norte
ABM: Se agrego Tren  [electrico] pas:8 carga:0 linea:Mitre
ABM: Se agrego Tren  [gasolina] pas:4 carga:0 linea:no-asignado
ABM: Se agrego Tren  [diesel] pas:5 carga:0 linea:San Martin
ABM: Se agrego Tren  [electrico] pas:9 carga:0 linea:Roca-Tandil
ABM: Se agrego Tren  [diesel] pas:6 carga:0 linea:Belgrano Norte
ABM: Se agrego Tren  [electrico] pas:7 carga:0 linea:San Martin

=== ESTADO DEL SISTEMA POST-CARGA INICIAL ===
eed.tp.TrenesSaControlador@6ce253f1
==============================================

ABM: Se creó la estación Tandil
ABM: Se agrego Tandil (Tandil) - Av. España 745 CP:7000 | vías: 4, plataformas: 2
ABM: Se creó la estación Retiro
ABM: Se agrego Retiro (CABA) - Av. Dr. Jose Maria Ramos Mejia 1430 CP:C1104 | vías: 9, plataformas: 6
ABM: Se creó la estación Constitucion
ABM: Se agrego Constitucion (CABA) - Av. Brasil 1128 CP:C1154 | vías: 14, plataformas: 8
ABM: Se creó la estación Canuelas
ABM: Se agrego Canuelas (Canuelas) - Libertad 150 CP:1814 | vías: 3, plataformas: 2
ABM: Se creó la estación Las Flores
ABM: Se agrego Las Flores (Las Flores) - Av. Rivadavia 400 CP:7200 | vías: 2, plataformas: 2
ABM: Se creó la estación Neuquen
ABM: Se agrego Neuquen (capital) - Av. Brasil 1128 CP:C1154 | vías: 14, plataformas: 8
ABM: Se creó la estación Bariloche
ABM: Se agrego Bariloche (Rio negro) - Libertad 150 CP:1814 | vías: 3, plataformas: 2
ABM: Se creó la estación Tierra del fuego
ABM: Se agrego Tierra del fuego (tierra) - Av. Rivadavia 400 CP:7200 | vías: 2, plataformas: 2
ABM: Se creó la estación La Plata
ABM: Se agrego La Plata (Buenos Aires) - Calle 1 100 CP:1900 | vías: 5, plataformas: 4
ABM: Se creó la estación Mar del Plata
ABM: Se agrego Mar del Plata (Buenos Aires) - Av. Luro 200 CP:7600 | vías: 4, plataformas: 3
ABM: Se creó la estación Rosario
ABM: Se agrego Rosario (Santa Fe) - Aristobulo 300 CP:2000 | vías: 6, plataformas: 4
ABM: Se creó la estación Cordoba
ABM: Se agrego Cordoba (Cordoba) - Peron 400 CP:5000 | vías: 5, plataformas: 3
ABM: Se creó la estación Mendoza
ABM: Se agrego Mendoza (Mendoza) - Las Heras 500 CP:5500 | vías: 3, plataformas: 2
ABM: Se creó la estación Tucuman
ABM: Se agrego Tucuman (Tucuman) - Corrientes 600 CP:4000 | vías: 3, plataformas: 2
ABM: Se creó la estación Salta
ABM: Se agrego Salta (Salta) - Balcarce 700 CP:4400 | vías: 2, plataformas: 2
ABM: Se creó la estación San Juan
ABM: Se agrego San Juan (San Juan) - España 800 CP:5400 | vías: 2, plataformas: 2
ABM: Se creó la estación San Luis
ABM: Se agrego San Luis (San Luis) - Illia 900 CP:5700 | vías: 2, plataformas: 2
ABM: Se creó la estación Santa Rosa
ABM: Se agrego Santa Rosa (La Pampa) - Luro 1000 CP:6300 | vías: 2, plataformas: 2
ABM: Se creó la estación Viedma
ABM: Se agrego Viedma (Rio Negro) - Roca 1100 CP:8500 | vías: 2, plataformas: 2
ABM: Se creó la estación Rawson
ABM: Se agrego Rawson (Chubut) - Fontana 1200 CP:9103 | vías: 2, plataformas: 2
ABM: Se agrego Tren  [diesel] pas:6 carga:0 linea:Mitre
ABM: Se agrego Tren  [gasolina] pas:0 carga:0 linea:no-asignado
ABM: Se agrego Tren  [diesel] pas:8 carga:0 linea:Roca-Tandil
ABM: Se agrego Tren  [electrico] pas:8 carga:0 linea:San Martin
ABM: Se agrego Tren  [diesel] pas:5 carga:0 linea:Belgrano Norte
ABM: Se agrego Tren  [gasolina] pas:4 carga:0 linea:Mitre
ABM: Se agrego Tren  [electrico] pas:7 carga:0 linea:Roca-Tandil
ABM: Se agrego Tren  [diesel] pas:6 carga:0 linea:San Martin
ABM: Se agrego Tren  [electrico] pas:9 carga:0 linea:Belgrano Norte
ABM: Se agrego Tren  [diesel] pas:5 carga:0 linea:Mitre
ABM: Se agrego Tren  [gasolina] pas:3 carga:0 linea:no-asignado
ABM: Se agrego Tren  [electrico] pas:10 carga:0 linea:San Martin
ABM: Se agrego Tren  [diesel] pas:7 carga:0 linea:Roca-Tandil
ABM: Se agrego Tren  [diesel] pas:6 carga:0 linea:Belgrano Norte
ABM: Se agrego Tren  [electrico] pas:8 carga:0 linea:Mitre
ABM: Se agrego Tren  [gasolina] pas:4 carga:0 linea:no-asignado
ABM: Se agrego Tren  [diesel] pas:5 carga:0 linea:San Martin
ABM: Se agrego Tren  [electrico] pas:9 carga:0 linea:Roca-Tandil
ABM: Se agrego Tren  [diesel] pas:6 carga:0 linea:Belgrano Norte
ABM: Se agrego Tren  [electrico] pas:7 carga:0 linea:San Martin

=== ESTADO DEL SISTEMA POST-CARGA INICIAL ===
eed.tp.TrenesSaControlador@6ce253f1
==============================================

ABM: Se creó la estación Tandil
ABM: Se agrego Tandil (Tandil) - Av. España 745 CP:7000 | vías: 4, plataformas: 2
ABM: Se creó la estación Retiro
ABM: Se agrego Retiro (CABA) - Av. Dr. Jose Maria Ramos Mejia 1430 CP:C1104 | vías: 9, plataformas: 6
ABM: Se creó la estación Constitucion
ABM: Se agrego Constitucion (CABA) - Av. Brasil 1128 CP:C1154 | vías: 14, plataformas: 8
ABM: Se creó la estación Canuelas
ABM: Se agrego Canuelas (Canuelas) - Libertad 150 CP:1814 | vías: 3, plataformas: 2
ABM: Se creó la estación Las Flores
ABM: Se agrego Las Flores (Las Flores) - Av. Rivadavia 400 CP:7200 | vías: 2, plataformas: 2
ABM: Se creó la estación Neuquen
ABM: Se agrego Neuquen (capital) - Av. Brasil 1128 CP:C1154 | vías: 14, plataformas: 8
ABM: Se creó la estación Bariloche
ABM: Se agrego Bariloche (Rio negro) - Libertad 150 CP:1814 | vías: 3, plataformas: 2
ABM: Se creó la estación Tierra del fuego
ABM: Se agrego Tierra del fuego (tierra) - Av. Rivadavia 400 CP:7200 | vías: 2, plataformas: 2
ABM: Se creó la estación La Plata
ABM: Se agrego La Plata (Buenos Aires) - Calle 1 100 CP:1900 | vías: 5, plataformas: 4
ABM: Se creó la estación Mar del Plata
ABM: Se agrego Mar del Plata (Buenos Aires) - Av. Luro 200 CP:7600 | vías: 4, plataformas: 3
ABM: Se creó la estación Rosario
ABM: Se agrego Rosario (Santa Fe) - Aristobulo 300 CP:2000 | vías: 6, plataformas: 4
ABM: Se creó la estación Cordoba
ABM: Se agrego Cordoba (Cordoba) - Peron 400 CP:5000 | vías: 5, plataformas: 3
ABM: Se creó la estación Mendoza
ABM: Se agrego Mendoza (Mendoza) - Las Heras 500 CP:5500 | vías: 3, plataformas: 2
ABM: Se creó la estación Tucuman
ABM: Se agrego Tucuman (Tucuman) - Corrientes 600 CP:4000 | vías: 3, plataformas: 2
ABM: Se creó la estación Salta
ABM: Se agrego Salta (Salta) - Balcarce 700 CP:4400 | vías: 2, plataformas: 2
ABM: Se creó la estación San Juan
ABM: Se agrego San Juan (San Juan) - España 800 CP:5400 | vías: 2, plataformas: 2
ABM: Se creó la estación San Luis
ABM: Se agrego San Luis (San Luis) - Illia 900 CP:5700 | vías: 2, plataformas: 2
ABM: Se creó la estación Santa Rosa
ABM: Se agrego Santa Rosa (La Pampa) - Luro 1000 CP:6300 | vías: 2, plataformas: 2
ABM: Se creó la estación Viedma
ABM: Se agrego Viedma (Rio Negro) - Roca 1100 CP:8500 | vías: 2, plataformas: 2
ABM: Se creó la estación Rawson
ABM: Se agrego Rawson (Chubut) - Fontana 1200 CP:9103 | vías: 2, plataformas: 2
ABM: Se agrego Tren  [diesel] pas:6 carga:0 linea:Mitre
ABM: Se agrego Tren  [gasolina] pas:0 carga:0 linea:no-asignado
ABM: Se agrego Tren  [diesel] pas:8 carga:0 linea:Roca-Tandil
ABM: Se agrego Tren  [electrico] pas:8 carga:0 linea:San Martin
ABM: Se agrego Tren  [diesel] pas:5 carga:0 linea:Belgrano Norte
ABM: Se agrego Tren  [gasolina] pas:4 carga:0 linea:Mitre
ABM: Se agrego Tren  [electrico] pas:7 carga:0 linea:Roca-Tandil
ABM: Se agrego Tren  [diesel] pas:6 carga:0 linea:San Martin
ABM: Se agrego Tren  [electrico] pas:9 carga:0 linea:Belgrano Norte
ABM: Se agrego Tren  [diesel] pas:5 carga:0 linea:Mitre
ABM: Se agrego Tren  [gasolina] pas:3 carga:0 linea:no-asignado
ABM: Se agrego Tren  [electrico] pas:10 carga:0 linea:San Martin
ABM: Se agrego Tren  [diesel] pas:7 carga:0 linea:Roca-Tandil
ABM: Se agrego Tren  [diesel] pas:6 carga:0 linea:Belgrano Norte
ABM: Se agrego Tren  [electrico] pas:8 carga:0 linea:Mitre
ABM: Se agrego Tren  [gasolina] pas:4 carga:0 linea:no-asignado
ABM: Se agrego Tren  [diesel] pas:5 carga:0 linea:San Martin
ABM: Se agrego Tren  [electrico] pas:9 carga:0 linea:Roca-Tandil
ABM: Se agrego Tren  [diesel] pas:6 carga:0 linea:Belgrano Norte
ABM: Se agrego Tren  [electrico] pas:7 carga:0 linea:San Martin

=== ESTADO DEL SISTEMA POST-CARGA INICIAL ===
eed.tp.TrenesSaControlador@6ce253f1
==============================================

ABM: Se creó la estación Tandil
ABM: Se agrego Tandil (Tandil) - Av. España 745 CP:7000 | vías: 4, plataformas: 2
ABM: Se creó la estación Retiro
ABM: Se agrego Retiro (CABA) - Av. Dr. Jose Maria Ramos Mejia 1430 CP:C1104 | vías: 9, plataformas: 6
ABM: Se creó la estación Constitucion
ABM: Se agrego Constitucion (CABA) - Av. Brasil 1128 CP:C1154 | vías: 14, plataformas: 8
ABM: Se creó la estación Canuelas
ABM: Se agrego Canuelas (Canuelas) - Libertad 150 CP:1814 | vías: 3, plataformas: 2
ABM: Se creó la estación Las Flores
ABM: Se agrego Las Flores (Las Flores) - Av. Rivadavia 400 CP:7200 | vías: 2, plataformas: 2
ABM: Se creó la estación Neuquen
ABM: Se agrego Neuquen (capital) - Av. Brasil 1128 CP:C1154 | vías: 14, plataformas: 8
ABM: Se creó la estación Bariloche
ABM: Se agrego Bariloche (Rio negro) - Libertad 150 CP:1814 | vías: 3, plataformas: 2
ABM: Se creó la estación Tierra del fuego
ABM: Se agrego Tierra del fuego (tierra) - Av. Rivadavia 400 CP:7200 | vías: 2, plataformas: 2
ABM: Se creó la estación La Plata
ABM: Se agrego La Plata (Buenos Aires) - Calle 1 100 CP:1900 | vías: 5, plataformas: 4
ABM: Se creó la estación Mar del Plata
ABM: Se agrego Mar del Plata (Buenos Aires) - Av. Luro 200 CP:7600 | vías: 4, plataformas: 3
ABM: Se creó la estación Rosario
ABM: Se agrego Rosario (Santa Fe) - Aristobulo 300 CP:2000 | vías: 6, plataformas: 4
ABM: Se creó la estación Cordoba
ABM: Se agrego Cordoba (Cordoba) - Peron 400 CP:5000 | vías: 5, plataformas: 3
ABM: Se creó la estación Mendoza
ABM: Se agrego Mendoza (Mendoza) - Las Heras 500 CP:5500 | vías: 3, plataformas: 2
ABM: Se creó la estación Tucuman
ABM: Se agrego Tucuman (Tucuman) - Corrientes 600 CP:4000 | vías: 3, plataformas: 2
ABM: Se creó la estación Salta
ABM: Se agrego Salta (Salta) - Balcarce 700 CP:4400 | vías: 2, plataformas: 2
ABM: Se creó la estación San Juan
ABM: Se agrego San Juan (San Juan) - España 800 CP:5400 | vías: 2, plataformas: 2
ABM: Se creó la estación San Luis
ABM: Se agrego San Luis (San Luis) - Illia 900 CP:5700 | vías: 2, plataformas: 2
ABM: Se creó la estación Santa Rosa
ABM: Se agrego Santa Rosa (La Pampa) - Luro 1000 CP:6300 | vías: 2, plataformas: 2
ABM: Se creó la estación Viedma
ABM: Se agrego Viedma (Rio Negro) - Roca 1100 CP:8500 | vías: 2, plataformas: 2
ABM: Se creó la estación Rawson
ABM: Se agrego Rawson (Chubut) - Fontana 1200 CP:9103 | vías: 2, plataformas: 2
ABM: Se agrego Tren  [diesel] pas:6 carga:0 linea:Mitre
ABM: Se agrego Tren  [gasolina] pas:0 carga:0 linea:no-asignado
ABM: Se agrego Tren  [diesel] pas:8 carga:0 linea:Roca-Tandil
ABM: Se agrego Tren  [electrico] pas:8 carga:0 linea:San Martin
ABM: Se agrego Tren  [diesel] pas:5 carga:0 linea:Belgrano Norte
ABM: Se agrego Tren  [gasolina] pas:4 carga:0 linea:Mitre
ABM: Se agrego Tren  [electrico] pas:7 carga:0 linea:Roca-Tandil
ABM: Se agrego Tren  [diesel] pas:6 carga:0 linea:San Martin
ABM: Se agrego Tren  [electrico] pas:9 carga:0 linea:Belgrano Norte
ABM: Se agrego Tren  [diesel] pas:5 carga:0 linea:Mitre
ABM: Se agrego Tren  [gasolina] pas:3 carga:0 linea:no-asignado
ABM: Se agrego Tren  [electrico] pas:10 carga:0 linea:San Martin
ABM: Se agrego Tren  [diesel] pas:7 carga:0 linea:Roca-Tandil
ABM: Se agrego Tren  [diesel] pas:6 carga:0 linea:Belgrano Norte
ABM: Se agrego Tren  [electrico] pas:8 carga:0 linea:Mitre
ABM: Se agrego Tren  [gasolina] pas:4 carga:0 linea:no-asignado
ABM: Se agrego Tren  [diesel] pas:5 carga:0 linea:San Martin
ABM: Se agrego Tren  [electrico] pas:9 carga:0 linea:Roca-Tandil
ABM: Se agrego Tren  [diesel] pas:6 carga:0 linea:Belgrano Norte
ABM: Se agrego Tren  [electrico] pas:7 carga:0 linea:San Martin

=== ESTADO DEL SISTEMA POST-CARGA INICIAL ===
eed.tp.TrenesSaControlador@6ce253f1
==============================================

ABM: Se creó la estación Tandil
ABM: Se agrego Tandil (Tandil) - Av. España 745 CP:7000 | vías: 4, plataformas: 2
ABM: Se creó la estación Retiro
ABM: Se agrego Retiro (CABA) - Av. Dr. Jose Maria Ramos Mejia 1430 CP:C1104 | vías: 9, plataformas: 6
ABM: Se creó la estación Constitucion
ABM: Se agrego Constitucion (CABA) - Av. Brasil 1128 CP:C1154 | vías: 14, plataformas: 8
ABM: Se creó la estación Canuelas
ABM: Se agrego Canuelas (Canuelas) - Libertad 150 CP:1814 | vías: 3, plataformas: 2
ABM: Se creó la estación Las Flores
ABM: Se agrego Las Flores (Las Flores) - Av. Rivadavia 400 CP:7200 | vías: 2, plataformas: 2
ABM: Se creó la estación Neuquen
ABM: Se agrego Neuquen (capital) - Av. Brasil 1128 CP:C1154 | vías: 14, plataformas: 8
ABM: Se creó la estación Bariloche
ABM: Se agrego Bariloche (Rio negro) - Libertad 150 CP:1814 | vías: 3, plataformas: 2
ABM: Se creó la estación Tierra del fuego
ABM: Se agrego Tierra del fuego (tierra) - Av. Rivadavia 400 CP:7200 | vías: 2, plataformas: 2
ABM: Se creó la estación La Plata
ABM: Se agrego La Plata (Buenos Aires) - Calle 1 100 CP:1900 | vías: 5, plataformas: 4
ABM: Se creó la estación Mar del Plata
ABM: Se agrego Mar del Plata (Buenos Aires) - Av. Luro 200 CP:7600 | vías: 4, plataformas: 3
ABM: Se creó la estación Rosario
ABM: Se agrego Rosario (Santa Fe) - Aristobulo 300 CP:2000 | vías: 6, plataformas: 4
ABM: Se creó la estación Cordoba
ABM: Se agrego Cordoba (Cordoba) - Peron 400 CP:5000 | vías: 5, plataformas: 3
ABM: Se creó la estación Mendoza
ABM: Se agrego Mendoza (Mendoza) - Las Heras 500 CP:5500 | vías: 3, plataformas: 2
ABM: Se creó la estación Tucuman
ABM: Se agrego Tucuman (Tucuman) - Corrientes 600 CP:4000 | vías: 3, plataformas: 2
ABM: Se creó la estación Salta
ABM: Se agrego Salta (Salta) - Balcarce 700 CP:4400 | vías: 2, plataformas: 2
ABM: Se creó la estación San Juan
ABM: Se agrego San Juan (San Juan) - España 800 CP:5400 | vías: 2, plataformas: 2
ABM: Se creó la estación San Luis
ABM: Se agrego San Luis (San Luis) - Illia 900 CP:5700 | vías: 2, plataformas: 2
ABM: Se creó la estación Santa Rosa
ABM: Se agrego Santa Rosa (La Pampa) - Luro 1000 CP:6300 | vías: 2, plataformas: 2
ABM: Se creó la estación Viedma
ABM: Se agrego Viedma (Rio Negro) - Roca 1100 CP:8500 | vías: 2, plataformas: 2
ABM: Se creó la estación Rawson
ABM: Se agrego Rawson (Chubut) - Fontana 1200 CP:9103 | vías: 2, plataformas: 2
ABM: Se agrego Tren  [diesel] pas:6 carga:0 linea:Mitre
ABM: Se agrego Tren  [gasolina] pas:0 carga:0 linea:no-asignado
ABM: Se agrego Tren  [diesel] pas:8 carga:0 linea:Roca-Tandil
ABM: Se agrego Tren  [electrico] pas:8 carga:0 linea:San Martin
ABM: Se agrego Tren  [diesel] pas:5 carga:0 linea:Belgrano Norte
ABM: Se agrego Tren  [gasolina] pas:4 carga:0 linea:Mitre
ABM: Se agrego Tren  [electrico] pas:7 carga:0 linea:Roca-Tandil
ABM: Se agrego Tren  [diesel] pas:6 carga:0 linea:San Martin
ABM: Se agrego Tren  [electrico] pas:9 carga:0 linea:Belgrano Norte
ABM: Se agrego Tren  [diesel] pas:5 carga:0 linea:Mitre
ABM: Se agrego Tren  [gasolina] pas:3 carga:0 linea:no-asignado
ABM: Se agrego Tren  [electrico] pas:10 carga:0 linea:San Martin
ABM: Se agrego Tren  [diesel] pas:7 carga:0 linea:Roca-Tandil
ABM: Se agrego Tren  [diesel] pas:6 carga:0 linea:Belgrano Norte
ABM: Se agrego Tren  [electrico] pas:8 carga:0 linea:Mitre
ABM: Se agrego Tren  [gasolina] pas:4 carga:0 linea:no-asignado
ABM: Se agrego Tren  [diesel] pas:5 carga:0 linea:San Martin
ABM: Se agrego Tren  [electrico] pas:9 carga:0 linea:Roca-Tandil
ABM: Se agrego Tren  [diesel] pas:6 carga:0 linea:Belgrano Norte
ABM: Se agrego Tren  [electrico] pas:7 carga:0 linea:San Martin

=== ESTADO DEL SISTEMA POST-CARGA INICIAL ===
eed.tp.TrenesSaControlador@6ce253f1
==============================================

ABM: Se creó la estación Tandil
ABM: Se agrego Tandil (Tandil) - Av. España 745 CP:7000 | vías: 4, plataformas: 2
ABM: Se creó la estación Retiro
ABM: Se agrego Retiro (CABA) - Av. Dr. Jose Maria Ramos Mejia 1430 CP:C1104 | vías: 9, plataformas: 6
ABM: Se creó la estación Constitucion
ABM: Se agrego Constitucion (CABA) - Av. Brasil 1128 CP:C1154 | vías: 14, plataformas: 8
ABM: Se creó la estación Canuelas
ABM: Se agrego Canuelas (Canuelas) - Libertad 150 CP:1814 | vías: 3, plataformas: 2
ABM: Se creó la estación Las Flores
ABM: Se agrego Las Flores (Las Flores) - Av. Rivadavia 400 CP:7200 | vías: 2, plataformas: 2
ABM: Se creó la estación Neuquen
ABM: Se agrego Neuquen (capital) - Av. Brasil 1128 CP:C1154 | vías: 14, plataformas: 8
ABM: Se creó la estación Bariloche
ABM: Se agrego Bariloche (Rio negro) - Libertad 150 CP:1814 | vías: 3, plataformas: 2
ABM: Se creó la estación Tierra del fuego
ABM: Se agrego Tierra del fuego (tierra) - Av. Rivadavia 400 CP:7200 | vías: 2, plataformas: 2
ABM: Se creó la estación La Plata
ABM: Se agrego La Plata (Buenos Aires) - Calle 1 100 CP:1900 | vías: 5, plataformas: 4
ABM: Se creó la estación Mar del Plata
ABM: Se agrego Mar del Plata (Buenos Aires) - Av. Luro 200 CP:7600 | vías: 4, plataformas: 3
ABM: Se creó la estación Rosario
ABM: Se agrego Rosario (Santa Fe) - Aristobulo 300 CP:2000 | vías: 6, plataformas: 4
ABM: Se creó la estación Cordoba
ABM: Se agrego Cordoba (Cordoba) - Peron 400 CP:5000 | vías: 5, plataformas: 3
ABM: Se creó la estación Mendoza
ABM: Se agrego Mendoza (Mendoza) - Las Heras 500 CP:5500 | vías: 3, plataformas: 2
ABM: Se creó la estación Tucuman
ABM: Se agrego Tucuman (Tucuman) - Corrientes 600 CP:4000 | vías: 3, plataformas: 2
ABM: Se creó la estación Salta
ABM: Se agrego Salta (Salta) - Balcarce 700 CP:4400 | vías: 2, plataformas: 2
ABM: Se creó la estación San Juan
ABM: Se agrego San Juan (San Juan) - España 800 CP:5400 | vías: 2, plataformas: 2
ABM: Se creó la estación San Luis
ABM: Se agrego San Luis (San Luis) - Illia 900 CP:5700 | vías: 2, plataformas: 2
ABM: Se creó la estación Santa Rosa
ABM: Se agrego Santa Rosa (La Pampa) - Luro 1000 CP:6300 | vías: 2, plataformas: 2
ABM: Se creó la estación Viedma
ABM: Se agrego Viedma (Rio Negro) - Roca 1100 CP:8500 | vías: 2, plataformas: 2
ABM: Se creó la estación Rawson
ABM: Se agrego Rawson (Chubut) - Fontana 1200 CP:9103 | vías: 2, plataformas: 2
ABM: Se agrego Tren  [diesel] pas:6 carga:0 linea:Mitre
ABM: Se agrego Tren  [gasolina] pas:0 carga:0 linea:no-asignado
ABM: Se agrego Tren  [diesel] pas:8 carga:0 linea:Roca-Tandil
ABM: Se agrego Tren  [electrico] pas:8 carga:0 linea:San Martin
ABM: Se agrego Tren  [diesel] pas:5 carga:0 linea:Belgrano Norte
ABM: Se agrego Tren  [gasolina] pas:4 carga:0 linea:Mitre
ABM: Se agrego Tren  [electrico] pas:7 carga:0 linea:Roca-Tandil
ABM: Se agrego Tren  [diesel] pas:6 carga:0 linea:San Martin
ABM: Se agrego Tren  [electrico] pas:9 carga:0 linea:Belgrano Norte
ABM: Se agrego Tren  [diesel] pas:5 carga:0 linea:Mitre
ABM: Se agrego Tren  [gasolina] pas:3 carga:0 linea:no-asignado
ABM: Se agrego Tren  [electrico] pas:10 carga:0 linea:San Martin
ABM: Se agrego Tren  [diesel] pas:7 carga:0 linea:Roca-Tandil
ABM: Se agrego Tren  [diesel] pas:6 carga:0 linea:Belgrano Norte
ABM: Se agrego Tren  [electrico] pas:8 carga:0 linea:Mitre
ABM: Se agrego Tren  [gasolina] pas:4 carga:0 linea:no-asignado
ABM: Se agrego Tren  [diesel] pas:5 carga:0 linea:San Martin
ABM: Se agrego Tren  [electrico] pas:9 carga:0 linea:Roca-Tandil
ABM: Se agrego Tren  [diesel] pas:6 carga:0 linea:Belgrano Norte
ABM: Se agrego Tren  [electrico] pas:7 carga:0 linea:San Martin

=== ESTADO DEL SISTEMA POST-CARGA INICIAL ===
eed.tp.TrenesSaControlador@6ce253f1
==============================================

ABM: Se creó la estación Tandil
ABM: Se agrego Tandil (Tandil) - Av. España 745 CP:7000 | vías: 4, plataformas: 2
ABM: Se creó la estación Retiro
ABM: Se agrego Retiro (CABA) - Av. Dr. Jose Maria Ramos Mejia 1430 CP:C1104 | vías: 9, plataformas: 6
ABM: Se creó la estación Constitucion
ABM: Se agrego Constitucion (CABA) - Av. Brasil 1128 CP:C1154 | vías: 14, plataformas: 8
ABM: Se creó la estación Canuelas
ABM: Se agrego Canuelas (Canuelas) - Libertad 150 CP:1814 | vías: 3, plataformas: 2
ABM: Se creó la estación Las Flores
ABM: Se agrego Las Flores (Las Flores) - Av. Rivadavia 400 CP:7200 | vías: 2, plataformas: 2
ABM: Se creó la estación Neuquen
ABM: Se agrego Neuquen (capital) - Av. Brasil 1128 CP:C1154 | vías: 14, plataformas: 8
ABM: Se creó la estación Bariloche
ABM: Se agrego Bariloche (Rio negro) - Libertad 150 CP:1814 | vías: 3, plataformas: 2
ABM: Se creó la estación Tierra del fuego
ABM: Se agrego Tierra del fuego (tierra) - Av. Rivadavia 400 CP:7200 | vías: 2, plataformas: 2
ABM: Se creó la estación La Plata
ABM: Se agrego La Plata (Buenos Aires) - Calle 1 100 CP:1900 | vías: 5, plataformas: 4
ABM: Se creó la estación Mar del Plata
ABM: Se agrego Mar del Plata (Buenos Aires) - Av. Luro 200 CP:7600 | vías: 4, plataformas: 3
ABM: Se creó la estación Rosario
ABM: Se agrego Rosario (Santa Fe) - Aristobulo 300 CP:2000 | vías: 6, plataformas: 4
ABM: Se creó la estación Cordoba
ABM: Se agrego Cordoba (Cordoba) - Peron 400 CP:5000 | vías: 5, plataformas: 3
ABM: Se creó la estación Mendoza
ABM: Se agrego Mendoza (Mendoza) - Las Heras 500 CP:5500 | vías: 3, plataformas: 2
ABM: Se creó la estación Tucuman
ABM: Se agrego Tucuman (Tucuman) - Corrientes 600 CP:4000 | vías: 3, plataformas: 2
ABM: Se creó la estación Salta
ABM: Se agrego Salta (Salta) - Balcarce 700 CP:4400 | vías: 2, plataformas: 2
ABM: Se creó la estación San Juan
ABM: Se agrego San Juan (San Juan) - España 800 CP:5400 | vías: 2, plataformas: 2
ABM: Se creó la estación San Luis
ABM: Se agrego San Luis (San Luis) - Illia 900 CP:5700 | vías: 2, plataformas: 2
ABM: Se creó la estación Santa Rosa
ABM: Se agrego Santa Rosa (La Pampa) - Luro 1000 CP:6300 | vías: 2, plataformas: 2
ABM: Se creó la estación Viedma
ABM: Se agrego Viedma (Rio Negro) - Roca 1100 CP:8500 | vías: 2, plataformas: 2
ABM: Se creó la estación Rawson
ABM: Se agrego Rawson (Chubut) - Fontana 1200 CP:9103 | vías: 2, plataformas: 2
ABM: Se agrego Tren  [diesel] pas:6 carga:0 linea:Mitre
ABM: Se agrego Tren  [gasolina] pas:0 carga:0 linea:no-asignado
ABM: Se agrego Tren  [diesel] pas:8 carga:0 linea:Roca-Tandil
ABM: Se agrego Tren  [electrico] pas:8 carga:0 linea:San Martin
ABM: Se agrego Tren  [diesel] pas:5 carga:0 linea:Belgrano Norte
ABM: Se agrego Tren  [gasolina] pas:4 carga:0 linea:Mitre
ABM: Se agrego Tren  [electrico] pas:7 carga:0 linea:Roca-Tandil
ABM: Se agrego Tren  [diesel] pas:6 carga:0 linea:San Martin
ABM: Se agrego Tren  [electrico] pas:9 carga:0 linea:Belgrano Norte
ABM: Se agrego Tren  [diesel] pas:5 carga:0 linea:Mitre
ABM: Se agrego Tren  [gasolina] pas:3 carga:0 linea:no-asignado
ABM: Se agrego Tren  [electrico] pas:10 carga:0 linea:San Martin
ABM: Se agrego Tren  [diesel] pas:7 carga:0 linea:Roca-Tandil
ABM: Se agrego Tren  [diesel] pas:6 carga:0 linea:Belgrano Norte
ABM: Se agrego Tren  [electrico] pas:8 carga:0 linea:Mitre
ABM: Se agrego Tren  [gasolina] pas:4 carga:0 linea:no-asignado
ABM: Se agrego Tren  [diesel] pas:5 carga:0 linea:San Martin
ABM: Se agrego Tren  [electrico] pas:9 carga:0 linea:Roca-Tandil
ABM: Se agrego Tren  [diesel] pas:6 carga:0 linea:Belgrano Norte
ABM: Se agrego Tren  [electrico] pas:7 carga:0 linea:San Martin

=== ESTADO DEL SISTEMA POST-CARGA INICIAL ===
eed.tp.TrenesSaControlador@6ce253f1
==============================================

ABM: Se creó la estación Tandil
ABM: Se agrego Tandil (Tandil) - Av. España 745 CP:7000 | vías: 4, plataformas: 2
ABM: Se creó la estación Retiro
ABM: Se agrego Retiro (CABA) - Av. Dr. Jose Maria Ramos Mejia 1430 CP:C1104 | vías: 9, plataformas: 6
ABM: Se creó la estación Constitucion
ABM: Se agrego Constitucion (CABA) - Av. Brasil 1128 CP:C1154 | vías: 14, plataformas: 8
ABM: Se creó la estación Canuelas
ABM: Se agrego Canuelas (Canuelas) - Libertad 150 CP:1814 | vías: 3, plataformas: 2
ABM: Se creó la estación Las Flores
ABM: Se agrego Las Flores (Las Flores) - Av. Rivadavia 400 CP:7200 | vías: 2, plataformas: 2
ABM: Se creó la estación Neuquen
ABM: Se agrego Neuquen (capital) - Av. Brasil 1128 CP:C1154 | vías: 14, plataformas: 8
ABM: Se creó la estación Bariloche
ABM: Se agrego Bariloche (Rio negro) - Libertad 150 CP:1814 | vías: 3, plataformas: 2
ABM: Se creó la estación Tierra del fuego
ABM: Se agrego Tierra del fuego (tierra) - Av. Rivadavia 400 CP:7200 | vías: 2, plataformas: 2
ABM: Se creó la estación La Plata
ABM: Se agrego La Plata (Buenos Aires) - Calle 1 100 CP:1900 | vías: 5, plataformas: 4
ABM: Se creó la estación Mar del Plata
ABM: Se agrego Mar del Plata (Buenos Aires) - Av. Luro 200 CP:7600 | vías: 4, plataformas: 3
ABM: Se creó la estación Rosario
ABM: Se agrego Rosario (Santa Fe) - Aristobulo 300 CP:2000 | vías: 6, plataformas: 4
ABM: Se creó la estación Cordoba
ABM: Se agrego Cordoba (Cordoba) - Peron 400 CP:5000 | vías: 5, plataformas: 3
ABM: Se creó la estación Mendoza
ABM: Se agrego Mendoza (Mendoza) - Las Heras 500 CP:5500 | vías: 3, plataformas: 2
ABM: Se creó la estación Tucuman
ABM: Se agrego Tucuman (Tucuman) - Corrientes 600 CP:4000 | vías: 3, plataformas: 2
ABM: Se creó la estación Salta
ABM: Se agrego Salta (Salta) - Balcarce 700 CP:4400 | vías: 2, plataformas: 2
ABM: Se creó la estación San Juan
ABM: Se agrego San Juan (San Juan) - España 800 CP:5400 | vías: 2, plataformas: 2
ABM: Se creó la estación San Luis
ABM: Se agrego San Luis (San Luis) - Illia 900 CP:5700 | vías: 2, plataformas: 2
ABM: Se creó la estación Santa Rosa
ABM: Se agrego Santa Rosa (La Pampa) - Luro 1000 CP:6300 | vías: 2, plataformas: 2
ABM: Se creó la estación Viedma
ABM: Se agrego Viedma (Rio Negro) - Roca 1100 CP:8500 | vías: 2, plataformas: 2
ABM: Se creó la estación Rawson
ABM: Se agrego Rawson (Chubut) - Fontana 1200 CP:9103 | vías: 2, plataformas: 2
ABM: Se agrego Tren  [diesel] pas:6 carga:0 linea:Mitre
ABM: Se agrego Tren  [gasolina] pas:0 carga:0 linea:no-asignado
ABM: Se agrego Tren  [diesel] pas:8 carga:0 linea:Roca-Tandil
ABM: Se agrego Tren  [electrico] pas:8 carga:0 linea:San Martin
ABM: Se agrego Tren  [diesel] pas:5 carga:0 linea:Belgrano Norte
ABM: Se agrego Tren  [gasolina] pas:4 carga:0 linea:Mitre
ABM: Se agrego Tren  [electrico] pas:7 carga:0 linea:Roca-Tandil
ABM: Se agrego Tren  [diesel] pas:6 carga:0 linea:San Martin
ABM: Se agrego Tren  [electrico] pas:9 carga:0 linea:Belgrano Norte
ABM: Se agrego Tren  [diesel] pas:5 carga:0 linea:Mitre
ABM: Se agrego Tren  [gasolina] pas:3 carga:0 linea:no-asignado
ABM: Se agrego Tren  [electrico] pas:10 carga:0 linea:San Martin
ABM: Se agrego Tren  [diesel] pas:7 carga:0 linea:Roca-Tandil
ABM: Se agrego Tren  [diesel] pas:6 carga:0 linea:Belgrano Norte
ABM: Se agrego Tren  [electrico] pas:8 carga:0 linea:Mitre
ABM: Se agrego Tren  [gasolina] pas:4 carga:0 linea:no-asignado
ABM: Se agrego Tren  [diesel] pas:5 carga:0 linea:San Martin
ABM: Se agrego Tren  [electrico] pas:9 carga:0 linea:Roca-Tandil
ABM: Se agrego Tren  [diesel] pas:6 carga:0 linea:Belgrano Norte
ABM: Se agrego Tren  [electrico] pas:7 carga:0 linea:San Martin

=== ESTADO DEL SISTEMA POST-CARGA INICIAL ===
eed.tp.TrenesSaControlador@6ce253f1
==============================================

ABM: Se creó la estación Tandil
ABM: Se agrego Tandil (Tandil) - Av. España 745 CP:7000 | vías: 4, plataformas: 2
ABM: Se creó la estación Retiro
ABM: Se agrego Retiro (CABA) - Av. Dr. Jose Maria Ramos Mejia 1430 CP:C1104 | vías: 9, plataformas: 6
ABM: Se creó la estación Constitucion
ABM: Se agrego Constitucion (CABA) - Av. Brasil 1128 CP:C1154 | vías: 14, plataformas: 8
ABM: Se creó la estación Canuelas
ABM: Se agrego Canuelas (Canuelas) - Libertad 150 CP:1814 | vías: 3, plataformas: 2
ABM: Se creó la estación Las Flores
ABM: Se agrego Las Flores (Las Flores) - Av. Rivadavia 400 CP:7200 | vías: 2, plataformas: 2
ABM: Se creó la estación Neuquen
ABM: Se agrego Neuquen (capital) - Av. Brasil 1128 CP:C1154 | vías: 14, plataformas: 8
ABM: Se creó la estación Bariloche
ABM: Se agrego Bariloche (Rio negro) - Libertad 150 CP:1814 | vías: 3, plataformas: 2
ABM: Se creó la estación Tierra del fuego
ABM: Se agrego Tierra del fuego (tierra) - Av. Rivadavia 400 CP:7200 | vías: 2, plataformas: 2
ABM: Se creó la estación La Plata
ABM: Se agrego La Plata (Buenos Aires) - Calle 1 100 CP:1900 | vías: 5, plataformas: 4
ABM: Se creó la estación Mar del Plata
ABM: Se agrego Mar del Plata (Buenos Aires) - Av. Luro 200 CP:7600 | vías: 4, plataformas: 3
ABM: Se creó la estación Rosario
ABM: Se agrego Rosario (Santa Fe) - Aristobulo 300 CP:2000 | vías: 6, plataformas: 4
ABM: Se creó la estación Cordoba
ABM: Se agrego Cordoba (Cordoba) - Peron 400 CP:5000 | vías: 5, plataformas: 3
ABM: Se creó la estación Mendoza
ABM: Se agrego Mendoza (Mendoza) - Las Heras 500 CP:5500 | vías: 3, plataformas: 2
ABM: Se creó la estación Tucuman
ABM: Se agrego Tucuman (Tucuman) - Corrientes 600 CP:4000 | vías: 3, plataformas: 2
ABM: Se creó la estación Salta
ABM: Se agrego Salta (Salta) - Balcarce 700 CP:4400 | vías: 2, plataformas: 2
ABM: Se creó la estación San Juan
ABM: Se agrego San Juan (San Juan) - España 800 CP:5400 | vías: 2, plataformas: 2
ABM: Se creó la estación San Luis
ABM: Se agrego San Luis (San Luis) - Illia 900 CP:5700 | vías: 2, plataformas: 2
ABM: Se creó la estación Santa Rosa
ABM: Se agrego Santa Rosa (La Pampa) - Luro 1000 CP:6300 | vías: 2, plataformas: 2
ABM: Se creó la estación Viedma
ABM: Se agrego Viedma (Rio Negro) - Roca 1100 CP:8500 | vías: 2, plataformas: 2
ABM: Se creó la estación Rawson
ABM: Se agrego Rawson (Chubut) - Fontana 1200 CP:9103 | vías: 2, plataformas: 2
ABM: Se agrego Tren  [diesel] pas:6 carga:0 linea:Mitre
ABM: Se agrego Tren  [gasolina] pas:0 carga:0 linea:no-asignado
ABM: Se agrego Tren  [diesel] pas:8 carga:0 linea:Roca-Tandil
ABM: Se agrego Tren  [electrico] pas:8 carga:0 linea:San Martin
ABM: Se agrego Tren  [diesel] pas:5 carga:0 linea:Belgrano Norte
ABM: Se agrego Tren  [gasolina] pas:4 carga:0 linea:Mitre
ABM: Se agrego Tren  [electrico] pas:7 carga:0 linea:Roca-Tandil
ABM: Se agrego Tren  [diesel] pas:6 carga:0 linea:San Martin
ABM: Se agrego Tren  [electrico] pas:9 carga:0 linea:Belgrano Norte
ABM: Se agrego Tren  [diesel] pas:5 carga:0 linea:Mitre
ABM: Se agrego Tren  [gasolina] pas:3 carga:0 linea:no-asignado
ABM: Se agrego Tren  [electrico] pas:10 carga:0 linea:San Martin
ABM: Se agrego Tren  [diesel] pas:7 carga:0 linea:Roca-Tandil
ABM: Se agrego Tren  [diesel] pas:6 carga:0 linea:Belgrano Norte
ABM: Se agrego Tren  [electrico] pas:8 carga:0 linea:Mitre
ABM: Se agrego Tren  [gasolina] pas:4 carga:0 linea:no-asignado
ABM: Se agrego Tren  [diesel] pas:5 carga:0 linea:San Martin
ABM: Se agrego Tren  [electrico] pas:9 carga:0 linea:Roca-Tandil
ABM: Se agrego Tren  [diesel] pas:6 carga:0 linea:Belgrano Norte
ABM: Se agrego Tren  [electrico] pas:7 carga:0 linea:San Martin

=== ESTADO DEL SISTEMA POST-CARGA INICIAL ===
eed.tp.TrenesSaControlador@6ce253f1
==============================================

ABM: Se creó la estación Tandil
ABM: Se agrego Tandil (Tandil) - Av. España 745 CP:7000 | vías: 4, plataformas: 2
ABM: Se creó la estación Retiro
ABM: Se agrego Retiro (CABA) - Av. Dr. Jose Maria Ramos Mejia 1430 CP:C1104 | vías: 9, plataformas: 6
ABM: Se creó la estación Constitucion
ABM: Se agrego Constitucion (CABA) - Av. Brasil 1128 CP:C1154 | vías: 14, plataformas: 8
ABM: Se creó la estación Canuelas
ABM: Se agrego Canuelas (Canuelas) - Libertad 150 CP:1814 | vías: 3, plataformas: 2
ABM: Se creó la estación Las Flores
ABM: Se agrego Las Flores (Las Flores) - Av. Rivadavia 400 CP:7200 | vías: 2, plataformas: 2
ABM: Se creó la estación Neuquen
ABM: Se agrego Neuquen (capital) - Av. Brasil 1128 CP:C1154 | vías: 14, plataformas: 8
ABM: Se creó la estación Bariloche
ABM: Se agrego Bariloche (Rio negro) - Libertad 150 CP:1814 | vías: 3, plataformas: 2
ABM: Se creó la estación Tierra del fuego
ABM: Se agrego Tierra del fuego (tierra) - Av. Rivadavia 400 CP:7200 | vías: 2, plataformas: 2
ABM: Se creó la estación La Plata
ABM: Se agrego La Plata (Buenos Aires) - Calle 1 100 CP:1900 | vías: 5, plataformas: 4
ABM: Se creó la estación Mar del Plata
ABM: Se agrego Mar del Plata (Buenos Aires) - Av. Luro 200 CP:7600 | vías: 4, plataformas: 3
ABM: Se creó la estación Rosario
ABM: Se agrego Rosario (Santa Fe) - Aristobulo 300 CP:2000 | vías: 6, plataformas: 4
ABM: Se creó la estación Cordoba
ABM: Se agrego Cordoba (Cordoba) - Peron 400 CP:5000 | vías: 5, plataformas: 3
ABM: Se creó la estación Mendoza
ABM: Se agrego Mendoza (Mendoza) - Las Heras 500 CP:5500 | vías: 3, plataformas: 2
ABM: Se creó la estación Tucuman
ABM: Se agrego Tucuman (Tucuman) - Corrientes 600 CP:4000 | vías: 3, plataformas: 2
ABM: Se creó la estación Salta
ABM: Se agrego Salta (Salta) - Balcarce 700 CP:4400 | vías: 2, plataformas: 2
ABM: Se creó la estación San Juan
ABM: Se agrego San Juan (San Juan) - España 800 CP:5400 | vías: 2, plataformas: 2
ABM: Se creó la estación San Luis
ABM: Se agrego San Luis (San Luis) - Illia 900 CP:5700 | vías: 2, plataformas: 2
ABM: Se creó la estación Santa Rosa
ABM: Se agrego Santa Rosa (La Pampa) - Luro 1000 CP:6300 | vías: 2, plataformas: 2
ABM: Se creó la estación Viedma
ABM: Se agrego Viedma (Rio Negro) - Roca 1100 CP:8500 | vías: 2, plataformas: 2
ABM: Se creó la estación Rawson
ABM: Se agrego Rawson (Chubut) - Fontana 1200 CP:9103 | vías: 2, plataformas: 2
ABM: Se agrego Tren  [diesel] pas:6 carga:0 linea:Mitre
ABM: Se agrego Tren  [gasolina] pas:0 carga:0 linea:no-asignado
ABM: Se agrego Tren  [diesel] pas:8 carga:0 linea:Roca-Tandil
ABM: Se agrego Tren  [electrico] pas:8 carga:0 linea:San Martin
ABM: Se agrego Tren  [diesel] pas:5 carga:0 linea:Belgrano Norte
ABM: Se agrego Tren  [gasolina] pas:4 carga:0 linea:Mitre
ABM: Se agrego Tren  [electrico] pas:7 carga:0 linea:Roca-Tandil
ABM: Se agrego Tren  [diesel] pas:6 carga:0 linea:San Martin
ABM: Se agrego Tren  [electrico] pas:9 carga:0 linea:Belgrano Norte
ABM: Se agrego Tren  [diesel] pas:5 carga:0 linea:Mitre
ABM: Se agrego Tren  [gasolina] pas:3 carga:0 linea:no-asignado
ABM: Se agrego Tren  [electrico] pas:10 carga:0 linea:San Martin
ABM: Se agrego Tren  [diesel] pas:7 carga:0 linea:Roca-Tandil
ABM: Se agrego Tren  [diesel] pas:6 carga:0 linea:Belgrano Norte
ABM: Se agrego Tren  [electrico] pas:8 carga:0 linea:Mitre
ABM: Se agrego Tren  [gasolina] pas:4 carga:0 linea:no-asignado
ABM: Se agrego Tren  [diesel] pas:5 carga:0 linea:San Martin
ABM: Se agrego Tren  [electrico] pas:9 carga:0 linea:Roca-Tandil
ABM: Se agrego Tren  [diesel] pas:6 carga:0 linea:Belgrano Norte
ABM: Se agrego Tren  [electrico] pas:7 carga:0 linea:San Martin

=== ESTADO DEL SISTEMA POST-CARGA INICIAL ===
eed.tp.TrenesSaControlador@6ce253f1
==============================================

ABM: Se creó la estación Tandil
ABM: Se agrego Tandil (Tandil) - Av. España 745 CP:7000 | vías: 4, plataformas: 2
ABM: Se creó la estación Retiro
ABM: Se agrego Retiro (CABA) - Av. Dr. Jose Maria Ramos Mejia 1430 CP:C1104 | vías: 9, plataformas: 6
ABM: Se creó la estación Constitucion
ABM: Se agrego Constitucion (CABA) - Av. Brasil 1128 CP:C1154 | vías: 14, plataformas: 8
ABM: Se creó la estación Canuelas
ABM: Se agrego Canuelas (Canuelas) - Libertad 150 CP:1814 | vías: 3, plataformas: 2
ABM: Se creó la estación Las Flores
ABM: Se agrego Las Flores (Las Flores) - Av. Rivadavia 400 CP:7200 | vías: 2, plataformas: 2
ABM: Se creó la estación Neuquen
ABM: Se agrego Neuquen (capital) - Av. Brasil 1128 CP:C1154 | vías: 14, plataformas: 8
ABM: Se creó la estación Bariloche
ABM: Se agrego Bariloche (Rio negro) - Libertad 150 CP:1814 | vías: 3, plataformas: 2
ABM: Se creó la estación Tierra del fuego
ABM: Se agrego Tierra del fuego (tierra) - Av. Rivadavia 400 CP:7200 | vías: 2, plataformas: 2
ABM: Se creó la estación La Plata
ABM: Se agrego La Plata (Buenos Aires) - Calle 1 100 CP:1900 | vías: 5, plataformas: 4
ABM: Se creó la estación Mar del Plata
ABM: Se agrego Mar del Plata (Buenos Aires) - Av. Luro 200 CP:7600 | vías: 4, plataformas: 3
ABM: Se creó la estación Rosario
ABM: Se agrego Rosario (Santa Fe) - Aristobulo 300 CP:2000 | vías: 6, plataformas: 4
ABM: Se creó la estación Cordoba
ABM: Se agrego Cordoba (Cordoba) - Peron 400 CP:5000 | vías: 5, plataformas: 3
ABM: Se creó la estación Mendoza
ABM: Se agrego Mendoza (Mendoza) - Las Heras 500 CP:5500 | vías: 3, plataformas: 2
ABM: Se creó la estación Tucuman
ABM: Se agrego Tucuman (Tucuman) - Corrientes 600 CP:4000 | vías: 3, plataformas: 2
ABM: Se creó la estación Salta
ABM: Se agrego Salta (Salta) - Balcarce 700 CP:4400 | vías: 2, plataformas: 2
ABM: Se creó la estación San Juan
ABM: Se agrego San Juan (San Juan) - España 800 CP:5400 | vías: 2, plataformas: 2
ABM: Se creó la estación San Luis
ABM: Se agrego San Luis (San Luis) - Illia 900 CP:5700 | vías: 2, plataformas: 2
ABM: Se creó la estación Santa Rosa
ABM: Se agrego Santa Rosa (La Pampa) - Luro 1000 CP:6300 | vías: 2, plataformas: 2
ABM: Se creó la estación Viedma
ABM: Se agrego Viedma (Rio Negro) - Roca 1100 CP:8500 | vías: 2, plataformas: 2
ABM: Se creó la estación Rawson
ABM: Se agrego Rawson (Chubut) - Fontana 1200 CP:9103 | vías: 2, plataformas: 2
ABM: Se agrego Tren  [diesel] pas:6 carga:0 linea:Mitre
ABM: Se agrego Tren  [gasolina] pas:0 carga:0 linea:no-asignado
ABM: Se agrego Tren  [diesel] pas:8 carga:0 linea:Roca-Tandil
ABM: Se agrego Tren  [electrico] pas:8 carga:0 linea:San Martin
ABM: Se agrego Tren  [diesel] pas:5 carga:0 linea:Belgrano Norte
ABM: Se agrego Tren  [gasolina] pas:4 carga:0 linea:Mitre
ABM: Se agrego Tren  [electrico] pas:7 carga:0 linea:Roca-Tandil
ABM: Se agrego Tren  [diesel] pas:6 carga:0 linea:San Martin
ABM: Se agrego Tren  [electrico] pas:9 carga:0 linea:Belgrano Norte
ABM: Se agrego Tren  [diesel] pas:5 carga:0 linea:Mitre
ABM: Se agrego Tren  [gasolina] pas:3 carga:0 linea:no-asignado
ABM: Se agrego Tren  [electrico] pas:10 carga:0 linea:San Martin
ABM: Se agrego Tren  [diesel] pas:7 carga:0 linea:Roca-Tandil
ABM: Se agrego Tren  [diesel] pas:6 carga:0 linea:Belgrano Norte
ABM: Se agrego Tren  [electrico] pas:8 carga:0 linea:Mitre
ABM: Se agrego Tren  [gasolina] pas:4 carga:0 linea:no-asignado
ABM: Se agrego Tren  [diesel] pas:5 carga:0 linea:San Martin
ABM: Se agrego Tren  [electrico] pas:9 carga:0 linea:Roca-Tandil
ABM: Se agrego Tren  [diesel] pas:6 carga:0 linea:Belgrano Norte
ABM: Se agrego Tren  [electrico] pas:7 carga:0 linea:San Martin

=== ESTADO DEL SISTEMA POST-CARGA INICIAL ===
eed.tp.TrenesSaControlador@6ce253f1
==============================================

ABM: Se creó la estación Tandil
ABM: Se agrego Tandil (Tandil) - Av. España 745 CP:7000 | vías: 4, plataformas: 2
ABM: Se creó la estación Retiro
ABM: Se agrego Retiro (CABA) - Av. Dr. Jose Maria Ramos Mejia 1430 CP:C1104 | vías: 9, plataformas: 6
ABM: Se creó la estación Constitucion
ABM: Se agrego Constitucion (CABA) - Av. Brasil 1128 CP:C1154 | vías: 14, plataformas: 8
ABM: Se creó la estación Canuelas
ABM: Se agrego Canuelas (Canuelas) - Libertad 150 CP:1814 | vías: 3, plataformas: 2
ABM: Se creó la estación Las Flores
ABM: Se agrego Las Flores (Las Flores) - Av. Rivadavia 400 CP:7200 | vías: 2, plataformas: 2
ABM: Se creó la estación Neuquen
ABM: Se agrego Neuquen (capital) - Av. Brasil 1128 CP:C1154 | vías: 14, plataformas: 8
ABM: Se creó la estación Bariloche
ABM: Se agrego Bariloche (Rio negro) - Libertad 150 CP:1814 | vías: 3, plataformas: 2
ABM: Se creó la estación Tierra del fuego
ABM: Se agrego Tierra del fuego (tierra) - Av. Rivadavia 400 CP:7200 | vías: 2, plataformas: 2
ABM: Se creó la estación La Plata
ABM: Se agrego La Plata (Buenos Aires) - Calle 1 100 CP:1900 | vías: 5, plataformas: 4
ABM: Se creó la estación Mar del Plata
ABM: Se agrego Mar del Plata (Buenos Aires) - Av. Luro 200 CP:7600 | vías: 4, plataformas: 3
ABM: Se creó la estación Rosario
ABM: Se agrego Rosario (Santa Fe) - Aristobulo 300 CP:2000 | vías: 6, plataformas: 4
ABM: Se creó la estación Cordoba
ABM: Se agrego Cordoba (Cordoba) - Peron 400 CP:5000 | vías: 5, plataformas: 3
ABM: Se creó la estación Mendoza
ABM: Se agrego Mendoza (Mendoza) - Las Heras 500 CP:5500 | vías: 3, plataformas: 2
ABM: Se creó la estación Tucuman
ABM: Se agrego Tucuman (Tucuman) - Corrientes 600 CP:4000 | vías: 3, plataformas: 2
ABM: Se creó la estación Salta
ABM: Se agrego Salta (Salta) - Balcarce 700 CP:4400 | vías: 2, plataformas: 2
ABM: Se creó la estación San Juan
ABM: Se agrego San Juan (San Juan) - España 800 CP:5400 | vías: 2, plataformas: 2
ABM: Se creó la estación San Luis
ABM: Se agrego San Luis (San Luis) - Illia 900 CP:5700 | vías: 2, plataformas: 2
ABM: Se creó la estación Santa Rosa
ABM: Se agrego Santa Rosa (La Pampa) - Luro 1000 CP:6300 | vías: 2, plataformas: 2
ABM: Se creó la estación Viedma
ABM: Se agrego Viedma (Rio Negro) - Roca 1100 CP:8500 | vías: 2, plataformas: 2
ABM: Se creó la estación Rawson
ABM: Se agrego Rawson (Chubut) - Fontana 1200 CP:9103 | vías: 2, plataformas: 2
ABM: Se agrego Tren  [diesel] pas:6 carga:0 linea:Mitre
ABM: Se agrego Tren  [gasolina] pas:0 carga:0 linea:no-asignado
ABM: Se agrego Tren  [diesel] pas:8 carga:0 linea:Roca-Tandil
ABM: Se agrego Tren  [electrico] pas:8 carga:0 linea:San Martin
ABM: Se agrego Tren  [diesel] pas:5 carga:0 linea:Belgrano Norte
ABM: Se agrego Tren  [gasolina] pas:4 carga:0 linea:Mitre
ABM: Se agrego Tren  [electrico] pas:7 carga:0 linea:Roca-Tandil
ABM: Se agrego Tren  [diesel] pas:6 carga:0 linea:San Martin
ABM: Se agrego Tren  [electrico] pas:9 carga:0 linea:Belgrano Norte
ABM: Se agrego Tren  [diesel] pas:5 carga:0 linea:Mitre
ABM: Se agrego Tren  [gasolina] pas:3 carga:0 linea:no-asignado
ABM: Se agrego Tren  [electrico] pas:10 carga:0 linea:San Martin
ABM: Se agrego Tren  [diesel] pas:7 carga:0 linea:Roca-Tandil
ABM: Se agrego Tren  [diesel] pas:6 carga:0 linea:Belgrano Norte
ABM: Se agrego Tren  [electrico] pas:8 carga:0 linea:Mitre
ABM: Se agrego Tren  [gasolina] pas:4 carga:0 linea:no-asignado
ABM: Se agrego Tren  [diesel] pas:5 carga:0 linea:San Martin
ABM: Se agrego Tren  [electrico] pas:9 carga:0 linea:Roca-Tandil
ABM: Se agrego Tren  [diesel] pas:6 carga:0 linea:Belgrano Norte
ABM: Se agrego Tren  [electrico] pas:7 carga:0 linea:San Martin

=== ESTADO DEL SISTEMA POST-CARGA INICIAL ===
eed.tp.TrenesSaControlador@6ce253f1
==============================================

ABM: Se creó la estación Tandil
ABM: Se agrego Tandil (Tandil) - Av. España 745 CP:7000 | vías: 4, plataformas: 2
ABM: Se creó la estación Retiro
ABM: Se agrego Retiro (CABA) - Av. Dr. Jose Maria Ramos Mejia 1430 CP:C1104 | vías: 9, plataformas: 6
ABM: Se creó la estación Constitucion
ABM: Se agrego Constitucion (CABA) - Av. Brasil 1128 CP:C1154 | vías: 14, plataformas: 8
ABM: Se creó la estación Canuelas
ABM: Se agrego Canuelas (Canuelas) - Libertad 150 CP:1814 | vías: 3, plataformas: 2
ABM: Se creó la estación Las Flores
ABM: Se agrego Las Flores (Las Flores) - Av. Rivadavia 400 CP:7200 | vías: 2, plataformas: 2
ABM: Se creó la estación Neuquen
ABM: Se agrego Neuquen (capital) - Av. Brasil 1128 CP:C1154 | vías: 14, plataformas: 8
ABM: Se creó la estación Bariloche
ABM: Se agrego Bariloche (Rio negro) - Libertad 150 CP:1814 | vías: 3, plataformas: 2
ABM: Se creó la estación Tierra del fuego
ABM: Se agrego Tierra del fuego (tierra) - Av. Rivadavia 400 CP:7200 | vías: 2, plataformas: 2
ABM: Se creó la estación La Plata
ABM: Se agrego La Plata (Buenos Aires) - Calle 1 100 CP:1900 | vías: 5, plataformas: 4
ABM: Se creó la estación Mar del Plata
ABM: Se agrego Mar del Plata (Buenos Aires) - Av. Luro 200 CP:7600 | vías: 4, plataformas: 3
ABM: Se creó la estación Rosario
ABM: Se agrego Rosario (Santa Fe) - Aristobulo 300 CP:2000 | vías: 6, plataformas: 4
ABM: Se creó la estación Cordoba
ABM: Se agrego Cordoba (Cordoba) - Peron 400 CP:5000 | vías: 5, plataformas: 3
ABM: Se creó la estación Mendoza
ABM: Se agrego Mendoza (Mendoza) - Las Heras 500 CP:5500 | vías: 3, plataformas: 2
ABM: Se creó la estación Tucuman
ABM: Se agrego Tucuman (Tucuman) - Corrientes 600 CP:4000 | vías: 3, plataformas: 2
ABM: Se creó la estación Salta
ABM: Se agrego Salta (Salta) - Balcarce 700 CP:4400 | vías: 2, plataformas: 2
ABM: Se creó la estación San Juan
ABM: Se agrego San Juan (San Juan) - España 800 CP:5400 | vías: 2, plataformas: 2
ABM: Se creó la estación San Luis
ABM: Se agrego San Luis (San Luis) - Illia 900 CP:5700 | vías: 2, plataformas: 2
ABM: Se creó la estación Santa Rosa
ABM: Se agrego Santa Rosa (La Pampa) - Luro 1000 CP:6300 | vías: 2, plataformas: 2
ABM: Se creó la estación Viedma
ABM: Se agrego Viedma (Rio Negro) - Roca 1100 CP:8500 | vías: 2, plataformas: 2
ABM: Se creó la estación Rawson
ABM: Se agrego Rawson (Chubut) - Fontana 1200 CP:9103 | vías: 2, plataformas: 2
ABM: Se agrego Tren  [diesel] pas:6 carga:0 linea:Mitre
ABM: Se agrego Tren  [gasolina] pas:0 carga:0 linea:no-asignado
ABM: Se agrego Tren  [diesel] pas:8 carga:0 linea:Roca-Tandil
ABM: Se agrego Tren  [electrico] pas:8 carga:0 linea:San Martin
ABM: Se agrego Tren  [diesel] pas:5 carga:0 linea:Belgrano Norte
ABM: Se agrego Tren  [gasolina] pas:4 carga:0 linea:Mitre
ABM: Se agrego Tren  [electrico] pas:7 carga:0 linea:Roca-Tandil
ABM: Se agrego Tren  [diesel] pas:6 carga:0 linea:San Martin
ABM: Se agrego Tren  [electrico] pas:9 carga:0 linea:Belgrano Norte
ABM: Se agrego Tren  [diesel] pas:5 carga:0 linea:Mitre
ABM: Se agrego Tren  [gasolina] pas:3 carga:0 linea:no-asignado
ABM: Se agrego Tren  [electrico] pas:10 carga:0 linea:San Martin
ABM: Se agrego Tren  [diesel] pas:7 carga:0 linea:Roca-Tandil
ABM: Se agrego Tren  [diesel] pas:6 carga:0 linea:Belgrano Norte
ABM: Se agrego Tren  [electrico] pas:8 carga:0 linea:Mitre
ABM: Se agrego Tren  [gasolina] pas:4 carga:0 linea:no-asignado
ABM: Se agrego Tren  [diesel] pas:5 carga:0 linea:San Martin
ABM: Se agrego Tren  [electrico] pas:9 carga:0 linea:Roca-Tandil
ABM: Se agrego Tren  [diesel] pas:6 carga:0 linea:Belgrano Norte
ABM: Se agrego Tren  [electrico] pas:7 carga:0 linea:San Martin

=== ESTADO DEL SISTEMA POST-CARGA INICIAL ===
eed.tp.TrenesSaControlador@6ce253f1
==============================================

ABM: Se creó la estación Tandil
ABM: Se agrego Tandil (Tandil) - Av. España 745 CP:7000 | vías: 4, plataformas: 2
ABM: Se creó la estación Retiro
ABM: Se agrego Retiro (CABA) - Av. Dr. Jose Maria Ramos Mejia 1430 CP:C1104 | vías: 9, plataformas: 6
ABM: Se creó la estación Constitucion
ABM: Se agrego Constitucion (CABA) - Av. Brasil 1128 CP:C1154 | vías: 14, plataformas: 8
ABM: Se creó la estación Canuelas
ABM: Se agrego Canuelas (Canuelas) - Libertad 150 CP:1814 | vías: 3, plataformas: 2
ABM: Se creó la estación Las Flores
ABM: Se agrego Las Flores (Las Flores) - Av. Rivadavia 400 CP:7200 | vías: 2, plataformas: 2
ABM: Se creó la estación Neuquen
ABM: Se agrego Neuquen (capital) - Av. Brasil 1128 CP:C1154 | vías: 14, plataformas: 8
ABM: Se creó la estación Bariloche
ABM: Se agrego Bariloche (Rio negro) - Libertad 150 CP:1814 | vías: 3, plataformas: 2
ABM: Se creó la estación Tierra del fuego
ABM: Se agrego Tierra del fuego (tierra) - Av. Rivadavia 400 CP:7200 | vías: 2, plataformas: 2
ABM: Se creó la estación La Plata
ABM: Se agrego La Plata (Buenos Aires) - Calle 1 100 CP:1900 | vías: 5, plataformas: 4
ABM: Se creó la estación Mar del Plata
ABM: Se agrego Mar del Plata (Buenos Aires) - Av. Luro 200 CP:7600 | vías: 4, plataformas: 3
ABM: Se creó la estación Rosario
ABM: Se agrego Rosario (Santa Fe) - Aristobulo 300 CP:2000 | vías: 6, plataformas: 4
ABM: Se creó la estación Cordoba
ABM: Se agrego Cordoba (Cordoba) - Peron 400 CP:5000 | vías: 5, plataformas: 3
ABM: Se creó la estación Mendoza
ABM: Se agrego Mendoza (Mendoza) - Las Heras 500 CP:5500 | vías: 3, plataformas: 2
ABM: Se creó la estación Tucuman
ABM: Se agrego Tucuman (Tucuman) - Corrientes 600 CP:4000 | vías: 3, plataformas: 2
ABM: Se creó la estación Salta
ABM: Se agrego Salta (Salta) - Balcarce 700 CP:4400 | vías: 2, plataformas: 2
ABM: Se creó la estación San Juan
ABM: Se agrego San Juan (San Juan) - España 800 CP:5400 | vías: 2, plataformas: 2
ABM: Se creó la estación San Luis
ABM: Se agrego San Luis (San Luis) - Illia 900 CP:5700 | vías: 2, plataformas: 2
ABM: Se creó la estación Santa Rosa
ABM: Se agrego Santa Rosa (La Pampa) - Luro 1000 CP:6300 | vías: 2, plataformas: 2
ABM: Se creó la estación Viedma
ABM: Se agrego Viedma (Rio Negro) - Roca 1100 CP:8500 | vías: 2, plataformas: 2
ABM: Se creó la estación Rawson
ABM: Se agrego Rawson (Chubut) - Fontana 1200 CP:9103 | vías: 2, plataformas: 2
ABM: Se agrego Tren  [diesel] pas:6 carga:0 linea:Mitre
ABM: Se agrego Tren  [gasolina] pas:0 carga:0 linea:no-asignado
ABM: Se agrego Tren  [diesel] pas:8 carga:0 linea:Roca-Tandil
ABM: Se agrego Tren  [electrico] pas:8 carga:0 linea:San Martin
ABM: Se agrego Tren  [diesel] pas:5 carga:0 linea:Belgrano Norte
ABM: Se agrego Tren  [gasolina] pas:4 carga:0 linea:Mitre
ABM: Se agrego Tren  [electrico] pas:7 carga:0 linea:Roca-Tandil
ABM: Se agrego Tren  [diesel] pas:6 carga:0 linea:San Martin
ABM: Se agrego Tren  [electrico] pas:9 carga:0 linea:Belgrano Norte
ABM: Se agrego Tren  [diesel] pas:5 carga:0 linea:Mitre
ABM: Se agrego Tren  [gasolina] pas:3 carga:0 linea:no-asignado
ABM: Se agrego Tren  [electrico] pas:10 carga:0 linea:San Martin
ABM: Se agrego Tren  [diesel] pas:7 carga:0 linea:Roca-Tandil
ABM: Se agrego Tren  [diesel] pas:6 carga:0 linea:Belgrano Norte
ABM: Se agrego Tren  [electrico] pas:8 carga:0 linea:Mitre
ABM: Se agrego Tren  [gasolina] pas:4 carga:0 linea:no-asignado
ABM: Se agrego Tren  [diesel] pas:5 carga:0 linea:San Martin
ABM: Se agrego Tren  [electrico] pas:9 carga:0 linea:Roca-Tandil
ABM: Se agrego Tren  [diesel] pas:6 carga:0 linea:Belgrano Norte
ABM: Se agrego Tren  [electrico] pas:7 carga:0 linea:San Martin

=== ESTADO DEL SISTEMA POST-CARGA INICIAL ===
eed.tp.TrenesSaControlador@6ce253f1
==============================================

ABM: Se creó la estación Tandil
ABM: Se agrego Tandil (Tandil) - Av. España 745 CP:7000 | vías: 4, plataformas: 2
ABM: Se creó la estación Retiro
ABM: Se agrego Retiro (CABA) - Av. Dr. Jose Maria Ramos Mejia 1430 CP:C1104 | vías: 9, plataformas: 6
ABM: Se creó la estación Constitucion
ABM: Se agrego Constitucion (CABA) - Av. Brasil 1128 CP:C1154 | vías: 14, plataformas: 8
ABM: Se creó la estación Canuelas
ABM: Se agrego Canuelas (Canuelas) - Libertad 150 CP:1814 | vías: 3, plataformas: 2
ABM: Se creó la estación Las Flores
ABM: Se agrego Las Flores (Las Flores) - Av. Rivadavia 400 CP:7200 | vías: 2, plataformas: 2
ABM: Se creó la estación Neuquen
ABM: Se agrego Neuquen (capital) - Av. Brasil 1128 CP:C1154 | vías: 14, plataformas: 8
ABM: Se creó la estación Bariloche
ABM: Se agrego Bariloche (Rio negro) - Libertad 150 CP:1814 | vías: 3, plataformas: 2
ABM: Se creó la estación Tierra del fuego
ABM: Se agrego Tierra del fuego (tierra) - Av. Rivadavia 400 CP:7200 | vías: 2, plataformas: 2
ABM: Se creó la estación La Plata
ABM: Se agrego La Plata (Buenos Aires) - Calle 1 100 CP:1900 | vías: 5, plataformas: 4
ABM: Se creó la estación Mar del Plata
ABM: Se agrego Mar del Plata (Buenos Aires) - Av. Luro 200 CP:7600 | vías: 4, plataformas: 3
ABM: Se creó la estación Rosario
ABM: Se agrego Rosario (Santa Fe) - Aristobulo 300 CP:2000 | vías: 6, plataformas: 4
ABM: Se creó la estación Cordoba
ABM: Se agrego Cordoba (Cordoba) - Peron 400 CP:5000 | vías: 5, plataformas: 3
ABM: Se creó la estación Mendoza
ABM: Se agrego Mendoza (Mendoza) - Las Heras 500 CP:5500 | vías: 3, plataformas: 2
ABM: Se creó la estación Tucuman
ABM: Se agrego Tucuman (Tucuman) - Corrientes 600 CP:4000 | vías: 3, plataformas: 2
ABM: Se creó la estación Salta
ABM: Se agrego Salta (Salta) - Balcarce 700 CP:4400 | vías: 2, plataformas: 2
ABM: Se creó la estación San Juan
ABM: Se agrego San Juan (San Juan) - España 800 CP:5400 | vías: 2, plataformas: 2
ABM: Se creó la estación San Luis
ABM: Se agrego San Luis (San Luis) - Illia 900 CP:5700 | vías: 2, plataformas: 2
ABM: Se creó la estación Santa Rosa
ABM: Se agrego Santa Rosa (La Pampa) - Luro 1000 CP:6300 | vías: 2, plataformas: 2
ABM: Se creó la estación Viedma
ABM: Se agrego Viedma (Rio Negro) - Roca 1100 CP:8500 | vías: 2, plataformas: 2
ABM: Se creó la estación Rawson
ABM: Se agrego Rawson (Chubut) - Fontana 1200 CP:9103 | vías: 2, plataformas: 2
ABM: Se agrego Tren  [diesel] pas:6 carga:0 linea:Mitre
ABM: Se agrego Tren  [gasolina] pas:0 carga:0 linea:no-asignado
ABM: Se agrego Tren  [diesel] pas:8 carga:0 linea:Roca-Tandil
ABM: Se agrego Tren  [electrico] pas:8 carga:0 linea:San Martin
ABM: Se agrego Tren  [diesel] pas:5 carga:0 linea:Belgrano Norte
ABM: Se agrego Tren  [gasolina] pas:4 carga:0 linea:Mitre
ABM: Se agrego Tren  [electrico] pas:7 carga:0 linea:Roca-Tandil
ABM: Se agrego Tren  [diesel] pas:6 carga:0 linea:San Martin
ABM: Se agrego Tren  [electrico] pas:9 carga:0 linea:Belgrano Norte
ABM: Se agrego Tren  [diesel] pas:5 carga:0 linea:Mitre
ABM: Se agrego Tren  [gasolina] pas:3 carga:0 linea:no-asignado
ABM: Se agrego Tren  [electrico] pas:10 carga:0 linea:San Martin
ABM: Se agrego Tren  [diesel] pas:7 carga:0 linea:Roca-Tandil
ABM: Se agrego Tren  [diesel] pas:6 carga:0 linea:Belgrano Norte
ABM: Se agrego Tren  [electrico] pas:8 carga:0 linea:Mitre
ABM: Se agrego Tren  [gasolina] pas:4 carga:0 linea:no-asignado
ABM: Se agrego Tren  [diesel] pas:5 carga:0 linea:San Martin
ABM: Se agrego Tren  [electrico] pas:9 carga:0 linea:Roca-Tandil
ABM: Se agrego Tren  [diesel] pas:6 carga:0 linea:Belgrano Norte
ABM: Se agrego Tren  [electrico] pas:7 carga:0 linea:San Martin

=== ESTADO DEL SISTEMA POST-CARGA INICIAL ===
eed.tp.TrenesSaControlador@6ce253f1
==============================================

ABM: Se creó la estación Tandil
ABM: Se agrego Tandil (Tandil) - Av. España 745 CP:7000 | vías: 4, plataformas: 2
ABM: Se creó la estación Retiro
ABM: Se agrego Retiro (CABA) - Av. Dr. Jose Maria Ramos Mejia 1430 CP:C1104 | vías: 9, plataformas: 6
ABM: Se creó la estación Constitucion
ABM: Se agrego Constitucion (CABA) - Av. Brasil 1128 CP:C1154 | vías: 14, plataformas: 8
ABM: Se creó la estación Canuelas
ABM: Se agrego Canuelas (Canuelas) - Libertad 150 CP:1814 | vías: 3, plataformas: 2
ABM: Se creó la estación Las Flores
ABM: Se agrego Las Flores (Las Flores) - Av. Rivadavia 400 CP:7200 | vías: 2, plataformas: 2
ABM: Se creó la estación Neuquen
ABM: Se agrego Neuquen (capital) - Av. Brasil 1128 CP:C1154 | vías: 14, plataformas: 8
ABM: Se creó la estación Bariloche
ABM: Se agrego Bariloche (Rio negro) - Libertad 150 CP:1814 | vías: 3, plataformas: 2
ABM: Se creó la estación Tierra del fuego
ABM: Se agrego Tierra del fuego (tierra) - Av. Rivadavia 400 CP:7200 | vías: 2, plataformas: 2
ABM: Se creó la estación La Plata
ABM: Se agrego La Plata (Buenos Aires) - Calle 1 100 CP:1900 | vías: 5, plataformas: 4
ABM: Se creó la estación Mar del Plata
ABM: Se agrego Mar del Plata (Buenos Aires) - Av. Luro 200 CP:7600 | vías: 4, plataformas: 3
ABM: Se creó la estación Rosario
ABM: Se agrego Rosario (Santa Fe) - Aristobulo 300 CP:2000 | vías: 6, plataformas: 4
ABM: Se creó la estación Cordoba
ABM: Se agrego Cordoba (Cordoba) - Peron 400 CP:5000 | vías: 5, plataformas: 3
ABM: Se creó la estación Mendoza
ABM: Se agrego Mendoza (Mendoza) - Las Heras 500 CP:5500 | vías: 3, plataformas: 2
ABM: Se creó la estación Tucuman
ABM: Se agrego Tucuman (Tucuman) - Corrientes 600 CP:4000 | vías: 3, plataformas: 2
ABM: Se creó la estación Salta
ABM: Se agrego Salta (Salta) - Balcarce 700 CP:4400 | vías: 2, plataformas: 2
ABM: Se creó la estación San Juan
ABM: Se agrego San Juan (San Juan) - España 800 CP:5400 | vías: 2, plataformas: 2
ABM: Se creó la estación San Luis
ABM: Se agrego San Luis (San Luis) - Illia 900 CP:5700 | vías: 2, plataformas: 2
ABM: Se creó la estación Santa Rosa
ABM: Se agrego Santa Rosa (La Pampa) - Luro 1000 CP:6300 | vías: 2, plataformas: 2
ABM: Se creó la estación Viedma
ABM: Se agrego Viedma (Rio Negro) - Roca 1100 CP:8500 | vías: 2, plataformas: 2
ABM: Se creó la estación Rawson
ABM: Se agrego Rawson (Chubut) - Fontana 1200 CP:9103 | vías: 2, plataformas: 2
ABM: Se agrego Tren  [diesel] pas:6 carga:0 linea:Mitre
ABM: Se agrego Tren  [gasolina] pas:0 carga:0 linea:no-asignado
ABM: Se agrego Tren  [diesel] pas:8 carga:0 linea:Roca-Tandil
ABM: Se agrego Tren  [electrico] pas:8 carga:0 linea:San Martin
ABM: Se agrego Tren  [diesel] pas:5 carga:0 linea:Belgrano Norte
ABM: Se agrego Tren  [gasolina] pas:4 carga:0 linea:Mitre
ABM: Se agrego Tren  [electrico] pas:7 carga:0 linea:Roca-Tandil
ABM: Se agrego Tren  [diesel] pas:6 carga:0 linea:San Martin
ABM: Se agrego Tren  [electrico] pas:9 carga:0 linea:Belgrano Norte
ABM: Se agrego Tren  [diesel] pas:5 carga:0 linea:Mitre
ABM: Se agrego Tren  [gasolina] pas:3 carga:0 linea:no-asignado
ABM: Se agrego Tren  [electrico] pas:10 carga:0 linea:San Martin
ABM: Se agrego Tren  [diesel] pas:7 carga:0 linea:Roca-Tandil
ABM: Se agrego Tren  [diesel] pas:6 carga:0 linea:Belgrano Norte
ABM: Se agrego Tren  [electrico] pas:8 carga:0 linea:Mitre
ABM: Se agrego Tren  [gasolina] pas:4 carga:0 linea:no-asignado
ABM: Se agrego Tren  [diesel] pas:5 carga:0 linea:San Martin
ABM: Se agrego Tren  [electrico] pas:9 carga:0 linea:Roca-Tandil
ABM: Se agrego Tren  [diesel] pas:6 carga:0 linea:Belgrano Norte
ABM: Se agrego Tren  [electrico] pas:7 carga:0 linea:San Martin

=== ESTADO DEL SISTEMA POST-CARGA INICIAL ===
eed.tp.TrenesSaControlador@6ce253f1
==============================================

ABM: Se creó la estación Tandil
ABM: Se agrego Tandil (Tandil) - Av. España 745 CP:7000 | vías: 4, plataformas: 2
ABM: Se creó la estación Retiro
ABM: Se agrego Retiro (CABA) - Av. Dr. Jose Maria Ramos Mejia 1430 CP:C1104 | vías: 9, plataformas: 6
ABM: Se creó la estación Constitucion
ABM: Se agrego Constitucion (CABA) - Av. Brasil 1128 CP:C1154 | vías: 14, plataformas: 8
ABM: Se creó la estación Canuelas
ABM: Se agrego Canuelas (Canuelas) - Libertad 150 CP:1814 | vías: 3, plataformas: 2
ABM: Se creó la estación Las Flores
ABM: Se agrego Las Flores (Las Flores) - Av. Rivadavia 400 CP:7200 | vías: 2, plataformas: 2
ABM: Se creó la estación Neuquen
ABM: Se agrego Neuquen (capital) - Av. Brasil 1128 CP:C1154 | vías: 14, plataformas: 8
ABM: Se creó la estación Bariloche
ABM: Se agrego Bariloche (Rio negro) - Libertad 150 CP:1814 | vías: 3, plataformas: 2
ABM: Se creó la estación Tierra del fuego
ABM: Se agrego Tierra del fuego (tierra) - Av. Rivadavia 400 CP:7200 | vías: 2, plataformas: 2
ABM: Se creó la estación La Plata
ABM: Se agrego La Plata (Buenos Aires) - Calle 1 100 CP:1900 | vías: 5, plataformas: 4
ABM: Se creó la estación Mar del Plata
ABM: Se agrego Mar del Plata (Buenos Aires) - Av. Luro 200 CP:7600 | vías: 4, plataformas: 3
ABM: Se creó la estación Rosario
ABM: Se agrego Rosario (Santa Fe) - Aristobulo 300 CP:2000 | vías: 6, plataformas: 4
ABM: Se creó la estación Cordoba
ABM: Se agrego Cordoba (Cordoba) - Peron 400 CP:5000 | vías: 5, plataformas: 3
ABM: Se creó la estación Mendoza
ABM: Se agrego Mendoza (Mendoza) - Las Heras 500 CP:5500 | vías: 3, plataformas: 2
ABM: Se creó la estación Tucuman
ABM: Se agrego Tucuman (Tucuman) - Corrientes 600 CP:4000 | vías: 3, plataformas: 2
ABM: Se creó la estación Salta
ABM: Se agrego Salta (Salta) - Balcarce 700 CP:4400 | vías: 2, plataformas: 2
ABM: Se creó la estación San Juan
ABM: Se agrego San Juan (San Juan) - España 800 CP:5400 | vías: 2, plataformas: 2
ABM: Se creó la estación San Luis
ABM: Se agrego San Luis (San Luis) - Illia 900 CP:5700 | vías: 2, plataformas: 2
ABM: Se creó la estación Santa Rosa
ABM: Se agrego Santa Rosa (La Pampa) - Luro 1000 CP:6300 | vías: 2, plataformas: 2
ABM: Se creó la estación Viedma
ABM: Se agrego Viedma (Rio Negro) - Roca 1100 CP:8500 | vías: 2, plataformas: 2
ABM: Se creó la estación Rawson
ABM: Se agrego Rawson (Chubut) - Fontana 1200 CP:9103 | vías: 2, plataformas: 2
ABM: Se agrego Tren  [diesel] pas:6 carga:0 linea:Mitre
ABM: Se agrego Tren  [gasolina] pas:0 carga:0 linea:no-asignado
ABM: Se agrego Tren  [diesel] pas:8 carga:0 linea:Roca-Tandil
ABM: Se agrego Tren  [electrico] pas:8 carga:0 linea:San Martin
ABM: Se agrego Tren  [diesel] pas:5 carga:0 linea:Belgrano Norte
ABM: Se agrego Tren  [gasolina] pas:4 carga:0 linea:Mitre
ABM: Se agrego Tren  [electrico] pas:7 carga:0 linea:Roca-Tandil
ABM: Se agrego Tren  [diesel] pas:6 carga:0 linea:San Martin
ABM: Se agrego Tren  [electrico] pas:9 carga:0 linea:Belgrano Norte
ABM: Se agrego Tren  [diesel] pas:5 carga:0 linea:Mitre
ABM: Se agrego Tren  [gasolina] pas:3 carga:0 linea:no-asignado
ABM: Se agrego Tren  [electrico] pas:10 carga:0 linea:San Martin
ABM: Se agrego Tren  [diesel] pas:7 carga:0 linea:Roca-Tandil
ABM: Se agrego Tren  [diesel] pas:6 carga:0 linea:Belgrano Norte
ABM: Se agrego Tren  [electrico] pas:8 carga:0 linea:Mitre
ABM: Se agrego Tren  [gasolina] pas:4 carga:0 linea:no-asignado
ABM: Se agrego Tren  [diesel] pas:5 carga:0 linea:San Martin
ABM: Se agrego Tren  [electrico] pas:9 carga:0 linea:Roca-Tandil
ABM: Se agrego Tren  [diesel] pas:6 carga:0 linea:Belgrano Norte
ABM: Se agrego Tren  [electrico] pas:7 carga:0 linea:San Martin

=== ESTADO DEL SISTEMA POST-CARGA INICIAL ===
eed.tp.TrenesSaControlador@6ce253f1
==============================================

ABM: Se creó la estación Tandil
ABM: Se agrego Tandil (Tandil) - Av. España 745 CP:7000 | vías: 4, plataformas: 2
ABM: Se creó la estación Retiro
ABM: Se agrego Retiro (CABA) - Av. Dr. Jose Maria Ramos Mejia 1430 CP:C1104 | vías: 9, plataformas: 6
ABM: Se creó la estación Constitucion
ABM: Se agrego Constitucion (CABA) - Av. Brasil 1128 CP:C1154 | vías: 14, plataformas: 8
ABM: Se creó la estación Canuelas
ABM: Se agrego Canuelas (Canuelas) - Libertad 150 CP:1814 | vías: 3, plataformas: 2
ABM: Se creó la estación Las Flores
ABM: Se agrego Las Flores (Las Flores) - Av. Rivadavia 400 CP:7200 | vías: 2, plataformas: 2
ABM: Se creó la estación Neuquen
ABM: Se agrego Neuquen (capital) - Av. Brasil 1128 CP:C1154 | vías: 14, plataformas: 8
ABM: Se creó la estación Bariloche
ABM: Se agrego Bariloche (Rio negro) - Libertad 150 CP:1814 | vías: 3, plataformas: 2
ABM: Se creó la estación Tierra del fuego
ABM: Se agrego Tierra del fuego (tierra) - Av. Rivadavia 400 CP:7200 | vías: 2, plataformas: 2
ABM: Se creó la estación La Plata
ABM: Se agrego La Plata (Buenos Aires) - Calle 1 100 CP:1900 | vías: 5, plataformas: 4
ABM: Se creó la estación Mar del Plata
ABM: Se agrego Mar del Plata (Buenos Aires) - Av. Luro 200 CP:7600 | vías: 4, plataformas: 3
ABM: Se creó la estación Rosario
ABM: Se agrego Rosario (Santa Fe) - Aristobulo 300 CP:2000 | vías: 6, plataformas: 4
ABM: Se creó la estación Cordoba
ABM: Se agrego Cordoba (Cordoba) - Peron 400 CP:5000 | vías: 5, plataformas: 3
ABM: Se creó la estación Mendoza
ABM: Se agrego Mendoza (Mendoza) - Las Heras 500 CP:5500 | vías: 3, plataformas: 2
ABM: Se creó la estación Tucuman
ABM: Se agrego Tucuman (Tucuman) - Corrientes 600 CP:4000 | vías: 3, plataformas: 2
ABM: Se creó la estación Salta
ABM: Se agrego Salta (Salta) - Balcarce 700 CP:4400 | vías: 2, plataformas: 2
ABM: Se creó la estación San Juan
ABM: Se agrego San Juan (San Juan) - España 800 CP:5400 | vías: 2, plataformas: 2
ABM: Se creó la estación San Luis
ABM: Se agrego San Luis (San Luis) - Illia 900 CP:5700 | vías: 2, plataformas: 2
ABM: Se creó la estación Santa Rosa
ABM: Se agrego Santa Rosa (La Pampa) - Luro 1000 CP:6300 | vías: 2, plataformas: 2
ABM: Se creó la estación Viedma
ABM: Se agrego Viedma (Rio Negro) - Roca 1100 CP:8500 | vías: 2, plataformas: 2
ABM: Se creó la estación Rawson
ABM: Se agrego Rawson (Chubut) - Fontana 1200 CP:9103 | vías: 2, plataformas: 2
ABM: Se agrego Tren  [diesel] pas:6 carga:0 linea:Mitre
ABM: Se agrego Tren  [gasolina] pas:0 carga:0 linea:no-asignado
ABM: Se agrego Tren  [diesel] pas:8 carga:0 linea:Roca-Tandil
ABM: Se agrego Tren  [electrico] pas:8 carga:0 linea:San Martin
ABM: Se agrego Tren  [diesel] pas:5 carga:0 linea:Belgrano Norte
ABM: Se agrego Tren  [gasolina] pas:4 carga:0 linea:Mitre
ABM: Se agrego Tren  [electrico] pas:7 carga:0 linea:Roca-Tandil
ABM: Se agrego Tren  [diesel] pas:6 carga:0 linea:San Martin
ABM: Se agrego Tren  [electrico] pas:9 carga:0 linea:Belgrano Norte
ABM: Se agrego Tren  [diesel] pas:5 carga:0 linea:Mitre
ABM: Se agrego Tren  [gasolina] pas:3 carga:0 linea:no-asignado
ABM: Se agrego Tren  [electrico] pas:10 carga:0 linea:San Martin
ABM: Se agrego Tren  [diesel] pas:7 carga:0 linea:Roca-Tandil
ABM: Se agrego Tren  [diesel] pas:6 carga:0 linea:Belgrano Norte
ABM: Se agrego Tren  [electrico] pas:8 carga:0 linea:Mitre
ABM: Se agrego Tren  [gasolina] pas:4 carga:0 linea:no-asignado
ABM: Se agrego Tren  [diesel] pas:5 carga:0 linea:San Martin
ABM: Se agrego Tren  [electrico] pas:9 carga:0 linea:Roca-Tandil
ABM: Se agrego Tren  [diesel] pas:6 carga:0 linea:Belgrano Norte
ABM: Se agrego Tren  [electrico] pas:7 carga:0 linea:San Martin

=== ESTADO DEL SISTEMA POST-CARGA INICIAL ===
eed.tp.TrenesSaControlador@6ce253f1
==============================================

ABM: Se creó la estación Tandil
ABM: Se agrego Tandil (Tandil) - Av. España 745 CP:7000 | vías: 4, plataformas: 2
ABM: Se creó la estación Retiro
ABM: Se agrego Retiro (CABA) - Av. Dr. Jose Maria Ramos Mejia 1430 CP:C1104 | vías: 9, plataformas: 6
ABM: Se creó la estación Constitucion
ABM: Se agrego Constitucion (CABA) - Av. Brasil 1128 CP:C1154 | vías: 14, plataformas: 8
ABM: Se creó la estación Canuelas
ABM: Se agrego Canuelas (Canuelas) - Libertad 150 CP:1814 | vías: 3, plataformas: 2
ABM: Se creó la estación Las Flores
ABM: Se agrego Las Flores (Las Flores) - Av. Rivadavia 400 CP:7200 | vías: 2, plataformas: 2
ABM: Se creó la estación Neuquen
ABM: Se agrego Neuquen (capital) - Av. Brasil 1128 CP:C1154 | vías: 14, plataformas: 8
ABM: Se creó la estación Bariloche
ABM: Se agrego Bariloche (Rio negro) - Libertad 150 CP:1814 | vías: 3, plataformas: 2
ABM: Se creó la estación Tierra del fuego
ABM: Se agrego Tierra del fuego (tierra) - Av. Rivadavia 400 CP:7200 | vías: 2, plataformas: 2
ABM: Se creó la estación La Plata
ABM: Se agrego La Plata (Buenos Aires) - Calle 1 100 CP:1900 | vías: 5, plataformas: 4
ABM: Se creó la estación Mar del Plata
ABM: Se agrego Mar del Plata (Buenos Aires) - Av. Luro 200 CP:7600 | vías: 4, plataformas: 3
ABM: Se creó la estación Rosario
ABM: Se agrego Rosario (Santa Fe) - Aristobulo 300 CP:2000 | vías: 6, plataformas: 4
ABM: Se creó la estación Cordoba
ABM: Se agrego Cordoba (Cordoba) - Peron 400 CP:5000 | vías: 5, plataformas: 3
ABM: Se creó la estación Mendoza
ABM: Se agrego Mendoza (Mendoza) - Las Heras 500 CP:5500 | vías: 3, plataformas: 2
ABM: Se creó la estación Tucuman
ABM: Se agrego Tucuman (Tucuman) - Corrientes 600 CP:4000 | vías: 3, plataformas: 2
ABM: Se creó la estación Salta
ABM: Se agrego Salta (Salta) - Balcarce 700 CP:4400 | vías: 2, plataformas: 2
ABM: Se creó la estación San Juan
ABM: Se agrego San Juan (San Juan) - España 800 CP:5400 | vías: 2, plataformas: 2
ABM: Se creó la estación San Luis
ABM: Se agrego San Luis (San Luis) - Illia 900 CP:5700 | vías: 2, plataformas: 2
ABM: Se creó la estación Santa Rosa
ABM: Se agrego Santa Rosa (La Pampa) - Luro 1000 CP:6300 | vías: 2, plataformas: 2
ABM: Se creó la estación Viedma
ABM: Se agrego Viedma (Rio Negro) - Roca 1100 CP:8500 | vías: 2, plataformas: 2
ABM: Se creó la estación Rawson
ABM: Se agrego Rawson (Chubut) - Fontana 1200 CP:9103 | vías: 2, plataformas: 2
ABM: Se agrego Tren  [diesel] pas:6 carga:0 linea:Mitre
ABM: Se agrego Tren  [gasolina] pas:0 carga:0 linea:no-asignado
ABM: Se agrego Tren  [diesel] pas:8 carga:0 linea:Roca-Tandil
ABM: Se agrego Tren  [electrico] pas:8 carga:0 linea:San Martin
ABM: Se agrego Tren  [diesel] pas:5 carga:0 linea:Belgrano Norte
ABM: Se agrego Tren  [gasolina] pas:4 carga:0 linea:Mitre
ABM: Se agrego Tren  [electrico] pas:7 carga:0 linea:Roca-Tandil
ABM: Se agrego Tren  [diesel] pas:6 carga:0 linea:San Martin
ABM: Se agrego Tren  [electrico] pas:9 carga:0 linea:Belgrano Norte
ABM: Se agrego Tren  [diesel] pas:5 carga:0 linea:Mitre
ABM: Se agrego Tren  [gasolina] pas:3 carga:0 linea:no-asignado
ABM: Se agrego Tren  [electrico] pas:10 carga:0 linea:San Martin
ABM: Se agrego Tren  [diesel] pas:7 carga:0 linea:Roca-Tandil
ABM: Se agrego Tren  [diesel] pas:6 carga:0 linea:Belgrano Norte
ABM: Se agrego Tren  [electrico] pas:8 carga:0 linea:Mitre
ABM: Se agrego Tren  [gasolina] pas:4 carga:0 linea:no-asignado
ABM: Se agrego Tren  [diesel] pas:5 carga:0 linea:San Martin
ABM: Se agrego Tren  [electrico] pas:9 carga:0 linea:Roca-Tandil
ABM: Se agrego Tren  [diesel] pas:6 carga:0 linea:Belgrano Norte
ABM: Se agrego Tren  [electrico] pas:7 carga:0 linea:San Martin

=== ESTADO DEL SISTEMA POST-CARGA INICIAL ===
eed.tp.TrenesSaControlador@6ce253f1
==============================================

ABM: Se creó la estación Tandil
ABM: Se agrego Tandil (Tandil) - Av. España 745 CP:7000 | vías: 4, plataformas: 2
ABM: Se creó la estación Retiro
ABM: Se agrego Retiro (CABA) - Av. Dr. Jose Maria Ramos Mejia 1430 CP:C1104 | vías: 9, plataformas: 6
ABM: Se creó la estación Constitucion
ABM: Se agrego Constitucion (CABA) - Av. Brasil 1128 CP:C1154 | vías: 14, plataformas: 8
ABM: Se creó la estación Canuelas
ABM: Se agrego Canuelas (Canuelas) - Libertad 150 CP:1814 | vías: 3, plataformas: 2
ABM: Se creó la estación Las Flores
ABM: Se agrego Las Flores (Las Flores) - Av. Rivadavia 400 CP:7200 | vías: 2, plataformas: 2
ABM: Se creó la estación Neuquen
ABM: Se agrego Neuquen (capital) - Av. Brasil 1128 CP:C1154 | vías: 14, plataformas: 8
ABM: Se creó la estación Bariloche
ABM: Se agrego Bariloche (Rio negro) - Libertad 150 CP:1814 | vías: 3, plataformas: 2
ABM: Se creó la estación Tierra del fuego
ABM: Se agrego Tierra del fuego (tierra) - Av. Rivadavia 400 CP:7200 | vías: 2, plataformas: 2
ABM: Se creó la estación La Plata
ABM: Se agrego La Plata (Buenos Aires) - Calle 1 100 CP:1900 | vías: 5, plataformas: 4
ABM: Se creó la estación Mar del Plata
ABM: Se agrego Mar del Plata (Buenos Aires) - Av. Luro 200 CP:7600 | vías: 4, plataformas: 3
ABM: Se creó la estación Rosario
ABM: Se agrego Rosario (Santa Fe) - Aristobulo 300 CP:2000 | vías: 6, plataformas: 4
ABM: Se creó la estación Cordoba
ABM: Se agrego Cordoba (Cordoba) - Peron 400 CP:5000 | vías: 5, plataformas: 3
ABM: Se creó la estación Mendoza
ABM: Se agrego Mendoza (Mendoza) - Las Heras 500 CP:5500 | vías: 3, plataformas: 2
ABM: Se creó la estación Tucuman
ABM: Se agrego Tucuman (Tucuman) - Corrientes 600 CP:4000 | vías: 3, plataformas: 2
ABM: Se creó la estación Salta
ABM: Se agrego Salta (Salta) - Balcarce 700 CP:4400 | vías: 2, plataformas: 2
ABM: Se creó la estación San Juan
ABM: Se agrego San Juan (San Juan) - España 800 CP:5400 | vías: 2, plataformas: 2
ABM: Se creó la estación San Luis
ABM: Se agrego San Luis (San Luis) - Illia 900 CP:5700 | vías: 2, plataformas: 2
ABM: Se creó la estación Santa Rosa
ABM: Se agrego Santa Rosa (La Pampa) - Luro 1000 CP:6300 | vías: 2, plataformas: 2
ABM: Se creó la estación Viedma
ABM: Se agrego Viedma (Rio Negro) - Roca 1100 CP:8500 | vías: 2, plataformas: 2
ABM: Se creó la estación Rawson
ABM: Se agrego Rawson (Chubut) - Fontana 1200 CP:9103 | vías: 2, plataformas: 2
ABM: Se agrego Tren  [diesel] pas:6 carga:0 linea:Mitre
ABM: Se agrego Tren  [gasolina] pas:0 carga:0 linea:no-asignado
ABM: Se agrego Tren  [diesel] pas:8 carga:0 linea:Roca-Tandil
ABM: Se agrego Tren  [electrico] pas:8 carga:0 linea:San Martin
ABM: Se agrego Tren  [diesel] pas:5 carga:0 linea:Belgrano Norte
ABM: Se agrego Tren  [gasolina] pas:4 carga:0 linea:Mitre
ABM: Se agrego Tren  [electrico] pas:7 carga:0 linea:Roca-Tandil
ABM: Se agrego Tren  [diesel] pas:6 carga:0 linea:San Martin
ABM: Se agrego Tren  [electrico] pas:9 carga:0 linea:Belgrano Norte
ABM: Se agrego Tren  [diesel] pas:5 carga:0 linea:Mitre
ABM: Se agrego Tren  [gasolina] pas:3 carga:0 linea:no-asignado
ABM: Se agrego Tren  [electrico] pas:10 carga:0 linea:San Martin
ABM: Se agrego Tren  [diesel] pas:7 carga:0 linea:Roca-Tandil
ABM: Se agrego Tren  [diesel] pas:6 carga:0 linea:Belgrano Norte
ABM: Se agrego Tren  [electrico] pas:8 carga:0 linea:Mitre
ABM: Se agrego Tren  [gasolina] pas:4 carga:0 linea:no-asignado
ABM: Se agrego Tren  [diesel] pas:5 carga:0 linea:San Martin
ABM: Se agrego Tren  [electrico] pas:9 carga:0 linea:Roca-Tandil
ABM: Se agrego Tren  [diesel] pas:6 carga:0 linea:Belgrano Norte
ABM: Se agrego Tren  [electrico] pas:7 carga:0 linea:San Martin

=== ESTADO DEL SISTEMA POST-CARGA INICIAL ===
eed.tp.TrenesSaControlador@6ce253f1
==============================================

ABM: Se creó la estación Tandil
ABM: Se agrego Tandil (Tandil) - Av. España 745 CP:7000 | vías: 4, plataformas: 2
ABM: Se creó la estación Retiro
ABM: Se agrego Retiro (CABA) - Av. Dr. Jose Maria Ramos Mejia 1430 CP:C1104 | vías: 9, plataformas: 6
ABM: Se creó la estación Constitucion
ABM: Se agrego Constitucion (CABA) - Av. Brasil 1128 CP:C1154 | vías: 14, plataformas: 8
ABM: Se creó la estación Canuelas
ABM: Se agrego Canuelas (Canuelas) - Libertad 150 CP:1814 | vías: 3, plataformas: 2
ABM: Se creó la estación Las Flores
ABM: Se agrego Las Flores (Las Flores) - Av. Rivadavia 400 CP:7200 | vías: 2, plataformas: 2
ABM: Se creó la estación Neuquen
ABM: Se agrego Neuquen (capital) - Av. Brasil 1128 CP:C1154 | vías: 14, plataformas: 8
ABM: Se creó la estación Bariloche
ABM: Se agrego Bariloche (Rio negro) - Libertad 150 CP:1814 | vías: 3, plataformas: 2
ABM: Se creó la estación Tierra del fuego
ABM: Se agrego Tierra del fuego (tierra) - Av. Rivadavia 400 CP:7200 | vías: 2, plataformas: 2
ABM: Se creó la estación La Plata
ABM: Se agrego La Plata (Buenos Aires) - Calle 1 100 CP:1900 | vías: 5, plataformas: 4
ABM: Se creó la estación Mar del Plata
ABM: Se agrego Mar del Plata (Buenos Aires) - Av. Luro 200 CP:7600 | vías: 4, plataformas: 3
ABM: Se creó la estación Rosario
ABM: Se agrego Rosario (Santa Fe) - Aristobulo 300 CP:2000 | vías: 6, plataformas: 4
ABM: Se creó la estación Cordoba
ABM: Se agrego Cordoba (Cordoba) - Peron 400 CP:5000 | vías: 5, plataformas: 3
ABM: Se creó la estación Mendoza
ABM: Se agrego Mendoza (Mendoza) - Las Heras 500 CP:5500 | vías: 3, plataformas: 2
ABM: Se creó la estación Tucuman
ABM: Se agrego Tucuman (Tucuman) - Corrientes 600 CP:4000 | vías: 3, plataformas: 2
ABM: Se creó la estación Salta
ABM: Se agrego Salta (Salta) - Balcarce 700 CP:4400 | vías: 2, plataformas: 2
ABM: Se creó la estación San Juan
ABM: Se agrego San Juan (San Juan) - España 800 CP:5400 | vías: 2, plataformas: 2
ABM: Se creó la estación San Luis
ABM: Se agrego San Luis (San Luis) - Illia 900 CP:5700 | vías: 2, plataformas: 2
ABM: Se creó la estación Santa Rosa
ABM: Se agrego Santa Rosa (La Pampa) - Luro 1000 CP:6300 | vías: 2, plataformas: 2
ABM: Se creó la estación Viedma
ABM: Se agrego Viedma (Rio Negro) - Roca 1100 CP:8500 | vías: 2, plataformas: 2
ABM: Se creó la estación Rawson
ABM: Se agrego Rawson (Chubut) - Fontana 1200 CP:9103 | vías: 2, plataformas: 2
ABM: Se agrego Tren  [diesel] pas:6 carga:0 linea:Mitre
ABM: Se agrego Tren  [gasolina] pas:0 carga:0 linea:no-asignado
ABM: Se agrego Tren  [diesel] pas:8 carga:0 linea:Roca-Tandil
ABM: Se agrego Tren  [electrico] pas:8 carga:0 linea:San Martin
ABM: Se agrego Tren  [diesel] pas:5 carga:0 linea:Belgrano Norte
ABM: Se agrego Tren  [gasolina] pas:4 carga:0 linea:Mitre
ABM: Se agrego Tren  [electrico] pas:7 carga:0 linea:Roca-Tandil
ABM: Se agrego Tren  [diesel] pas:6 carga:0 linea:San Martin
ABM: Se agrego Tren  [electrico] pas:9 carga:0 linea:Belgrano Norte
ABM: Se agrego Tren  [diesel] pas:5 carga:0 linea:Mitre
ABM: Se agrego Tren  [gasolina] pas:3 carga:0 linea:no-asignado
ABM: Se agrego Tren  [electrico] pas:10 carga:0 linea:San Martin
ABM: Se agrego Tren  [diesel] pas:7 carga:0 linea:Roca-Tandil
ABM: Se agrego Tren  [diesel] pas:6 carga:0 linea:Belgrano Norte
ABM: Se agrego Tren  [electrico] pas:8 carga:0 linea:Mitre
ABM: Se agrego Tren  [gasolina] pas:4 carga:0 linea:no-asignado
ABM: Se agrego Tren  [diesel] pas:5 carga:0 linea:San Martin
ABM: Se agrego Tren  [electrico] pas:9 carga:0 linea:Roca-Tandil
ABM: Se agrego Tren  [diesel] pas:6 carga:0 linea:Belgrano Norte
ABM: Se agrego Tren  [electrico] pas:7 carga:0 linea:San Martin

=== ESTADO DEL SISTEMA POST-CARGA INICIAL ===
eed.tp.TrenesSaControlador@6ce253f1
==============================================

ABM: Se creó la estación Tandil
ABM: Se agrego Tandil (Tandil) - Av. España 745 CP:7000 | vías: 4, plataformas: 2
ABM: Se creó la estación Retiro
ABM: Se agrego Retiro (CABA) - Av. Dr. Jose Maria Ramos Mejia 1430 CP:C1104 | vías: 9, plataformas: 6
ABM: Se creó la estación Constitucion
ABM: Se agrego Constitucion (CABA) - Av. Brasil 1128 CP:C1154 | vías: 14, plataformas: 8
ABM: Se creó la estación Canuelas
ABM: Se agrego Canuelas (Canuelas) - Libertad 150 CP:1814 | vías: 3, plataformas: 2
ABM: Se creó la estación Las Flores
ABM: Se agrego Las Flores (Las Flores) - Av. Rivadavia 400 CP:7200 | vías: 2, plataformas: 2
ABM: Se creó la estación Neuquen
ABM: Se agrego Neuquen (capital) - Av. Brasil 1128 CP:C1154 | vías: 14, plataformas: 8
ABM: Se creó la estación Bariloche
ABM: Se agrego Bariloche (Rio negro) - Libertad 150 CP:1814 | vías: 3, plataformas: 2
ABM: Se creó la estación Tierra del fuego
ABM: Se agrego Tierra del fuego (tierra) - Av. Rivadavia 400 CP:7200 | vías: 2, plataformas: 2
ABM: Se creó la estación La Plata
ABM: Se agrego La Plata (Buenos Aires) - Calle 1 100 CP:1900 | vías: 5, plataformas: 4
ABM: Se creó la estación Mar del Plata
ABM: Se agrego Mar del Plata (Buenos Aires) - Av. Luro 200 CP:7600 | vías: 4, plataformas: 3
ABM: Se creó la estación Rosario
ABM: Se agrego Rosario (Santa Fe) - Aristobulo 300 CP:2000 | vías: 6, plataformas: 4
ABM: Se creó la estación Cordoba
ABM: Se agrego Cordoba (Cordoba) - Peron 400 CP:5000 | vías: 5, plataformas: 3
ABM: Se creó la estación Mendoza
ABM: Se agrego Mendoza (Mendoza) - Las Heras 500 CP:5500 | vías: 3, plataformas: 2
ABM: Se creó la estación Tucuman
ABM: Se agrego Tucuman (Tucuman) - Corrientes 600 CP:4000 | vías: 3, plataformas: 2
ABM: Se creó la estación Salta
ABM: Se agrego Salta (Salta) - Balcarce 700 CP:4400 | vías: 2, plataformas: 2
ABM: Se creó la estación San Juan
ABM: Se agrego San Juan (San Juan) - España 800 CP:5400 | vías: 2, plataformas: 2
ABM: Se creó la estación San Luis
ABM: Se agrego San Luis (San Luis) - Illia 900 CP:5700 | vías: 2, plataformas: 2
ABM: Se creó la estación Santa Rosa
ABM: Se agrego Santa Rosa (La Pampa) - Luro 1000 CP:6300 | vías: 2, plataformas: 2
ABM: Se creó la estación Viedma
ABM: Se agrego Viedma (Rio Negro) - Roca 1100 CP:8500 | vías: 2, plataformas: 2
ABM: Se creó la estación Rawson
ABM: Se agrego Rawson (Chubut) - Fontana 1200 CP:9103 | vías: 2, plataformas: 2
ABM: Se agrego Tren  [diesel] pas:6 carga:0 linea:Mitre
ABM: Se agrego Tren  [gasolina] pas:0 carga:0 linea:no-asignado
ABM: Se agrego Tren  [diesel] pas:8 carga:0 linea:Roca-Tandil
ABM: Se agrego Tren  [electrico] pas:8 carga:0 linea:San Martin
ABM: Se agrego Tren  [diesel] pas:5 carga:0 linea:Belgrano Norte
ABM: Se agrego Tren  [gasolina] pas:4 carga:0 linea:Mitre
ABM: Se agrego Tren  [electrico] pas:7 carga:0 linea:Roca-Tandil
ABM: Se agrego Tren  [diesel] pas:6 carga:0 linea:San Martin
ABM: Se agrego Tren  [electrico] pas:9 carga:0 linea:Belgrano Norte
ABM: Se agrego Tren  [diesel] pas:5 carga:0 linea:Mitre
ABM: Se agrego Tren  [gasolina] pas:3 carga:0 linea:no-asignado
ABM: Se agrego Tren  [electrico] pas:10 carga:0 linea:San Martin
ABM: Se agrego Tren  [diesel] pas:7 carga:0 linea:Roca-Tandil
ABM: Se agrego Tren  [diesel] pas:6 carga:0 linea:Belgrano Norte
ABM: Se agrego Tren  [electrico] pas:8 carga:0 linea:Mitre
ABM: Se agrego Tren  [gasolina] pas:4 carga:0 linea:no-asignado
ABM: Se agrego Tren  [diesel] pas:5 carga:0 linea:San Martin
ABM: Se agrego Tren  [electrico] pas:9 carga:0 linea:Roca-Tandil
ABM: Se agrego Tren  [diesel] pas:6 carga:0 linea:Belgrano Norte
ABM: Se agrego Tren  [electrico] pas:7 carga:0 linea:San Martin

=== ESTADO DEL SISTEMA POST-CARGA INICIAL ===
eed.tp.TrenesSaControlador@6ce253f1
==============================================

ABM: Se creó la estación Tandil
ABM: Se agrego Tandil (Tandil) - Av. España 745 CP:7000 | vías: 4, plataformas: 2
ABM: Se creó la estación Retiro
ABM: Se agrego Retiro (CABA) - Av. Dr. Jose Maria Ramos Mejia 1430 CP:C1104 | vías: 9, plataformas: 6
ABM: Se creó la estación Constitucion
ABM: Se agrego Constitucion (CABA) - Av. Brasil 1128 CP:C1154 | vías: 14, plataformas: 8
ABM: Se creó la estación Canuelas
ABM: Se agrego Canuelas (Canuelas) - Libertad 150 CP:1814 | vías: 3, plataformas: 2
ABM: Se creó la estación Las Flores
ABM: Se agrego Las Flores (Las Flores) - Av. Rivadavia 400 CP:7200 | vías: 2, plataformas: 2
ABM: Se creó la estación Neuquen
ABM: Se agrego Neuquen (capital) - Av. Brasil 1128 CP:C1154 | vías: 14, plataformas: 8
ABM: Se creó la estación Bariloche
ABM: Se agrego Bariloche (Rio negro) - Libertad 150 CP:1814 | vías: 3, plataformas: 2
ABM: Se creó la estación Tierra del fuego
ABM: Se agrego Tierra del fuego (tierra) - Av. Rivadavia 400 CP:7200 | vías: 2, plataformas: 2
ABM: Se creó la estación La Plata
ABM: Se agrego La Plata (Buenos Aires) - Calle 1 100 CP:1900 | vías: 5, plataformas: 4
ABM: Se creó la estación Mar del Plata
ABM: Se agrego Mar del Plata (Buenos Aires) - Av. Luro 200 CP:7600 | vías: 4, plataformas: 3
ABM: Se creó la estación Rosario
ABM: Se agrego Rosario (Santa Fe) - Aristobulo 300 CP:2000 | vías: 6, plataformas: 4
ABM: Se creó la estación Cordoba
ABM: Se agrego Cordoba (Cordoba) - Peron 400 CP:5000 | vías: 5, plataformas: 3
ABM: Se creó la estación Mendoza
ABM: Se agrego Mendoza (Mendoza) - Las Heras 500 CP:5500 | vías: 3, plataformas: 2
ABM: Se creó la estación Tucuman
ABM: Se agrego Tucuman (Tucuman) - Corrientes 600 CP:4000 | vías: 3, plataformas: 2
ABM: Se creó la estación Salta
ABM: Se agrego Salta (Salta) - Balcarce 700 CP:4400 | vías: 2, plataformas: 2
ABM: Se creó la estación San Juan
ABM: Se agrego San Juan (San Juan) - España 800 CP:5400 | vías: 2, plataformas: 2
ABM: Se creó la estación San Luis
ABM: Se agrego San Luis (San Luis) - Illia 900 CP:5700 | vías: 2, plataformas: 2
ABM: Se creó la estación Santa Rosa
ABM: Se agrego Santa Rosa (La Pampa) - Luro 1000 CP:6300 | vías: 2, plataformas: 2
ABM: Se creó la estación Viedma
ABM: Se agrego Viedma (Rio Negro) - Roca 1100 CP:8500 | vías: 2, plataformas: 2
ABM: Se creó la estación Rawson
ABM: Se agrego Rawson (Chubut) - Fontana 1200 CP:9103 | vías: 2, plataformas: 2
ABM: Se agrego Tren  [diesel] pas:6 carga:0 linea:Mitre
ABM: Se agrego Tren  [gasolina] pas:0 carga:0 linea:no-asignado
ABM: Se agrego Tren  [diesel] pas:8 carga:0 linea:Roca-Tandil
ABM: Se agrego Tren  [electrico] pas:8 carga:0 linea:San Martin
ABM: Se agrego Tren  [diesel] pas:5 carga:0 linea:Belgrano Norte
ABM: Se agrego Tren  [gasolina] pas:4 carga:0 linea:Mitre
ABM: Se agrego Tren  [electrico] pas:7 carga:0 linea:Roca-Tandil
ABM: Se agrego Tren  [diesel] pas:6 carga:0 linea:San Martin
ABM: Se agrego Tren  [electrico] pas:9 carga:0 linea:Belgrano Norte
ABM: Se agrego Tren  [diesel] pas:5 carga:0 linea:Mitre
ABM: Se agrego Tren  [gasolina] pas:3 carga:0 linea:no-asignado
ABM: Se agrego Tren  [electrico] pas:10 carga:0 linea:San Martin
ABM: Se agrego Tren  [diesel] pas:7 carga:0 linea:Roca-Tandil
ABM: Se agrego Tren  [diesel] pas:6 carga:0 linea:Belgrano Norte
ABM: Se agrego Tren  [electrico] pas:8 carga:0 linea:Mitre
ABM: Se agrego Tren  [gasolina] pas:4 carga:0 linea:no-asignado
ABM: Se agrego Tren  [diesel] pas:5 carga:0 linea:San Martin
ABM: Se agrego Tren  [electrico] pas:9 carga:0 linea:Roca-Tandil
ABM: Se agrego Tren  [diesel] pas:6 carga:0 linea:Belgrano Norte
ABM: Se agrego Tren  [electrico] pas:7 carga:0 linea:San Martin

=== ESTADO DEL SISTEMA POST-CARGA INICIAL ===
eed.tp.TrenesSaControlador@6ce253f1
==============================================

ABM: Se creó la estación Tandil
ABM: Se agrego Tandil (Tandil) - Av. España 745 CP:7000 | vías: 4, plataformas: 2
ABM: Se creó la estación Retiro
ABM: Se agrego Retiro (CABA) - Av. Dr. Jose Maria Ramos Mejia 1430 CP:C1104 | vías: 9, plataformas: 6
ABM: Se creó la estación Constitucion
ABM: Se agrego Constitucion (CABA) - Av. Brasil 1128 CP:C1154 | vías: 14, plataformas: 8
ABM: Se creó la estación Canuelas
ABM: Se agrego Canuelas (Canuelas) - Libertad 150 CP:1814 | vías: 3, plataformas: 2
ABM: Se creó la estación Las Flores
ABM: Se agrego Las Flores (Las Flores) - Av. Rivadavia 400 CP:7200 | vías: 2, plataformas: 2
ABM: Se creó la estación Neuquen
ABM: Se agrego Neuquen (capital) - Av. Brasil 1128 CP:C1154 | vías: 14, plataformas: 8
ABM: Se creó la estación Bariloche
ABM: Se agrego Bariloche (Rio negro) - Libertad 150 CP:1814 | vías: 3, plataformas: 2
ABM: Se creó la estación Tierra del fuego
ABM: Se agrego Tierra del fuego (tierra) - Av. Rivadavia 400 CP:7200 | vías: 2, plataformas: 2
ABM: Se creó la estación La Plata
ABM: Se agrego La Plata (Buenos Aires) - Calle 1 100 CP:1900 | vías: 5, plataformas: 4
ABM: Se creó la estación Mar del Plata
ABM: Se agrego Mar del Plata (Buenos Aires) - Av. Luro 200 CP:7600 | vías: 4, plataformas: 3
ABM: Se creó la estación Rosario
ABM: Se agrego Rosario (Santa Fe) - Aristobulo 300 CP:2000 | vías: 6, plataformas: 4
ABM: Se creó la estación Cordoba
ABM: Se agrego Cordoba (Cordoba) - Peron 400 CP:5000 | vías: 5, plataformas: 3
ABM: Se creó la estación Mendoza
ABM: Se agrego Mendoza (Mendoza) - Las Heras 500 CP:5500 | vías: 3, plataformas: 2
ABM: Se creó la estación Tucuman
ABM: Se agrego Tucuman (Tucuman) - Corrientes 600 CP:4000 | vías: 3, plataformas: 2
ABM: Se creó la estación Salta
ABM: Se agrego Salta (Salta) - Balcarce 700 CP:4400 | vías: 2, plataformas: 2
ABM: Se creó la estación San Juan
ABM: Se agrego San Juan (San Juan) - España 800 CP:5400 | vías: 2, plataformas: 2
ABM: Se creó la estación San Luis
ABM: Se agrego San Luis (San Luis) - Illia 900 CP:5700 | vías: 2, plataformas: 2
ABM: Se creó la estación Santa Rosa
ABM: Se agrego Santa Rosa (La Pampa) - Luro 1000 CP:6300 | vías: 2, plataformas: 2
ABM: Se creó la estación Viedma
ABM: Se agrego Viedma (Rio Negro) - Roca 1100 CP:8500 | vías: 2, plataformas: 2
ABM: Se creó la estación Rawson
ABM: Se agrego Rawson (Chubut) - Fontana 1200 CP:9103 | vías: 2, plataformas: 2
ABM: Se agrego Tren  [diesel] pas:6 carga:0 linea:Mitre
ABM: Se agrego Tren  [gasolina] pas:0 carga:0 linea:no-asignado
ABM: Se agrego Tren  [diesel] pas:8 carga:0 linea:Roca-Tandil
ABM: Se agrego Tren  [electrico] pas:8 carga:0 linea:San Martin
ABM: Se agrego Tren  [diesel] pas:5 carga:0 linea:Belgrano Norte
ABM: Se agrego Tren  [gasolina] pas:4 carga:0 linea:Mitre
ABM: Se agrego Tren  [electrico] pas:7 carga:0 linea:Roca-Tandil
ABM: Se agrego Tren  [diesel] pas:6 carga:0 linea:San Martin
ABM: Se agrego Tren  [electrico] pas:9 carga:0 linea:Belgrano Norte
ABM: Se agrego Tren  [diesel] pas:5 carga:0 linea:Mitre
ABM: Se agrego Tren  [gasolina] pas:3 carga:0 linea:no-asignado
ABM: Se agrego Tren  [electrico] pas:10 carga:0 linea:San Martin
ABM: Se agrego Tren  [diesel] pas:7 carga:0 linea:Roca-Tandil
ABM: Se agrego Tren  [diesel] pas:6 carga:0 linea:Belgrano Norte
ABM: Se agrego Tren  [electrico] pas:8 carga:0 linea:Mitre
ABM: Se agrego Tren  [gasolina] pas:4 carga:0 linea:no-asignado
ABM: Se agrego Tren  [diesel] pas:5 carga:0 linea:San Martin
ABM: Se agrego Tren  [electrico] pas:9 carga:0 linea:Roca-Tandil
ABM: Se agrego Tren  [diesel] pas:6 carga:0 linea:Belgrano Norte
ABM: Se agrego Tren  [electrico] pas:7 carga:0 linea:San Martin

=== ESTADO DEL SISTEMA POST-CARGA INICIAL ===
eed.tp.TrenesSaControlador@6ce253f1
==============================================

ABM: Se creó la estación Tandil
ABM: Se agrego Tandil (Tandil) - Av. España 745 CP:7000 | vías: 4, plataformas: 2
ABM: Se creó la estación Retiro
ABM: Se agrego Retiro (CABA) - Av. Dr. Jose Maria Ramos Mejia 1430 CP:C1104 | vías: 9, plataformas: 6
ABM: Se creó la estación Constitucion
ABM: Se agrego Constitucion (CABA) - Av. Brasil 1128 CP:C1154 | vías: 14, plataformas: 8
ABM: Se creó la estación Canuelas
ABM: Se agrego Canuelas (Canuelas) - Libertad 150 CP:1814 | vías: 3, plataformas: 2
ABM: Se creó la estación Las Flores
ABM: Se agrego Las Flores (Las Flores) - Av. Rivadavia 400 CP:7200 | vías: 2, plataformas: 2
ABM: Se creó la estación Neuquen
ABM: Se agrego Neuquen (capital) - Av. Brasil 1128 CP:C1154 | vías: 14, plataformas: 8
ABM: Se creó la estación Bariloche
ABM: Se agrego Bariloche (Rio negro) - Libertad 150 CP:1814 | vías: 3, plataformas: 2
ABM: Se creó la estación Tierra del fuego
ABM: Se agrego Tierra del fuego (tierra) - Av. Rivadavia 400 CP:7200 | vías: 2, plataformas: 2
ABM: Se creó la estación La Plata
ABM: Se agrego La Plata (Buenos Aires) - Calle 1 100 CP:1900 | vías: 5, plataformas: 4
ABM: Se creó la estación Mar del Plata
ABM: Se agrego Mar del Plata (Buenos Aires) - Av. Luro 200 CP:7600 | vías: 4, plataformas: 3
ABM: Se creó la estación Rosario
ABM: Se agrego Rosario (Santa Fe) - Aristobulo 300 CP:2000 | vías: 6, plataformas: 4
ABM: Se creó la estación Cordoba
ABM: Se agrego Cordoba (Cordoba) - Peron 400 CP:5000 | vías: 5, plataformas: 3
ABM: Se creó la estación Mendoza
ABM: Se agrego Mendoza (Mendoza) - Las Heras 500 CP:5500 | vías: 3, plataformas: 2
ABM: Se creó la estación Tucuman
ABM: Se agrego Tucuman (Tucuman) - Corrientes 600 CP:4000 | vías: 3, plataformas: 2
ABM: Se creó la estación Salta
ABM: Se agrego Salta (Salta) - Balcarce 700 CP:4400 | vías: 2, plataformas: 2
ABM: Se creó la estación San Juan
ABM: Se agrego San Juan (San Juan) - España 800 CP:5400 | vías: 2, plataformas: 2
ABM: Se creó la estación San Luis
ABM: Se agrego San Luis (San Luis) - Illia 900 CP:5700 | vías: 2, plataformas: 2
ABM: Se creó la estación Santa Rosa
ABM: Se agrego Santa Rosa (La Pampa) - Luro 1000 CP:6300 | vías: 2, plataformas: 2
ABM: Se creó la estación Viedma
ABM: Se agrego Viedma (Rio Negro) - Roca 1100 CP:8500 | vías: 2, plataformas: 2
ABM: Se creó la estación Rawson
ABM: Se agrego Rawson (Chubut) - Fontana 1200 CP:9103 | vías: 2, plataformas: 2
ABM: Se agrego Tren  [diesel] pas:6 carga:0 linea:Mitre
ABM: Se agrego Tren  [gasolina] pas:0 carga:0 linea:no-asignado
ABM: Se agrego Tren  [diesel] pas:8 carga:0 linea:Roca-Tandil
ABM: Se agrego Tren  [electrico] pas:8 carga:0 linea:San Martin
ABM: Se agrego Tren  [diesel] pas:5 carga:0 linea:Belgrano Norte
ABM: Se agrego Tren  [gasolina] pas:4 carga:0 linea:Mitre
ABM: Se agrego Tren  [electrico] pas:7 carga:0 linea:Roca-Tandil
ABM: Se agrego Tren  [diesel] pas:6 carga:0 linea:San Martin
ABM: Se agrego Tren  [electrico] pas:9 carga:0 linea:Belgrano Norte
ABM: Se agrego Tren  [diesel] pas:5 carga:0 linea:Mitre
ABM: Se agrego Tren  [gasolina] pas:3 carga:0 linea:no-asignado
ABM: Se agrego Tren  [electrico] pas:10 carga:0 linea:San Martin
ABM: Se agrego Tren  [diesel] pas:7 carga:0 linea:Roca-Tandil
ABM: Se agrego Tren  [diesel] pas:6 carga:0 linea:Belgrano Norte
ABM: Se agrego Tren  [electrico] pas:8 carga:0 linea:Mitre
ABM: Se agrego Tren  [gasolina] pas:4 carga:0 linea:no-asignado
ABM: Se agrego Tren  [diesel] pas:5 carga:0 linea:San Martin
ABM: Se agrego Tren  [electrico] pas:9 carga:0 linea:Roca-Tandil
ABM: Se agrego Tren  [diesel] pas:6 carga:0 linea:Belgrano Norte
ABM: Se agrego Tren  [electrico] pas:7 carga:0 linea:San Martin

=== ESTADO DEL SISTEMA POST-CARGA INICIAL ===
eed.tp.TrenesSaControlador@6ce253f1
==============================================

ABM: Se creó la estación Tandil
ABM: Se agrego Tandil (Tandil) - Av. España 745 CP:7000 | vías: 4, plataformas: 2
ABM: Se creó la estación Retiro
ABM: Se agrego Retiro (CABA) - Av. Dr. Jose Maria Ramos Mejia 1430 CP:C1104 | vías: 9, plataformas: 6
ABM: Se creó la estación Constitucion
ABM: Se agrego Constitucion (CABA) - Av. Brasil 1128 CP:C1154 | vías: 14, plataformas: 8
ABM: Se creó la estación Canuelas
ABM: Se agrego Canuelas (Canuelas) - Libertad 150 CP:1814 | vías: 3, plataformas: 2
ABM: Se creó la estación Las Flores
ABM: Se agrego Las Flores (Las Flores) - Av. Rivadavia 400 CP:7200 | vías: 2, plataformas: 2
ABM: Se creó la estación Neuquen
ABM: Se agrego Neuquen (capital) - Av. Brasil 1128 CP:C1154 | vías: 14, plataformas: 8
ABM: Se creó la estación Bariloche
ABM: Se agrego Bariloche (Rio negro) - Libertad 150 CP:1814 | vías: 3, plataformas: 2
ABM: Se creó la estación Tierra del fuego
ABM: Se agrego Tierra del fuego (tierra) - Av. Rivadavia 400 CP:7200 | vías: 2, plataformas: 2
ABM: Se creó la estación La Plata
ABM: Se agrego La Plata (Buenos Aires) - Calle 1 100 CP:1900 | vías: 5, plataformas: 4
ABM: Se creó la estación Mar del Plata
ABM: Se agrego Mar del Plata (Buenos Aires) - Av. Luro 200 CP:7600 | vías: 4, plataformas: 3
ABM: Se creó la estación Rosario
ABM: Se agrego Rosario (Santa Fe) - Aristobulo 300 CP:2000 | vías: 6, plataformas: 4
ABM: Se creó la estación Cordoba
ABM: Se agrego Cordoba (Cordoba) - Peron 400 CP:5000 | vías: 5, plataformas: 3
ABM: Se creó la estación Mendoza
ABM: Se agrego Mendoza (Mendoza) - Las Heras 500 CP:5500 | vías: 3, plataformas: 2
ABM: Se creó la estación Tucuman
ABM: Se agrego Tucuman (Tucuman) - Corrientes 600 CP:4000 | vías: 3, plataformas: 2
ABM: Se creó la estación Salta
ABM: Se agrego Salta (Salta) - Balcarce 700 CP:4400 | vías: 2, plataformas: 2
ABM: Se creó la estación San Juan
ABM: Se agrego San Juan (San Juan) - España 800 CP:5400 | vías: 2, plataformas: 2
ABM: Se creó la estación San Luis
ABM: Se agrego San Luis (San Luis) - Illia 900 CP:5700 | vías: 2, plataformas: 2
ABM: Se creó la estación Santa Rosa
ABM: Se agrego Santa Rosa (La Pampa) - Luro 1000 CP:6300 | vías: 2, plataformas: 2
ABM: Se creó la estación Viedma
ABM: Se agrego Viedma (Rio Negro) - Roca 1100 CP:8500 | vías: 2, plataformas: 2
ABM: Se creó la estación Rawson
ABM: Se agrego Rawson (Chubut) - Fontana 1200 CP:9103 | vías: 2, plataformas: 2
ABM: Se agrego Tren  [diesel] pas:6 carga:0 linea:Mitre
ABM: Se agrego Tren  [gasolina] pas:0 carga:0 linea:no-asignado
ABM: Se agrego Tren  [diesel] pas:8 carga:0 linea:Roca-Tandil
ABM: Se agrego Tren  [electrico] pas:8 carga:0 linea:San Martin
ABM: Se agrego Tren  [diesel] pas:5 carga:0 linea:Belgrano Norte
ABM: Se agrego Tren  [gasolina] pas:4 carga:0 linea:Mitre
ABM: Se agrego Tren  [electrico] pas:7 carga:0 linea:Roca-Tandil
ABM: Se agrego Tren  [diesel] pas:6 carga:0 linea:San Martin
ABM: Se agrego Tren  [electrico] pas:9 carga:0 linea:Belgrano Norte
ABM: Se agrego Tren  [diesel] pas:5 carga:0 linea:Mitre
ABM: Se agrego Tren  [gasolina] pas:3 carga:0 linea:no-asignado
ABM: Se agrego Tren  [electrico] pas:10 carga:0 linea:San Martin
ABM: Se agrego Tren  [diesel] pas:7 carga:0 linea:Roca-Tandil
ABM: Se agrego Tren  [diesel] pas:6 carga:0 linea:Belgrano Norte
ABM: Se agrego Tren  [electrico] pas:8 carga:0 linea:Mitre
ABM: Se agrego Tren  [gasolina] pas:4 carga:0 linea:no-asignado
ABM: Se agrego Tren  [diesel] pas:5 carga:0 linea:San Martin
ABM: Se agrego Tren  [electrico] pas:9 carga:0 linea:Roca-Tandil
ABM: Se agrego Tren  [diesel] pas:6 carga:0 linea:Belgrano Norte
ABM: Se agrego Tren  [electrico] pas:7 carga:0 linea:San Martin

=== ESTADO DEL SISTEMA POST-CARGA INICIAL ===
eed.tp.TrenesSaControlador@6ce253f1
==============================================

ABM: Se creó la estación Tandil
ABM: Se agrego Tandil (Tandil) - Av. España 745 CP:7000 | vías: 4, plataformas: 2
ABM: Se creó la estación Retiro
ABM: Se agrego Retiro (CABA) - Av. Dr. Jose Maria Ramos Mejia 1430 CP:C1104 | vías: 9, plataformas: 6
ABM: Se creó la estación Constitucion
ABM: Se agrego Constitucion (CABA) - Av. Brasil 1128 CP:C1154 | vías: 14, plataformas: 8
ABM: Se creó la estación Canuelas
ABM: Se agrego Canuelas (Canuelas) - Libertad 150 CP:1814 | vías: 3, plataformas: 2
ABM: Se creó la estación Las Flores
ABM: Se agrego Las Flores (Las Flores) - Av. Rivadavia 400 CP:7200 | vías: 2, plataformas: 2
ABM: Se creó la estación Neuquen
ABM: Se agrego Neuquen (capital) - Av. Brasil 1128 CP:C1154 | vías: 14, plataformas: 8
ABM: Se creó la estación Bariloche
ABM: Se agrego Bariloche (Rio negro) - Libertad 150 CP:1814 | vías: 3, plataformas: 2
ABM: Se creó la estación Tierra del fuego
ABM: Se agrego Tierra del fuego (tierra) - Av. Rivadavia 400 CP:7200 | vías: 2, plataformas: 2
ABM: Se creó la estación La Plata
ABM: Se agrego La Plata (Buenos Aires) - Calle 1 100 CP:1900 | vías: 5, plataformas: 4
ABM: Se creó la estación Mar del Plata
ABM: Se agrego Mar del Plata (Buenos Aires) - Av. Luro 200 CP:7600 | vías: 4, plataformas: 3
ABM: Se creó la estación Rosario
ABM: Se agrego Rosario (Santa Fe) - Aristobulo 300 CP:2000 | vías: 6, plataformas: 4
ABM: Se creó la estación Cordoba
ABM: Se agrego Cordoba (Cordoba) - Peron 400 CP:5000 | vías: 5, plataformas: 3
ABM: Se creó la estación Mendoza
ABM: Se agrego Mendoza (Mendoza) - Las Heras 500 CP:5500 | vías: 3, plataformas: 2
ABM: Se creó la estación Tucuman
ABM: Se agrego Tucuman (Tucuman) - Corrientes 600 CP:4000 | vías: 3, plataformas: 2
ABM: Se creó la estación Salta
ABM: Se agrego Salta (Salta) - Balcarce 700 CP:4400 | vías: 2, plataformas: 2
ABM: Se creó la estación San Juan
ABM: Se agrego San Juan (San Juan) - España 800 CP:5400 | vías: 2, plataformas: 2
ABM: Se creó la estación San Luis
ABM: Se agrego San Luis (San Luis) - Illia 900 CP:5700 | vías: 2, plataformas: 2
ABM: Se creó la estación Santa Rosa
ABM: Se agrego Santa Rosa (La Pampa) - Luro 1000 CP:6300 | vías: 2, plataformas: 2
ABM: Se creó la estación Viedma
ABM: Se agrego Viedma (Rio Negro) - Roca 1100 CP:8500 | vías: 2, plataformas: 2
ABM: Se creó la estación Rawson
ABM: Se agrego Rawson (Chubut) - Fontana 1200 CP:9103 | vías: 2, plataformas: 2
ABM: Se agrego Tren  [diesel] pas:6 carga:0 linea:Mitre
ABM: Se agrego Tren  [gasolina] pas:0 carga:0 linea:no-asignado
ABM: Se agrego Tren  [diesel] pas:8 carga:0 linea:Roca-Tandil
ABM: Se agrego Tren  [electrico] pas:8 carga:0 linea:San Martin
ABM: Se agrego Tren  [diesel] pas:5 carga:0 linea:Belgrano Norte
ABM: Se agrego Tren  [gasolina] pas:4 carga:0 linea:Mitre
ABM: Se agrego Tren  [electrico] pas:7 carga:0 linea:Roca-Tandil
ABM: Se agrego Tren  [diesel] pas:6 carga:0 linea:San Martin
ABM: Se agrego Tren  [electrico] pas:9 carga:0 linea:Belgrano Norte
ABM: Se agrego Tren  [diesel] pas:5 carga:0 linea:Mitre
ABM: Se agrego Tren  [gasolina] pas:3 carga:0 linea:no-asignado
ABM: Se agrego Tren  [electrico] pas:10 carga:0 linea:San Martin
ABM: Se agrego Tren  [diesel] pas:7 carga:0 linea:Roca-Tandil
ABM: Se agrego Tren  [diesel] pas:6 carga:0 linea:Belgrano Norte
ABM: Se agrego Tren  [electrico] pas:8 carga:0 linea:Mitre
ABM: Se agrego Tren  [gasolina] pas:4 carga:0 linea:no-asignado
ABM: Se agrego Tren  [diesel] pas:5 carga:0 linea:San Martin
ABM: Se agrego Tren  [electrico] pas:9 carga:0 linea:Roca-Tandil
ABM: Se agrego Tren  [diesel] pas:6 carga:0 linea:Belgrano Norte
ABM: Se agrego Tren  [electrico] pas:7 carga:0 linea:San Martin

=== ESTADO DEL SISTEMA POST-CARGA INICIAL ===
eed.tp.TrenesSaControlador@6ce253f1
==============================================

ABM: Se creó la estación Tandil
ABM: Se agrego Tandil (Tandil) - Av. España 745 CP:7000 | vías: 4, plataformas: 2
ABM: Se creó la estación Retiro
ABM: Se agrego Retiro (CABA) - Av. Dr. Jose Maria Ramos Mejia 1430 CP:C1104 | vías: 9, plataformas: 6
ABM: Se creó la estación Constitucion
ABM: Se agrego Constitucion (CABA) - Av. Brasil 1128 CP:C1154 | vías: 14, plataformas: 8
ABM: Se creó la estación Canuelas
ABM: Se agrego Canuelas (Canuelas) - Libertad 150 CP:1814 | vías: 3, plataformas: 2
ABM: Se creó la estación Las Flores
ABM: Se agrego Las Flores (Las Flores) - Av. Rivadavia 400 CP:7200 | vías: 2, plataformas: 2
ABM: Se creó la estación Neuquen
ABM: Se agrego Neuquen (capital) - Av. Brasil 1128 CP:C1154 | vías: 14, plataformas: 8
ABM: Se creó la estación Bariloche
ABM: Se agrego Bariloche (Rio negro) - Libertad 150 CP:1814 | vías: 3, plataformas: 2
ABM: Se creó la estación Tierra del fuego
ABM: Se agrego Tierra del fuego (tierra) - Av. Rivadavia 400 CP:7200 | vías: 2, plataformas: 2
ABM: Se creó la estación La Plata
ABM: Se agrego La Plata (Buenos Aires) - Calle 1 100 CP:1900 | vías: 5, plataformas: 4
ABM: Se creó la estación Mar del Plata
ABM: Se agrego Mar del Plata (Buenos Aires) - Av. Luro 200 CP:7600 | vías: 4, plataformas: 3
ABM: Se creó la estación Rosario
ABM: Se agrego Rosario (Santa Fe) - Aristobulo 300 CP:2000 | vías: 6, plataformas: 4
ABM: Se creó la estación Cordoba
ABM: Se agrego Cordoba (Cordoba) - Peron 400 CP:5000 | vías: 5, plataformas: 3
ABM: Se creó la estación Mendoza
ABM: Se agrego Mendoza (Mendoza) - Las Heras 500 CP:5500 | vías: 3, plataformas: 2
ABM: Se creó la estación Tucuman
ABM: Se agrego Tucuman (Tucuman) - Corrientes 600 CP:4000 | vías: 3, plataformas: 2
ABM: Se creó la estación Salta
ABM: Se agrego Salta (Salta) - Balcarce 700 CP:4400 | vías: 2, plataformas: 2
ABM: Se creó la estación San Juan
ABM: Se agrego San Juan (San Juan) - España 800 CP:5400 | vías: 2, plataformas: 2
ABM: Se creó la estación San Luis
ABM: Se agrego San Luis (San Luis) - Illia 900 CP:5700 | vías: 2, plataformas: 2
ABM: Se creó la estación Santa Rosa
ABM: Se agrego Santa Rosa (La Pampa) - Luro 1000 CP:6300 | vías: 2, plataformas: 2
ABM: Se creó la estación Viedma
ABM: Se agrego Viedma (Rio Negro) - Roca 1100 CP:8500 | vías: 2, plataformas: 2
ABM: Se creó la estación Rawson
ABM: Se agrego Rawson (Chubut) - Fontana 1200 CP:9103 | vías: 2, plataformas: 2
ABM: Se agrego Tren  [diesel] pas:6 carga:0 linea:Mitre
ABM: Se agrego Tren  [gasolina] pas:0 carga:0 linea:no-asignado
ABM: Se agrego Tren  [diesel] pas:8 carga:0 linea:Roca-Tandil
ABM: Se agrego Tren  [electrico] pas:8 carga:0 linea:San Martin
ABM: Se agrego Tren  [diesel] pas:5 carga:0 linea:Belgrano Norte
ABM: Se agrego Tren  [gasolina] pas:4 carga:0 linea:Mitre
ABM: Se agrego Tren  [electrico] pas:7 carga:0 linea:Roca-Tandil
ABM: Se agrego Tren  [diesel] pas:6 carga:0 linea:San Martin
ABM: Se agrego Tren  [electrico] pas:9 carga:0 linea:Belgrano Norte
ABM: Se agrego Tren  [diesel] pas:5 carga:0 linea:Mitre
ABM: Se agrego Tren  [gasolina] pas:3 carga:0 linea:no-asignado
ABM: Se agrego Tren  [electrico] pas:10 carga:0 linea:San Martin
ABM: Se agrego Tren  [diesel] pas:7 carga:0 linea:Roca-Tandil
ABM: Se agrego Tren  [diesel] pas:6 carga:0 linea:Belgrano Norte
ABM: Se agrego Tren  [electrico] pas:8 carga:0 linea:Mitre
ABM: Se agrego Tren  [gasolina] pas:4 carga:0 linea:no-asignado
ABM: Se agrego Tren  [diesel] pas:5 carga:0 linea:San Martin
ABM: Se agrego Tren  [electrico] pas:9 carga:0 linea:Roca-Tandil
ABM: Se agrego Tren  [diesel] pas:6 carga:0 linea:Belgrano Norte
ABM: Se agrego Tren  [electrico] pas:7 carga:0 linea:San Martin

=== ESTADO DEL SISTEMA POST-CARGA INICIAL ===
eed.tp.TrenesSaControlador@6ce253f1
==============================================

ABM: Se creó la estación Tandil
ABM: Se agrego Tandil (Tandil) - Av. España 745 CP:7000 | vías: 4, plataformas: 2
ABM: Se creó la estación Retiro
ABM: Se agrego Retiro (CABA) - Av. Dr. Jose Maria Ramos Mejia 1430 CP:C1104 | vías: 9, plataformas: 6
ABM: Se creó la estación Constitucion
ABM: Se agrego Constitucion (CABA) - Av. Brasil 1128 CP:C1154 | vías: 14, plataformas: 8
ABM: Se creó la estación Canuelas
ABM: Se agrego Canuelas (Canuelas) - Libertad 150 CP:1814 | vías: 3, plataformas: 2
ABM: Se creó la estación Las Flores
ABM: Se agrego Las Flores (Las Flores) - Av. Rivadavia 400 CP:7200 | vías: 2, plataformas: 2
ABM: Se creó la estación Neuquen
ABM: Se agrego Neuquen (capital) - Av. Brasil 1128 CP:C1154 | vías: 14, plataformas: 8
ABM: Se creó la estación Bariloche
ABM: Se agrego Bariloche (Rio negro) - Libertad 150 CP:1814 | vías: 3, plataformas: 2
ABM: Se creó la estación Tierra del fuego
ABM: Se agrego Tierra del fuego (tierra) - Av. Rivadavia 400 CP:7200 | vías: 2, plataformas: 2
ABM: Se creó la estación La Plata
ABM: Se agrego La Plata (Buenos Aires) - Calle 1 100 CP:1900 | vías: 5, plataformas: 4
ABM: Se creó la estación Mar del Plata
ABM: Se agrego Mar del Plata (Buenos Aires) - Av. Luro 200 CP:7600 | vías: 4, plataformas: 3
ABM: Se creó la estación Rosario
ABM: Se agrego Rosario (Santa Fe) - Aristobulo 300 CP:2000 | vías: 6, plataformas: 4
ABM: Se creó la estación Cordoba
ABM: Se agrego Cordoba (Cordoba) - Peron 400 CP:5000 | vías: 5, plataformas: 3
ABM: Se creó la estación Mendoza
ABM: Se agrego Mendoza (Mendoza) - Las Heras 500 CP:5500 | vías: 3, plataformas: 2
ABM: Se creó la estación Tucuman
ABM: Se agrego Tucuman (Tucuman) - Corrientes 600 CP:4000 | vías: 3, plataformas: 2
ABM: Se creó la estación Salta
ABM: Se agrego Salta (Salta) - Balcarce 700 CP:4400 | vías: 2, plataformas: 2
ABM: Se creó la estación San Juan
ABM: Se agrego San Juan (San Juan) - España 800 CP:5400 | vías: 2, plataformas: 2
ABM: Se creó la estación San Luis
ABM: Se agrego San Luis (San Luis) - Illia 900 CP:5700 | vías: 2, plataformas: 2
ABM: Se creó la estación Santa Rosa
ABM: Se agrego Santa Rosa (La Pampa) - Luro 1000 CP:6300 | vías: 2, plataformas: 2
ABM: Se creó la estación Viedma
ABM: Se agrego Viedma (Rio Negro) - Roca 1100 CP:8500 | vías: 2, plataformas: 2
ABM: Se creó la estación Rawson
ABM: Se agrego Rawson (Chubut) - Fontana 1200 CP:9103 | vías: 2, plataformas: 2
ABM: Se agrego Tren  [diesel] pas:6 carga:0 linea:Mitre
ABM: Se agrego Tren  [gasolina] pas:0 carga:0 linea:no-asignado
ABM: Se agrego Tren  [diesel] pas:8 carga:0 linea:Roca-Tandil
ABM: Se agrego Tren  [electrico] pas:8 carga:0 linea:San Martin
ABM: Se agrego Tren  [diesel] pas:5 carga:0 linea:Belgrano Norte
ABM: Se agrego Tren  [gasolina] pas:4 carga:0 linea:Mitre
ABM: Se agrego Tren  [electrico] pas:7 carga:0 linea:Roca-Tandil
ABM: Se agrego Tren  [diesel] pas:6 carga:0 linea:San Martin
ABM: Se agrego Tren  [electrico] pas:9 carga:0 linea:Belgrano Norte
ABM: Se agrego Tren  [diesel] pas:5 carga:0 linea:Mitre
ABM: Se agrego Tren  [gasolina] pas:3 carga:0 linea:no-asignado
ABM: Se agrego Tren  [electrico] pas:10 carga:0 linea:San Martin
ABM: Se agrego Tren  [diesel] pas:7 carga:0 linea:Roca-Tandil
ABM: Se agrego Tren  [diesel] pas:6 carga:0 linea:Belgrano Norte
ABM: Se agrego Tren  [electrico] pas:8 carga:0 linea:Mitre
ABM: Se agrego Tren  [gasolina] pas:4 carga:0 linea:no-asignado
ABM: Se agrego Tren  [diesel] pas:5 carga:0 linea:San Martin
ABM: Se agrego Tren  [electrico] pas:9 carga:0 linea:Roca-Tandil
ABM: Se agrego Tren  [diesel] pas:6 carga:0 linea:Belgrano Norte
ABM: Se agrego Tren  [electrico] pas:7 carga:0 linea:San Martin

=== ESTADO DEL SISTEMA POST-CARGA INICIAL ===
eed.tp.TrenesSaControlador@6ce253f1
==============================================

ABM: Se creó la estación Tandil
ABM: Se agrego Tandil (Tandil) - Av. España 745 CP:7000 | vías: 4, plataformas: 2
ABM: Se creó la estación Retiro
ABM: Se agrego Retiro (CABA) - Av. Dr. Jose Maria Ramos Mejia 1430 CP:C1104 | vías: 9, plataformas: 6
ABM: Se creó la estación Constitucion
ABM: Se agrego Constitucion (CABA) - Av. Brasil 1128 CP:C1154 | vías: 14, plataformas: 8
ABM: Se creó la estación Canuelas
ABM: Se agrego Canuelas (Canuelas) - Libertad 150 CP:1814 | vías: 3, plataformas: 2
ABM: Se creó la estación Las Flores
ABM: Se agrego Las Flores (Las Flores) - Av. Rivadavia 400 CP:7200 | vías: 2, plataformas: 2
ABM: Se creó la estación Neuquen
ABM: Se agrego Neuquen (capital) - Av. Brasil 1128 CP:C1154 | vías: 14, plataformas: 8
ABM: Se creó la estación Bariloche
ABM: Se agrego Bariloche (Rio negro) - Libertad 150 CP:1814 | vías: 3, plataformas: 2
ABM: Se creó la estación Tierra del fuego
ABM: Se agrego Tierra del fuego (tierra) - Av. Rivadavia 400 CP:7200 | vías: 2, plataformas: 2
ABM: Se creó la estación La Plata
ABM: Se agrego La Plata (Buenos Aires) - Calle 1 100 CP:1900 | vías: 5, plataformas: 4
ABM: Se creó la estación Mar del Plata
ABM: Se agrego Mar del Plata (Buenos Aires) - Av. Luro 200 CP:7600 | vías: 4, plataformas: 3
ABM: Se creó la estación Rosario
ABM: Se agrego Rosario (Santa Fe) - Aristobulo 300 CP:2000 | vías: 6, plataformas: 4
ABM: Se creó la estación Cordoba
ABM: Se agrego Cordoba (Cordoba) - Peron 400 CP:5000 | vías: 5, plataformas: 3
ABM: Se creó la estación Mendoza
ABM: Se agrego Mendoza (Mendoza) - Las Heras 500 CP:5500 | vías: 3, plataformas: 2
ABM: Se creó la estación Tucuman
ABM: Se agrego Tucuman (Tucuman) - Corrientes 600 CP:4000 | vías: 3, plataformas: 2
ABM: Se creó la estación Salta
ABM: Se agrego Salta (Salta) - Balcarce 700 CP:4400 | vías: 2, plataformas: 2
ABM: Se creó la estación San Juan
ABM: Se agrego San Juan (San Juan) - España 800 CP:5400 | vías: 2, plataformas: 2
ABM: Se creó la estación San Luis
ABM: Se agrego San Luis (San Luis) - Illia 900 CP:5700 | vías: 2, plataformas: 2
ABM: Se creó la estación Santa Rosa
ABM: Se agrego Santa Rosa (La Pampa) - Luro 1000 CP:6300 | vías: 2, plataformas: 2
ABM: Se creó la estación Viedma
ABM: Se agrego Viedma (Rio Negro) - Roca 1100 CP:8500 | vías: 2, plataformas: 2
ABM: Se creó la estación Rawson
ABM: Se agrego Rawson (Chubut) - Fontana 1200 CP:9103 | vías: 2, plataformas: 2
ABM: Se agrego Tren  [diesel] pas:6 carga:0 linea:Mitre
ABM: Se agrego Tren  [gasolina] pas:0 carga:0 linea:no-asignado
ABM: Se agrego Tren  [diesel] pas:8 carga:0 linea:Roca-Tandil
ABM: Se agrego Tren  [electrico] pas:8 carga:0 linea:San Martin
ABM: Se agrego Tren  [diesel] pas:5 carga:0 linea:Belgrano Norte
ABM: Se agrego Tren  [gasolina] pas:4 carga:0 linea:Mitre
ABM: Se agrego Tren  [electrico] pas:7 carga:0 linea:Roca-Tandil
ABM: Se agrego Tren  [diesel] pas:6 carga:0 linea:San Martin
ABM: Se agrego Tren  [electrico] pas:9 carga:0 linea:Belgrano Norte
ABM: Se agrego Tren  [diesel] pas:5 carga:0 linea:Mitre
ABM: Se agrego Tren  [gasolina] pas:3 carga:0 linea:no-asignado
ABM: Se agrego Tren  [electrico] pas:10 carga:0 linea:San Martin
ABM: Se agrego Tren  [diesel] pas:7 carga:0 linea:Roca-Tandil
ABM: Se agrego Tren  [diesel] pas:6 carga:0 linea:Belgrano Norte
ABM: Se agrego Tren  [electrico] pas:8 carga:0 linea:Mitre
ABM: Se agrego Tren  [gasolina] pas:4 carga:0 linea:no-asignado
ABM: Se agrego Tren  [diesel] pas:5 carga:0 linea:San Martin
ABM: Se agrego Tren  [electrico] pas:9 carga:0 linea:Roca-Tandil
ABM: Se agrego Tren  [diesel] pas:6 carga:0 linea:Belgrano Norte
ABM: Se agrego Tren  [electrico] pas:7 carga:0 linea:San Martin

=== ESTADO DEL SISTEMA POST-CARGA INICIAL ===
eed.tp.TrenesSaControlador@6ce253f1
==============================================

ABM: Se creó la estación Tandil
ABM: Se agrego Tandil (Tandil) - Av. España 745 CP:7000 | vías: 4, plataformas: 2
ABM: Se creó la estación Retiro
ABM: Se agrego Retiro (CABA) - Av. Dr. Jose Maria Ramos Mejia 1430 CP:C1104 | vías: 9, plataformas: 6
ABM: Se creó la estación Constitucion
ABM: Se agrego Constitucion (CABA) - Av. Brasil 1128 CP:C1154 | vías: 14, plataformas: 8
ABM: Se creó la estación Canuelas
ABM: Se agrego Canuelas (Canuelas) - Libertad 150 CP:1814 | vías: 3, plataformas: 2
ABM: Se creó la estación Las Flores
ABM: Se agrego Las Flores (Las Flores) - Av. Rivadavia 400 CP:7200 | vías: 2, plataformas: 2
ABM: Se creó la estación Neuquen
ABM: Se agrego Neuquen (capital) - Av. Brasil 1128 CP:C1154 | vías: 14, plataformas: 8
ABM: Se creó la estación Bariloche
ABM: Se agrego Bariloche (Rio negro) - Libertad 150 CP:1814 | vías: 3, plataformas: 2
ABM: Se creó la estación Tierra del fuego
ABM: Se agrego Tierra del fuego (tierra) - Av. Rivadavia 400 CP:7200 | vías: 2, plataformas: 2
ABM: Se creó la estación La Plata
ABM: Se agrego La Plata (Buenos Aires) - Calle 1 100 CP:1900 | vías: 5, plataformas: 4
ABM: Se creó la estación Mar del Plata
ABM: Se agrego Mar del Plata (Buenos Aires) - Av. Luro 200 CP:7600 | vías: 4, plataformas: 3
ABM: Se creó la estación Rosario
ABM: Se agrego Rosario (Santa Fe) - Aristobulo 300 CP:2000 | vías: 6, plataformas: 4
ABM: Se creó la estación Cordoba
ABM: Se agrego Cordoba (Cordoba) - Peron 400 CP:5000 | vías: 5, plataformas: 3
ABM: Se creó la estación Mendoza
ABM: Se agrego Mendoza (Mendoza) - Las Heras 500 CP:5500 | vías: 3, plataformas: 2
ABM: Se creó la estación Tucuman
ABM: Se agrego Tucuman (Tucuman) - Corrientes 600 CP:4000 | vías: 3, plataformas: 2
ABM: Se creó la estación Salta
ABM: Se agrego Salta (Salta) - Balcarce 700 CP:4400 | vías: 2, plataformas: 2
ABM: Se creó la estación San Juan
ABM: Se agrego San Juan (San Juan) - España 800 CP:5400 | vías: 2, plataformas: 2
ABM: Se creó la estación San Luis
ABM: Se agrego San Luis (San Luis) - Illia 900 CP:5700 | vías: 2, plataformas: 2
ABM: Se creó la estación Santa Rosa
ABM: Se agrego Santa Rosa (La Pampa) - Luro 1000 CP:6300 | vías: 2, plataformas: 2
ABM: Se creó la estación Viedma
ABM: Se agrego Viedma (Rio Negro) - Roca 1100 CP:8500 | vías: 2, plataformas: 2
ABM: Se creó la estación Rawson
ABM: Se agrego Rawson (Chubut) - Fontana 1200 CP:9103 | vías: 2, plataformas: 2
ABM: Se agrego Tren  [diesel] pas:6 carga:0 linea:Mitre
ABM: Se agrego Tren  [gasolina] pas:0 carga:0 linea:no-asignado
ABM: Se agrego Tren  [diesel] pas:8 carga:0 linea:Roca-Tandil
ABM: Se agrego Tren  [electrico] pas:8 carga:0 linea:San Martin
ABM: Se agrego Tren  [diesel] pas:5 carga:0 linea:Belgrano Norte
ABM: Se agrego Tren  [gasolina] pas:4 carga:0 linea:Mitre
ABM: Se agrego Tren  [electrico] pas:7 carga:0 linea:Roca-Tandil
ABM: Se agrego Tren  [diesel] pas:6 carga:0 linea:San Martin
ABM: Se agrego Tren  [electrico] pas:9 carga:0 linea:Belgrano Norte
ABM: Se agrego Tren  [diesel] pas:5 carga:0 linea:Mitre
ABM: Se agrego Tren  [gasolina] pas:3 carga:0 linea:no-asignado
ABM: Se agrego Tren  [electrico] pas:10 carga:0 linea:San Martin
ABM: Se agrego Tren  [diesel] pas:7 carga:0 linea:Roca-Tandil
ABM: Se agrego Tren  [diesel] pas:6 carga:0 linea:Belgrano Norte
ABM: Se agrego Tren  [electrico] pas:8 carga:0 linea:Mitre
ABM: Se agrego Tren  [gasolina] pas:4 carga:0 linea:no-asignado
ABM: Se agrego Tren  [diesel] pas:5 carga:0 linea:San Martin
ABM: Se agrego Tren  [electrico] pas:9 carga:0 linea:Roca-Tandil
ABM: Se agrego Tren  [diesel] pas:6 carga:0 linea:Belgrano Norte
ABM: Se agrego Tren  [electrico] pas:7 carga:0 linea:San Martin

=== ESTADO DEL SISTEMA POST-CARGA INICIAL ===
eed.tp.TrenesSaControlador@6ce253f1
==============================================

ABM: Se creó la estación Tandil
ABM: Se agrego Tandil (Tandil) - Av. España 745 CP:7000 | vías: 4, plataformas: 2
ABM: Se creó la estación Retiro
ABM: Se agrego Retiro (CABA) - Av. Dr. Jose Maria Ramos Mejia 1430 CP:C1104 | vías: 9, plataformas: 6
ABM: Se creó la estación Constitucion
ABM: Se agrego Constitucion (CABA) - Av. Brasil 1128 CP:C1154 | vías: 14, plataformas: 8
ABM: Se creó la estación Canuelas
ABM: Se agrego Canuelas (Canuelas) - Libertad 150 CP:1814 | vías: 3, plataformas: 2
ABM: Se creó la estación Las Flores
ABM: Se agrego Las Flores (Las Flores) - Av. Rivadavia 400 CP:7200 | vías: 2, plataformas: 2
ABM: Se creó la estación Neuquen
ABM: Se agrego Neuquen (capital) - Av. Brasil 1128 CP:C1154 | vías: 14, plataformas: 8
ABM: Se creó la estación Bariloche
ABM: Se agrego Bariloche (Rio negro) - Libertad 150 CP:1814 | vías: 3, plataformas: 2
ABM: Se creó la estación Tierra del fuego
ABM: Se agrego Tierra del fuego (tierra) - Av. Rivadavia 400 CP:7200 | vías: 2, plataformas: 2
ABM: Se creó la estación La Plata
ABM: Se agrego La Plata (Buenos Aires) - Calle 1 100 CP:1900 | vías: 5, plataformas: 4
ABM: Se creó la estación Mar del Plata
ABM: Se agrego Mar del Plata (Buenos Aires) - Av. Luro 200 CP:7600 | vías: 4, plataformas: 3
ABM: Se creó la estación Rosario
ABM: Se agrego Rosario (Santa Fe) - Aristobulo 300 CP:2000 | vías: 6, plataformas: 4
ABM: Se creó la estación Cordoba
ABM: Se agrego Cordoba (Cordoba) - Peron 400 CP:5000 | vías: 5, plataformas: 3
ABM: Se creó la estación Mendoza
ABM: Se agrego Mendoza (Mendoza) - Las Heras 500 CP:5500 | vías: 3, plataformas: 2
ABM: Se creó la estación Tucuman
ABM: Se agrego Tucuman (Tucuman) - Corrientes 600 CP:4000 | vías: 3, plataformas: 2
ABM: Se creó la estación Salta
ABM: Se agrego Salta (Salta) - Balcarce 700 CP:4400 | vías: 2, plataformas: 2
ABM: Se creó la estación San Juan
ABM: Se agrego San Juan (San Juan) - España 800 CP:5400 | vías: 2, plataformas: 2
ABM: Se creó la estación San Luis
ABM: Se agrego San Luis (San Luis) - Illia 900 CP:5700 | vías: 2, plataformas: 2
ABM: Se creó la estación Santa Rosa
ABM: Se agrego Santa Rosa (La Pampa) - Luro 1000 CP:6300 | vías: 2, plataformas: 2
ABM: Se creó la estación Viedma
ABM: Se agrego Viedma (Rio Negro) - Roca 1100 CP:8500 | vías: 2, plataformas: 2
ABM: Se creó la estación Rawson
ABM: Se agrego Rawson (Chubut) - Fontana 1200 CP:9103 | vías: 2, plataformas: 2
ABM: Se agrego Tren  [diesel] pas:6 carga:0 linea:Mitre
ABM: Se agrego Tren  [gasolina] pas:0 carga:0 linea:no-asignado
ABM: Se agrego Tren  [diesel] pas:8 carga:0 linea:Roca-Tandil
ABM: Se agrego Tren  [electrico] pas:8 carga:0 linea:San Martin
ABM: Se agrego Tren  [diesel] pas:5 carga:0 linea:Belgrano Norte
ABM: Se agrego Tren  [gasolina] pas:4 carga:0 linea:Mitre
ABM: Se agrego Tren  [electrico] pas:7 carga:0 linea:Roca-Tandil
ABM: Se agrego Tren  [diesel] pas:6 carga:0 linea:San Martin
ABM: Se agrego Tren  [electrico] pas:9 carga:0 linea:Belgrano Norte
ABM: Se agrego Tren  [diesel] pas:5 carga:0 linea:Mitre
ABM: Se agrego Tren  [gasolina] pas:3 carga:0 linea:no-asignado
ABM: Se agrego Tren  [electrico] pas:10 carga:0 linea:San Martin
ABM: Se agrego Tren  [diesel] pas:7 carga:0 linea:Roca-Tandil
ABM: Se agrego Tren  [diesel] pas:6 carga:0 linea:Belgrano Norte
ABM: Se agrego Tren  [electrico] pas:8 carga:0 linea:Mitre
ABM: Se agrego Tren  [gasolina] pas:4 carga:0 linea:no-asignado
ABM: Se agrego Tren  [diesel] pas:5 carga:0 linea:San Martin
ABM: Se agrego Tren  [electrico] pas:9 carga:0 linea:Roca-Tandil
ABM: Se agrego Tren  [diesel] pas:6 carga:0 linea:Belgrano Norte
ABM: Se agrego Tren  [electrico] pas:7 carga:0 linea:San Martin

=== ESTADO DEL SISTEMA POST-CARGA INICIAL ===
eed.tp.TrenesSaControlador@6ce253f1
==============================================

ABM: Se creó la estación Tandil
ABM: Se agrego Tandil (Tandil) - Av. España 745 CP:7000 | vías: 4, plataformas: 2
ABM: Se creó la estación Retiro
ABM: Se agrego Retiro (CABA) - Av. Dr. Jose Maria Ramos Mejia 1430 CP:C1104 | vías: 9, plataformas: 6
ABM: Se creó la estación Constitucion
ABM: Se agrego Constitucion (CABA) - Av. Brasil 1128 CP:C1154 | vías: 14, plataformas: 8
ABM: Se creó la estación Canuelas
ABM: Se agrego Canuelas (Canuelas) - Libertad 150 CP:1814 | vías: 3, plataformas: 2
ABM: Se creó la estación Las Flores
ABM: Se agrego Las Flores (Las Flores) - Av. Rivadavia 400 CP:7200 | vías: 2, plataformas: 2
ABM: Se creó la estación Neuquen
ABM: Se agrego Neuquen (capital) - Av. Brasil 1128 CP:C1154 | vías: 14, plataformas: 8
ABM: Se creó la estación Bariloche
ABM: Se agrego Bariloche (Rio negro) - Libertad 150 CP:1814 | vías: 3, plataformas: 2
ABM: Se creó la estación Tierra del fuego
ABM: Se agrego Tierra del fuego (tierra) - Av. Rivadavia 400 CP:7200 | vías: 2, plataformas: 2
ABM: Se creó la estación La Plata
ABM: Se agrego La Plata (Buenos Aires) - Calle 1 100 CP:1900 | vías: 5, plataformas: 4
ABM: Se creó la estación Mar del Plata
ABM: Se agrego Mar del Plata (Buenos Aires) - Av. Luro 200 CP:7600 | vías: 4, plataformas: 3
ABM: Se creó la estación Rosario
ABM: Se agrego Rosario (Santa Fe) - Aristobulo 300 CP:2000 | vías: 6, plataformas: 4
ABM: Se creó la estación Cordoba
ABM: Se agrego Cordoba (Cordoba) - Peron 400 CP:5000 | vías: 5, plataformas: 3
ABM: Se creó la estación Mendoza
ABM: Se agrego Mendoza (Mendoza) - Las Heras 500 CP:5500 | vías: 3, plataformas: 2
ABM: Se creó la estación Tucuman
ABM: Se agrego Tucuman (Tucuman) - Corrientes 600 CP:4000 | vías: 3, plataformas: 2
ABM: Se creó la estación Salta
ABM: Se agrego Salta (Salta) - Balcarce 700 CP:4400 | vías: 2, plataformas: 2
ABM: Se creó la estación San Juan
ABM: Se agrego San Juan (San Juan) - España 800 CP:5400 | vías: 2, plataformas: 2
ABM: Se creó la estación San Luis
ABM: Se agrego San Luis (San Luis) - Illia 900 CP:5700 | vías: 2, plataformas: 2
ABM: Se creó la estación Santa Rosa
ABM: Se agrego Santa Rosa (La Pampa) - Luro 1000 CP:6300 | vías: 2, plataformas: 2
ABM: Se creó la estación Viedma
ABM: Se agrego Viedma (Rio Negro) - Roca 1100 CP:8500 | vías: 2, plataformas: 2
ABM: Se creó la estación Rawson
ABM: Se agrego Rawson (Chubut) - Fontana 1200 CP:9103 | vías: 2, plataformas: 2
ABM: Se agrego Tren  [diesel] pas:6 carga:0 linea:Mitre
ABM: Se agrego Tren  [gasolina] pas:0 carga:0 linea:no-asignado
ABM: Se agrego Tren  [diesel] pas:8 carga:0 linea:Roca-Tandil
ABM: Se agrego Tren  [electrico] pas:8 carga:0 linea:San Martin
ABM: Se agrego Tren  [diesel] pas:5 carga:0 linea:Belgrano Norte
ABM: Se agrego Tren  [gasolina] pas:4 carga:0 linea:Mitre
ABM: Se agrego Tren  [electrico] pas:7 carga:0 linea:Roca-Tandil
ABM: Se agrego Tren  [diesel] pas:6 carga:0 linea:San Martin
ABM: Se agrego Tren  [electrico] pas:9 carga:0 linea:Belgrano Norte
ABM: Se agrego Tren  [diesel] pas:5 carga:0 linea:Mitre
ABM: Se agrego Tren  [gasolina] pas:3 carga:0 linea:no-asignado
ABM: Se agrego Tren  [electrico] pas:10 carga:0 linea:San Martin
ABM: Se agrego Tren  [diesel] pas:7 carga:0 linea:Roca-Tandil
ABM: Se agrego Tren  [diesel] pas:6 carga:0 linea:Belgrano Norte
ABM: Se agrego Tren  [electrico] pas:8 carga:0 linea:Mitre
ABM: Se agrego Tren  [gasolina] pas:4 carga:0 linea:no-asignado
ABM: Se agrego Tren  [diesel] pas:5 carga:0 linea:San Martin
ABM: Se agrego Tren  [electrico] pas:9 carga:0 linea:Roca-Tandil
ABM: Se agrego Tren  [diesel] pas:6 carga:0 linea:Belgrano Norte
ABM: Se agrego Tren  [electrico] pas:7 carga:0 linea:San Martin

=== ESTADO DEL SISTEMA POST-CARGA INICIAL ===
eed.tp.TrenesSaControlador@6ce253f1
==============================================

ABM: Se creó la estación Tandil
ABM: Se agrego Tandil (Tandil) - Av. España 745 CP:7000 | vías: 4, plataformas: 2
ABM: Se creó la estación Retiro
ABM: Se agrego Retiro (CABA) - Av. Dr. Jose Maria Ramos Mejia 1430 CP:C1104 | vías: 9, plataformas: 6
ABM: Se creó la estación Constitucion
ABM: Se agrego Constitucion (CABA) - Av. Brasil 1128 CP:C1154 | vías: 14, plataformas: 8
ABM: Se creó la estación Canuelas
ABM: Se agrego Canuelas (Canuelas) - Libertad 150 CP:1814 | vías: 3, plataformas: 2
ABM: Se creó la estación Las Flores
ABM: Se agrego Las Flores (Las Flores) - Av. Rivadavia 400 CP:7200 | vías: 2, plataformas: 2
ABM: Se creó la estación Neuquen
ABM: Se agrego Neuquen (capital) - Av. Brasil 1128 CP:C1154 | vías: 14, plataformas: 8
ABM: Se creó la estación Bariloche
ABM: Se agrego Bariloche (Rio negro) - Libertad 150 CP:1814 | vías: 3, plataformas: 2
ABM: Se creó la estación Tierra del fuego
ABM: Se agrego Tierra del fuego (tierra) - Av. Rivadavia 400 CP:7200 | vías: 2, plataformas: 2
ABM: Se creó la estación La Plata
ABM: Se agrego La Plata (Buenos Aires) - Calle 1 100 CP:1900 | vías: 5, plataformas: 4
ABM: Se creó la estación Mar del Plata
ABM: Se agrego Mar del Plata (Buenos Aires) - Av. Luro 200 CP:7600 | vías: 4, plataformas: 3
ABM: Se creó la estación Rosario
ABM: Se agrego Rosario (Santa Fe) - Aristobulo 300 CP:2000 | vías: 6, plataformas: 4
ABM: Se creó la estación Cordoba
ABM: Se agrego Cordoba (Cordoba) - Peron 400 CP:5000 | vías: 5, plataformas: 3
ABM: Se creó la estación Mendoza
ABM: Se agrego Mendoza (Mendoza) - Las Heras 500 CP:5500 | vías: 3, plataformas: 2
ABM: Se creó la estación Tucuman
ABM: Se agrego Tucuman (Tucuman) - Corrientes 600 CP:4000 | vías: 3, plataformas: 2
ABM: Se creó la estación Salta
ABM: Se agrego Salta (Salta) - Balcarce 700 CP:4400 | vías: 2, plataformas: 2
ABM: Se creó la estación San Juan
ABM: Se agrego San Juan (San Juan) - España 800 CP:5400 | vías: 2, plataformas: 2
ABM: Se creó la estación San Luis
ABM: Se agrego San Luis (San Luis) - Illia 900 CP:5700 | vías: 2, plataformas: 2
ABM: Se creó la estación Santa Rosa
ABM: Se agrego Santa Rosa (La Pampa) - Luro 1000 CP:6300 | vías: 2, plataformas: 2
ABM: Se creó la estación Viedma
ABM: Se agrego Viedma (Rio Negro) - Roca 1100 CP:8500 | vías: 2, plataformas: 2
ABM: Se creó la estación Rawson
ABM: Se agrego Rawson (Chubut) - Fontana 1200 CP:9103 | vías: 2, plataformas: 2
ABM: Se agrego Tren  [diesel] pas:6 carga:0 linea:Mitre
ABM: Se agrego Tren  [gasolina] pas:0 carga:0 linea:no-asignado
ABM: Se agrego Tren  [diesel] pas:8 carga:0 linea:Roca-Tandil
ABM: Se agrego Tren  [electrico] pas:8 carga:0 linea:San Martin
ABM: Se agrego Tren  [diesel] pas:5 carga:0 linea:Belgrano Norte
ABM: Se agrego Tren  [gasolina] pas:4 carga:0 linea:Mitre
ABM: Se agrego Tren  [electrico] pas:7 carga:0 linea:Roca-Tandil
ABM: Se agrego Tren  [diesel] pas:6 carga:0 linea:San Martin
ABM: Se agrego Tren  [electrico] pas:9 carga:0 linea:Belgrano Norte
ABM: Se agrego Tren  [diesel] pas:5 carga:0 linea:Mitre
ABM: Se agrego Tren  [gasolina] pas:3 carga:0 linea:no-asignado
ABM: Se agrego Tren  [electrico] pas:10 carga:0 linea:San Martin
ABM: Se agrego Tren  [diesel] pas:7 carga:0 linea:Roca-Tandil
ABM: Se agrego Tren  [diesel] pas:6 carga:0 linea:Belgrano Norte
ABM: Se agrego Tren  [electrico] pas:8 carga:0 linea:Mitre
ABM: Se agrego Tren  [gasolina] pas:4 carga:0 linea:no-asignado
ABM: Se agrego Tren  [diesel] pas:5 carga:0 linea:San Martin
ABM: Se agrego Tren  [electrico] pas:9 carga:0 linea:Roca-Tandil
ABM: Se agrego Tren  [diesel] pas:6 carga:0 linea:Belgrano Norte
ABM: Se agrego Tren  [electrico] pas:7 carga:0 linea:San Martin

=== ESTADO DEL SISTEMA POST-CARGA INICIAL ===
eed.tp.TrenesSaControlador@6ce253f1
==============================================

ABM: Se creó la estación Tandil
ABM: Se agrego Tandil (Tandil) - Av. España 745 CP:7000 | vías: 4, plataformas: 2
ABM: Se creó la estación Retiro
ABM: Se agrego Retiro (CABA) - Av. Dr. Jose Maria Ramos Mejia 1430 CP:C1104 | vías: 9, plataformas: 6
ABM: Se creó la estación Constitucion
ABM: Se agrego Constitucion (CABA) - Av. Brasil 1128 CP:C1154 | vías: 14, plataformas: 8
ABM: Se creó la estación Canuelas
ABM: Se agrego Canuelas (Canuelas) - Libertad 150 CP:1814 | vías: 3, plataformas: 2
ABM: Se creó la estación Las Flores
ABM: Se agrego Las Flores (Las Flores) - Av. Rivadavia 400 CP:7200 | vías: 2, plataformas: 2
ABM: Se creó la estación Neuquen
ABM: Se agrego Neuquen (capital) - Av. Brasil 1128 CP:C1154 | vías: 14, plataformas: 8
ABM: Se creó la estación Bariloche
ABM: Se agrego Bariloche (Rio negro) - Libertad 150 CP:1814 | vías: 3, plataformas: 2
ABM: Se creó la estación Tierra del fuego
ABM: Se agrego Tierra del fuego (tierra) - Av. Rivadavia 400 CP:7200 | vías: 2, plataformas: 2
ABM: Se creó la estación La Plata
ABM: Se agrego La Plata (Buenos Aires) - Calle 1 100 CP:1900 | vías: 5, plataformas: 4
ABM: Se creó la estación Mar del Plata
ABM: Se agrego Mar del Plata (Buenos Aires) - Av. Luro 200 CP:7600 | vías: 4, plataformas: 3
ABM: Se creó la estación Rosario
ABM: Se agrego Rosario (Santa Fe) - Aristobulo 300 CP:2000 | vías: 6, plataformas: 4
ABM: Se creó la estación Cordoba
ABM: Se agrego Cordoba (Cordoba) - Peron 400 CP:5000 | vías: 5, plataformas: 3
ABM: Se creó la estación Mendoza
ABM: Se agrego Mendoza (Mendoza) - Las Heras 500 CP:5500 | vías: 3, plataformas: 2
ABM: Se creó la estación Tucuman
ABM: Se agrego Tucuman (Tucuman) - Corrientes 600 CP:4000 | vías: 3, plataformas: 2
ABM: Se creó la estación Salta
ABM: Se agrego Salta (Salta) - Balcarce 700 CP:4400 | vías: 2, plataformas: 2
ABM: Se creó la estación San Juan
ABM: Se agrego San Juan (San Juan) - España 800 CP:5400 | vías: 2, plataformas: 2
ABM: Se creó la estación San Luis
ABM: Se agrego San Luis (San Luis) - Illia 900 CP:5700 | vías: 2, plataformas: 2
ABM: Se creó la estación Santa Rosa
ABM: Se agrego Santa Rosa (La Pampa) - Luro 1000 CP:6300 | vías: 2, plataformas: 2
ABM: Se creó la estación Viedma
ABM: Se agrego Viedma (Rio Negro) - Roca 1100 CP:8500 | vías: 2, plataformas: 2
ABM: Se creó la estación Rawson
ABM: Se agrego Rawson (Chubut) - Fontana 1200 CP:9103 | vías: 2, plataformas: 2
ABM: Se agrego Tren  [diesel] pas:6 carga:0 linea:Mitre
ABM: Se agrego Tren  [gasolina] pas:0 carga:0 linea:no-asignado
ABM: Se agrego Tren  [diesel] pas:8 carga:0 linea:Roca-Tandil
ABM: Se agrego Tren  [electrico] pas:8 carga:0 linea:San Martin
ABM: Se agrego Tren  [diesel] pas:5 carga:0 linea:Belgrano Norte
ABM: Se agrego Tren  [gasolina] pas:4 carga:0 linea:Mitre
ABM: Se agrego Tren  [electrico] pas:7 carga:0 linea:Roca-Tandil
ABM: Se agrego Tren  [diesel] pas:6 carga:0 linea:San Martin
ABM: Se agrego Tren  [electrico] pas:9 carga:0 linea:Belgrano Norte
ABM: Se agrego Tren  [diesel] pas:5 carga:0 linea:Mitre
ABM: Se agrego Tren  [gasolina] pas:3 carga:0 linea:no-asignado
ABM: Se agrego Tren  [electrico] pas:10 carga:0 linea:San Martin
ABM: Se agrego Tren  [diesel] pas:7 carga:0 linea:Roca-Tandil
ABM: Se agrego Tren  [diesel] pas:6 carga:0 linea:Belgrano Norte
ABM: Se agrego Tren  [electrico] pas:8 carga:0 linea:Mitre
ABM: Se agrego Tren  [gasolina] pas:4 carga:0 linea:no-asignado
ABM: Se agrego Tren  [diesel] pas:5 carga:0 linea:San Martin
ABM: Se agrego Tren  [electrico] pas:9 carga:0 linea:Roca-Tandil
ABM: Se agrego Tren  [diesel] pas:6 carga:0 linea:Belgrano Norte
ABM: Se agrego Tren  [electrico] pas:7 carga:0 linea:San Martin

=== ESTADO DEL SISTEMA POST-CARGA INICIAL ===
eed.tp.TrenesSaControlador@6ce253f1
==============================================

ABM: Se creó la estación Tandil
ABM: Se agrego Tandil (Tandil) - Av. España 745 CP:7000 | vías: 4, plataformas: 2
ABM: Se creó la estación Retiro
ABM: Se agrego Retiro (CABA) - Av. Dr. Jose Maria Ramos Mejia 1430 CP:C1104 | vías: 9, plataformas: 6
ABM: Se creó la estación Constitucion
ABM: Se agrego Constitucion (CABA) - Av. Brasil 1128 CP:C1154 | vías: 14, plataformas: 8
ABM: Se creó la estación Canuelas
ABM: Se agrego Canuelas (Canuelas) - Libertad 150 CP:1814 | vías: 3, plataformas: 2
ABM: Se creó la estación Las Flores
ABM: Se agrego Las Flores (Las Flores) - Av. Rivadavia 400 CP:7200 | vías: 2, plataformas: 2
ABM: Se creó la estación Neuquen
ABM: Se agrego Neuquen (capital) - Av. Brasil 1128 CP:C1154 | vías: 14, plataformas: 8
ABM: Se creó la estación Bariloche
ABM: Se agrego Bariloche (Rio negro) - Libertad 150 CP:1814 | vías: 3, plataformas: 2
ABM: Se creó la estación Tierra del fuego
ABM: Se agrego Tierra del fuego (tierra) - Av. Rivadavia 400 CP:7200 | vías: 2, plataformas: 2
ABM: Se creó la estación La Plata
ABM: Se agrego La Plata (Buenos Aires) - Calle 1 100 CP:1900 | vías: 5, plataformas: 4
ABM: Se creó la estación Mar del Plata
ABM: Se agrego Mar del Plata (Buenos Aires) - Av. Luro 200 CP:7600 | vías: 4, plataformas: 3
ABM: Se creó la estación Rosario
ABM: Se agrego Rosario (Santa Fe) - Aristobulo 300 CP:2000 | vías: 6, plataformas: 4
ABM: Se creó la estación Cordoba
ABM: Se agrego Cordoba (Cordoba) - Peron 400 CP:5000 | vías: 5, plataformas: 3
ABM: Se creó la estación Mendoza
ABM: Se agrego Mendoza (Mendoza) - Las Heras 500 CP:5500 | vías: 3, plataformas: 2
ABM: Se creó la estación Tucuman
ABM: Se agrego Tucuman (Tucuman) - Corrientes 600 CP:4000 | vías: 3, plataformas: 2
ABM: Se creó la estación Salta
ABM: Se agrego Salta (Salta) - Balcarce 700 CP:4400 | vías: 2, plataformas: 2
ABM: Se creó la estación San Juan
ABM: Se agrego San Juan (San Juan) - España 800 CP:5400 | vías: 2, plataformas: 2
ABM: Se creó la estación San Luis
ABM: Se agrego San Luis (San Luis) - Illia 900 CP:5700 | vías: 2, plataformas: 2
ABM: Se creó la estación Santa Rosa
ABM: Se agrego Santa Rosa (La Pampa) - Luro 1000 CP:6300 | vías: 2, plataformas: 2
ABM: Se creó la estación Viedma
ABM: Se agrego Viedma (Rio Negro) - Roca 1100 CP:8500 | vías: 2, plataformas: 2
ABM: Se creó la estación Rawson
ABM: Se agrego Rawson (Chubut) - Fontana 1200 CP:9103 | vías: 2, plataformas: 2
ABM: Se agrego Tren  [diesel] pas:6 carga:0 linea:Mitre
ABM: Se agrego Tren  [gasolina] pas:0 carga:0 linea:no-asignado
ABM: Se agrego Tren  [diesel] pas:8 carga:0 linea:Roca-Tandil
ABM: Se agrego Tren  [electrico] pas:8 carga:0 linea:San Martin
ABM: Se agrego Tren  [diesel] pas:5 carga:0 linea:Belgrano Norte
ABM: Se agrego Tren  [gasolina] pas:4 carga:0 linea:Mitre
ABM: Se agrego Tren  [electrico] pas:7 carga:0 linea:Roca-Tandil
ABM: Se agrego Tren  [diesel] pas:6 carga:0 linea:San Martin
ABM: Se agrego Tren  [electrico] pas:9 carga:0 linea:Belgrano Norte
ABM: Se agrego Tren  [diesel] pas:5 carga:0 linea:Mitre
ABM: Se agrego Tren  [gasolina] pas:3 carga:0 linea:no-asignado
ABM: Se agrego Tren  [electrico] pas:10 carga:0 linea:San Martin
ABM: Se agrego Tren  [diesel] pas:7 carga:0 linea:Roca-Tandil
ABM: Se agrego Tren  [diesel] pas:6 carga:0 linea:Belgrano Norte
ABM: Se agrego Tren  [electrico] pas:8 carga:0 linea:Mitre
ABM: Se agrego Tren  [gasolina] pas:4 carga:0 linea:no-asignado
ABM: Se agrego Tren  [diesel] pas:5 carga:0 linea:San Martin
ABM: Se agrego Tren  [electrico] pas:9 carga:0 linea:Roca-Tandil
ABM: Se agrego Tren  [diesel] pas:6 carga:0 linea:Belgrano Norte
ABM: Se agrego Tren  [electrico] pas:7 carga:0 linea:San Martin

=== ESTADO DEL SISTEMA POST-CARGA INICIAL ===
eed.tp.TrenesSaControlador@6ce253f1
==============================================

ABM: Se creó la estación Tandil
ABM: Se agrego Tandil (Tandil) - Av. España 745 CP:7000 | vías: 4, plataformas: 2
ABM: Se creó la estación Retiro
ABM: Se agrego Retiro (CABA) - Av. Dr. Jose Maria Ramos Mejia 1430 CP:C1104 | vías: 9, plataformas: 6
ABM: Se creó la estación Constitucion
ABM: Se agrego Constitucion (CABA) - Av. Brasil 1128 CP:C1154 | vías: 14, plataformas: 8
ABM: Se creó la estación Canuelas
ABM: Se agrego Canuelas (Canuelas) - Libertad 150 CP:1814 | vías: 3, plataformas: 2
ABM: Se creó la estación Las Flores
ABM: Se agrego Las Flores (Las Flores) - Av. Rivadavia 400 CP:7200 | vías: 2, plataformas: 2
ABM: Se creó la estación Neuquen
ABM: Se agrego Neuquen (capital) - Av. Brasil 1128 CP:C1154 | vías: 14, plataformas: 8
ABM: Se creó la estación Bariloche
ABM: Se agrego Bariloche (Rio negro) - Libertad 150 CP:1814 | vías: 3, plataformas: 2
ABM: Se creó la estación Tierra del fuego
ABM: Se agrego Tierra del fuego (tierra) - Av. Rivadavia 400 CP:7200 | vías: 2, plataformas: 2
ABM: Se creó la estación La Plata
ABM: Se agrego La Plata (Buenos Aires) - Calle 1 100 CP:1900 | vías: 5, plataformas: 4
ABM: Se creó la estación Mar del Plata
ABM: Se agrego Mar del Plata (Buenos Aires) - Av. Luro 200 CP:7600 | vías: 4, plataformas: 3
ABM: Se creó la estación Rosario
ABM: Se agrego Rosario (Santa Fe) - Aristobulo 300 CP:2000 | vías: 6, plataformas: 4
ABM: Se creó la estación Cordoba
ABM: Se agrego Cordoba (Cordoba) - Peron 400 CP:5000 | vías: 5, plataformas: 3
ABM: Se creó la estación Mendoza
ABM: Se agrego Mendoza (Mendoza) - Las Heras 500 CP:5500 | vías: 3, plataformas: 2
ABM: Se creó la estación Tucuman
ABM: Se agrego Tucuman (Tucuman) - Corrientes 600 CP:4000 | vías: 3, plataformas: 2
ABM: Se creó la estación Salta
ABM: Se agrego Salta (Salta) - Balcarce 700 CP:4400 | vías: 2, plataformas: 2
ABM: Se creó la estación San Juan
ABM: Se agrego San Juan (San Juan) - España 800 CP:5400 | vías: 2, plataformas: 2
ABM: Se creó la estación San Luis
ABM: Se agrego San Luis (San Luis) - Illia 900 CP:5700 | vías: 2, plataformas: 2
ABM: Se creó la estación Santa Rosa
ABM: Se agrego Santa Rosa (La Pampa) - Luro 1000 CP:6300 | vías: 2, plataformas: 2
ABM: Se creó la estación Viedma
ABM: Se agrego Viedma (Rio Negro) - Roca 1100 CP:8500 | vías: 2, plataformas: 2
ABM: Se creó la estación Rawson
ABM: Se agrego Rawson (Chubut) - Fontana 1200 CP:9103 | vías: 2, plataformas: 2
ABM: Se agrego Tren  [diesel] pas:6 carga:0 linea:Mitre
ABM: Se agrego Tren  [gasolina] pas:0 carga:0 linea:no-asignado
ABM: Se agrego Tren  [diesel] pas:8 carga:0 linea:Roca-Tandil
ABM: Se agrego Tren  [electrico] pas:8 carga:0 linea:San Martin
ABM: Se agrego Tren  [diesel] pas:5 carga:0 linea:Belgrano Norte
ABM: Se agrego Tren  [gasolina] pas:4 carga:0 linea:Mitre
ABM: Se agrego Tren  [electrico] pas:7 carga:0 linea:Roca-Tandil
ABM: Se agrego Tren  [diesel] pas:6 carga:0 linea:San Martin
ABM: Se agrego Tren  [electrico] pas:9 carga:0 linea:Belgrano Norte
ABM: Se agrego Tren  [diesel] pas:5 carga:0 linea:Mitre
ABM: Se agrego Tren  [gasolina] pas:3 carga:0 linea:no-asignado
ABM: Se agrego Tren  [electrico] pas:10 carga:0 linea:San Martin
ABM: Se agrego Tren  [diesel] pas:7 carga:0 linea:Roca-Tandil
ABM: Se agrego Tren  [diesel] pas:6 carga:0 linea:Belgrano Norte
ABM: Se agrego Tren  [electrico] pas:8 carga:0 linea:Mitre
ABM: Se agrego Tren  [gasolina] pas:4 carga:0 linea:no-asignado
ABM: Se agrego Tren  [diesel] pas:5 carga:0 linea:San Martin
ABM: Se agrego Tren  [electrico] pas:9 carga:0 linea:Roca-Tandil
ABM: Se agrego Tren  [diesel] pas:6 carga:0 linea:Belgrano Norte
ABM: Se agrego Tren  [electrico] pas:7 carga:0 linea:San Martin

=== ESTADO DEL SISTEMA POST-CARGA INICIAL ===
eed.tp.TrenesSaControlador@6ce253f1
==============================================

ABM: Se creó la estación Tandil
ABM: Se agrego Tandil (Tandil) - Av. España 745 CP:7000 | vías: 4, plataformas: 2
ABM: Se creó la estación Retiro
ABM: Se agrego Retiro (CABA) - Av. Dr. Jose Maria Ramos Mejia 1430 CP:C1104 | vías: 9, plataformas: 6
ABM: Se creó la estación Constitucion
ABM: Se agrego Constitucion (CABA) - Av. Brasil 1128 CP:C1154 | vías: 14, plataformas: 8
ABM: Se creó la estación Canuelas
ABM: Se agrego Canuelas (Canuelas) - Libertad 150 CP:1814 | vías: 3, plataformas: 2
ABM: Se creó la estación Las Flores
ABM: Se agrego Las Flores (Las Flores) - Av. Rivadavia 400 CP:7200 | vías: 2, plataformas: 2
ABM: Se creó la estación Neuquen
ABM: Se agrego Neuquen (capital) - Av. Brasil 1128 CP:C1154 | vías: 14, plataformas: 8
ABM: Se creó la estación Bariloche
ABM: Se agrego Bariloche (Rio negro) - Libertad 150 CP:1814 | vías: 3, plataformas: 2
ABM: Se creó la estación Tierra del fuego
ABM: Se agrego Tierra del fuego (tierra) - Av. Rivadavia 400 CP:7200 | vías: 2, plataformas: 2
ABM: Se creó la estación La Plata
ABM: Se agrego La Plata (Buenos Aires) - Calle 1 100 CP:1900 | vías: 5, plataformas: 4
ABM: Se creó la estación Mar del Plata
ABM: Se agrego Mar del Plata (Buenos Aires) - Av. Luro 200 CP:7600 | vías: 4, plataformas: 3
ABM: Se creó la estación Rosario
ABM: Se agrego Rosario (Santa Fe) - Aristobulo 300 CP:2000 | vías: 6, plataformas: 4
ABM: Se creó la estación Cordoba
ABM: Se agrego Cordoba (Cordoba) - Peron 400 CP:5000 | vías: 5, plataformas: 3
ABM: Se creó la estación Mendoza
ABM: Se agrego Mendoza (Mendoza) - Las Heras 500 CP:5500 | vías: 3, plataformas: 2
ABM: Se creó la estación Tucuman
ABM: Se agrego Tucuman (Tucuman) - Corrientes 600 CP:4000 | vías: 3, plataformas: 2
ABM: Se creó la estación Salta
ABM: Se agrego Salta (Salta) - Balcarce 700 CP:4400 | vías: 2, plataformas: 2
ABM: Se creó la estación San Juan
ABM: Se agrego San Juan (San Juan) - España 800 CP:5400 | vías: 2, plataformas: 2
ABM: Se creó la estación San Luis
ABM: Se agrego San Luis (San Luis) - Illia 900 CP:5700 | vías: 2, plataformas: 2
ABM: Se creó la estación Santa Rosa
ABM: Se agrego Santa Rosa (La Pampa) - Luro 1000 CP:6300 | vías: 2, plataformas: 2
ABM: Se creó la estación Viedma
ABM: Se agrego Viedma (Rio Negro) - Roca 1100 CP:8500 | vías: 2, plataformas: 2
ABM: Se creó la estación Rawson
ABM: Se agrego Rawson (Chubut) - Fontana 1200 CP:9103 | vías: 2, plataformas: 2
ABM: Se agrego Tren  [diesel] pas:6 carga:0 linea:Mitre
ABM: Se agrego Tren  [gasolina] pas:0 carga:0 linea:no-asignado
ABM: Se agrego Tren  [diesel] pas:8 carga:0 linea:Roca-Tandil
ABM: Se agrego Tren  [electrico] pas:8 carga:0 linea:San Martin
ABM: Se agrego Tren  [diesel] pas:5 carga:0 linea:Belgrano Norte
ABM: Se agrego Tren  [gasolina] pas:4 carga:0 linea:Mitre
ABM: Se agrego Tren  [electrico] pas:7 carga:0 linea:Roca-Tandil
ABM: Se agrego Tren  [diesel] pas:6 carga:0 linea:San Martin
ABM: Se agrego Tren  [electrico] pas:9 carga:0 linea:Belgrano Norte
ABM: Se agrego Tren  [diesel] pas:5 carga:0 linea:Mitre
ABM: Se agrego Tren  [gasolina] pas:3 carga:0 linea:no-asignado
ABM: Se agrego Tren  [electrico] pas:10 carga:0 linea:San Martin
ABM: Se agrego Tren  [diesel] pas:7 carga:0 linea:Roca-Tandil
ABM: Se agrego Tren  [diesel] pas:6 carga:0 linea:Belgrano Norte
ABM: Se agrego Tren  [electrico] pas:8 carga:0 linea:Mitre
ABM: Se agrego Tren  [gasolina] pas:4 carga:0 linea:no-asignado
ABM: Se agrego Tren  [diesel] pas:5 carga:0 linea:San Martin
ABM: Se agrego Tren  [electrico] pas:9 carga:0 linea:Roca-Tandil
ABM: Se agrego Tren  [diesel] pas:6 carga:0 linea:Belgrano Norte
ABM: Se agrego Tren  [electrico] pas:7 carga:0 linea:San Martin

=== ESTADO DEL SISTEMA POST-CARGA INICIAL ===
eed.tp.TrenesSaControlador@6ce253f1
==============================================

ABM: Se creó la estación Tandil
ABM: Se agrego Tandil (Tandil) - Av. España 745 CP:7000 | vías: 4, plataformas: 2
ABM: Se creó la estación Retiro
ABM: Se agrego Retiro (CABA) - Av. Dr. Jose Maria Ramos Mejia 1430 CP:C1104 | vías: 9, plataformas: 6
ABM: Se creó la estación Constitucion
ABM: Se agrego Constitucion (CABA) - Av. Brasil 1128 CP:C1154 | vías: 14, plataformas: 8
ABM: Se creó la estación Canuelas
ABM: Se agrego Canuelas (Canuelas) - Libertad 150 CP:1814 | vías: 3, plataformas: 2
ABM: Se creó la estación Las Flores
ABM: Se agrego Las Flores (Las Flores) - Av. Rivadavia 400 CP:7200 | vías: 2, plataformas: 2
ABM: Se creó la estación Neuquen
ABM: Se agrego Neuquen (capital) - Av. Brasil 1128 CP:C1154 | vías: 14, plataformas: 8
ABM: Se creó la estación Bariloche
ABM: Se agrego Bariloche (Rio negro) - Libertad 150 CP:1814 | vías: 3, plataformas: 2
ABM: Se creó la estación Tierra del fuego
ABM: Se agrego Tierra del fuego (tierra) - Av. Rivadavia 400 CP:7200 | vías: 2, plataformas: 2
ABM: Se creó la estación La Plata
ABM: Se agrego La Plata (Buenos Aires) - Calle 1 100 CP:1900 | vías: 5, plataformas: 4
ABM: Se creó la estación Mar del Plata
ABM: Se agrego Mar del Plata (Buenos Aires) - Av. Luro 200 CP:7600 | vías: 4, plataformas: 3
ABM: Se creó la estación Rosario
ABM: Se agrego Rosario (Santa Fe) - Aristobulo 300 CP:2000 | vías: 6, plataformas: 4
ABM: Se creó la estación Cordoba
ABM: Se agrego Cordoba (Cordoba) - Peron 400 CP:5000 | vías: 5, plataformas: 3
ABM: Se creó la estación Mendoza
ABM: Se agrego Mendoza (Mendoza) - Las Heras 500 CP:5500 | vías: 3, plataformas: 2
ABM: Se creó la estación Tucuman
ABM: Se agrego Tucuman (Tucuman) - Corrientes 600 CP:4000 | vías: 3, plataformas: 2
ABM: Se creó la estación Salta
ABM: Se agrego Salta (Salta) - Balcarce 700 CP:4400 | vías: 2, plataformas: 2
ABM: Se creó la estación San Juan
ABM: Se agrego San Juan (San Juan) - España 800 CP:5400 | vías: 2, plataformas: 2
ABM: Se creó la estación San Luis
ABM: Se agrego San Luis (San Luis) - Illia 900 CP:5700 | vías: 2, plataformas: 2
ABM: Se creó la estación Santa Rosa
ABM: Se agrego Santa Rosa (La Pampa) - Luro 1000 CP:6300 | vías: 2, plataformas: 2
ABM: Se creó la estación Viedma
ABM: Se agrego Viedma (Rio Negro) - Roca 1100 CP:8500 | vías: 2, plataformas: 2
ABM: Se creó la estación Rawson
ABM: Se agrego Rawson (Chubut) - Fontana 1200 CP:9103 | vías: 2, plataformas: 2
ABM: Se agrego Tren  [diesel] pas:6 carga:0 linea:Mitre
ABM: Se agrego Tren  [gasolina] pas:0 carga:0 linea:no-asignado
ABM: Se agrego Tren  [diesel] pas:8 carga:0 linea:Roca-Tandil
ABM: Se agrego Tren  [electrico] pas:8 carga:0 linea:San Martin
ABM: Se agrego Tren  [diesel] pas:5 carga:0 linea:Belgrano Norte
ABM: Se agrego Tren  [gasolina] pas:4 carga:0 linea:Mitre
ABM: Se agrego Tren  [electrico] pas:7 carga:0 linea:Roca-Tandil
ABM: Se agrego Tren  [diesel] pas:6 carga:0 linea:San Martin
ABM: Se agrego Tren  [electrico] pas:9 carga:0 linea:Belgrano Norte
ABM: Se agrego Tren  [diesel] pas:5 carga:0 linea:Mitre
ABM: Se agrego Tren  [gasolina] pas:3 carga:0 linea:no-asignado
ABM: Se agrego Tren  [electrico] pas:10 carga:0 linea:San Martin
ABM: Se agrego Tren  [diesel] pas:7 carga:0 linea:Roca-Tandil
ABM: Se agrego Tren  [diesel] pas:6 carga:0 linea:Belgrano Norte
ABM: Se agrego Tren  [electrico] pas:8 carga:0 linea:Mitre
ABM: Se agrego Tren  [gasolina] pas:4 carga:0 linea:no-asignado
ABM: Se agrego Tren  [diesel] pas:5 carga:0 linea:San Martin
ABM: Se agrego Tren  [electrico] pas:9 carga:0 linea:Roca-Tandil
ABM: Se agrego Tren  [diesel] pas:6 carga:0 linea:Belgrano Norte
ABM: Se agrego Tren  [electrico] pas:7 carga:0 linea:San Martin

=== ESTADO DEL SISTEMA POST-CARGA INICIAL ===
eed.tp.TrenesSaControlador@6ce253f1
==============================================

ABM: Se creó la estación Tandil
ABM: Se agrego Tandil (Tandil) - Av. España 745 CP:7000 | vías: 4, plataformas: 2
ABM: Se creó la estación Retiro
ABM: Se agrego Retiro (CABA) - Av. Dr. Jose Maria Ramos Mejia 1430 CP:C1104 | vías: 9, plataformas: 6
ABM: Se creó la estación Constitucion
ABM: Se agrego Constitucion (CABA) - Av. Brasil 1128 CP:C1154 | vías: 14, plataformas: 8
ABM: Se creó la estación Canuelas
ABM: Se agrego Canuelas (Canuelas) - Libertad 150 CP:1814 | vías: 3, plataformas: 2
ABM: Se creó la estación Las Flores
ABM: Se agrego Las Flores (Las Flores) - Av. Rivadavia 400 CP:7200 | vías: 2, plataformas: 2
ABM: Se creó la estación Neuquen
ABM: Se agrego Neuquen (capital) - Av. Brasil 1128 CP:C1154 | vías: 14, plataformas: 8
ABM: Se creó la estación Bariloche
ABM: Se agrego Bariloche (Rio negro) - Libertad 150 CP:1814 | vías: 3, plataformas: 2
ABM: Se creó la estación Tierra del fuego
ABM: Se agrego Tierra del fuego (tierra) - Av. Rivadavia 400 CP:7200 | vías: 2, plataformas: 2
ABM: Se creó la estación La Plata
ABM: Se agrego La Plata (Buenos Aires) - Calle 1 100 CP:1900 | vías: 5, plataformas: 4
ABM: Se creó la estación Mar del Plata
ABM: Se agrego Mar del Plata (Buenos Aires) - Av. Luro 200 CP:7600 | vías: 4, plataformas: 3
ABM: Se creó la estación Rosario
ABM: Se agrego Rosario (Santa Fe) - Aristobulo 300 CP:2000 | vías: 6, plataformas: 4
ABM: Se creó la estación Cordoba
ABM: Se agrego Cordoba (Cordoba) - Peron 400 CP:5000 | vías: 5, plataformas: 3
ABM: Se creó la estación Mendoza
ABM: Se agrego Mendoza (Mendoza) - Las Heras 500 CP:5500 | vías: 3, plataformas: 2
ABM: Se creó la estación Tucuman
ABM: Se agrego Tucuman (Tucuman) - Corrientes 600 CP:4000 | vías: 3, plataformas: 2
ABM: Se creó la estación Salta
ABM: Se agrego Salta (Salta) - Balcarce 700 CP:4400 | vías: 2, plataformas: 2
ABM: Se creó la estación San Juan
ABM: Se agrego San Juan (San Juan) - España 800 CP:5400 | vías: 2, plataformas: 2
ABM: Se creó la estación San Luis
ABM: Se agrego San Luis (San Luis) - Illia 900 CP:5700 | vías: 2, plataformas: 2
ABM: Se creó la estación Santa Rosa
ABM: Se agrego Santa Rosa (La Pampa) - Luro 1000 CP:6300 | vías: 2, plataformas: 2
ABM: Se creó la estación Viedma
ABM: Se agrego Viedma (Rio Negro) - Roca 1100 CP:8500 | vías: 2, plataformas: 2
ABM: Se creó la estación Rawson
ABM: Se agrego Rawson (Chubut) - Fontana 1200 CP:9103 | vías: 2, plataformas: 2
ABM: Se agrego Tren  [diesel] pas:6 carga:0 linea:Mitre
ABM: Se agrego Tren  [gasolina] pas:0 carga:0 linea:no-asignado
ABM: Se agrego Tren  [diesel] pas:8 carga:0 linea:Roca-Tandil
ABM: Se agrego Tren  [electrico] pas:8 carga:0 linea:San Martin
ABM: Se agrego Tren  [diesel] pas:5 carga:0 linea:Belgrano Norte
ABM: Se agrego Tren  [gasolina] pas:4 carga:0 linea:Mitre
ABM: Se agrego Tren  [electrico] pas:7 carga:0 linea:Roca-Tandil
ABM: Se agrego Tren  [diesel] pas:6 carga:0 linea:San Martin
ABM: Se agrego Tren  [electrico] pas:9 carga:0 linea:Belgrano Norte
ABM: Se agrego Tren  [diesel] pas:5 carga:0 linea:Mitre
ABM: Se agrego Tren  [gasolina] pas:3 carga:0 linea:no-asignado
ABM: Se agrego Tren  [electrico] pas:10 carga:0 linea:San Martin
ABM: Se agrego Tren  [diesel] pas:7 carga:0 linea:Roca-Tandil
ABM: Se agrego Tren  [diesel] pas:6 carga:0 linea:Belgrano Norte
ABM: Se agrego Tren  [electrico] pas:8 carga:0 linea:Mitre
ABM: Se agrego Tren  [gasolina] pas:4 carga:0 linea:no-asignado
ABM: Se agrego Tren  [diesel] pas:5 carga:0 linea:San Martin
ABM: Se agrego Tren  [electrico] pas:9 carga:0 linea:Roca-Tandil
ABM: Se agrego Tren  [diesel] pas:6 carga:0 linea:Belgrano Norte
ABM: Se agrego Tren  [electrico] pas:7 carga:0 linea:San Martin

=== ESTADO DEL SISTEMA POST-CARGA INICIAL ===
eed.tp.TrenesSaControlador@6ce253f1
==============================================

ABM: Se creó la estación Tandil
ABM: Se agrego Tandil (Tandil) - Av. España 745 CP:7000 | vías: 4, plataformas: 2
ABM: Se creó la estación Retiro
ABM: Se agrego Retiro (CABA) - Av. Dr. Jose Maria Ramos Mejia 1430 CP:C1104 | vías: 9, plataformas: 6
ABM: Se creó la estación Constitucion
ABM: Se agrego Constitucion (CABA) - Av. Brasil 1128 CP:C1154 | vías: 14, plataformas: 8
ABM: Se creó la estación Canuelas
ABM: Se agrego Canuelas (Canuelas) - Libertad 150 CP:1814 | vías: 3, plataformas: 2
ABM: Se creó la estación Las Flores
ABM: Se agrego Las Flores (Las Flores) - Av. Rivadavia 400 CP:7200 | vías: 2, plataformas: 2
ABM: Se creó la estación Neuquen
ABM: Se agrego Neuquen (capital) - Av. Brasil 1128 CP:C1154 | vías: 14, plataformas: 8
ABM: Se creó la estación Bariloche
ABM: Se agrego Bariloche (Rio negro) - Libertad 150 CP:1814 | vías: 3, plataformas: 2
ABM: Se creó la estación Tierra del fuego
ABM: Se agrego Tierra del fuego (tierra) - Av. Rivadavia 400 CP:7200 | vías: 2, plataformas: 2
ABM: Se creó la estación La Plata
ABM: Se agrego La Plata (Buenos Aires) - Calle 1 100 CP:1900 | vías: 5, plataformas: 4
ABM: Se creó la estación Mar del Plata
ABM: Se agrego Mar del Plata (Buenos Aires) - Av. Luro 200 CP:7600 | vías: 4, plataformas: 3
ABM: Se creó la estación Rosario
ABM: Se agrego Rosario (Santa Fe) - Aristobulo 300 CP:2000 | vías: 6, plataformas: 4
ABM: Se creó la estación Cordoba
ABM: Se agrego Cordoba (Cordoba) - Peron 400 CP:5000 | vías: 5, plataformas: 3
ABM: Se creó la estación Mendoza
ABM: Se agrego Mendoza (Mendoza) - Las Heras 500 CP:5500 | vías: 3, plataformas: 2
ABM: Se creó la estación Tucuman
ABM: Se agrego Tucuman (Tucuman) - Corrientes 600 CP:4000 | vías: 3, plataformas: 2
ABM: Se creó la estación Salta
ABM: Se agrego Salta (Salta) - Balcarce 700 CP:4400 | vías: 2, plataformas: 2
ABM: Se creó la estación San Juan
ABM: Se agrego San Juan (San Juan) - España 800 CP:5400 | vías: 2, plataformas: 2
ABM: Se creó la estación San Luis
ABM: Se agrego San Luis (San Luis) - Illia 900 CP:5700 | vías: 2, plataformas: 2
ABM: Se creó la estación Santa Rosa
ABM: Se agrego Santa Rosa (La Pampa) - Luro 1000 CP:6300 | vías: 2, plataformas: 2
ABM: Se creó la estación Viedma
ABM: Se agrego Viedma (Rio Negro) - Roca 1100 CP:8500 | vías: 2, plataformas: 2
ABM: Se creó la estación Rawson
ABM: Se agrego Rawson (Chubut) - Fontana 1200 CP:9103 | vías: 2, plataformas: 2
ABM: Se agrego Tren  [diesel] pas:6 carga:0 linea:Mitre
ABM: Se agrego Tren  [gasolina] pas:0 carga:0 linea:no-asignado
ABM: Se agrego Tren  [diesel] pas:8 carga:0 linea:Roca-Tandil
ABM: Se agrego Tren  [electrico] pas:8 carga:0 linea:San Martin
ABM: Se agrego Tren  [diesel] pas:5 carga:0 linea:Belgrano Norte
ABM: Se agrego Tren  [gasolina] pas:4 carga:0 linea:Mitre
ABM: Se agrego Tren  [electrico] pas:7 carga:0 linea:Roca-Tandil
ABM: Se agrego Tren  [diesel] pas:6 carga:0 linea:San Martin
ABM: Se agrego Tren  [electrico] pas:9 carga:0 linea:Belgrano Norte
ABM: Se agrego Tren  [diesel] pas:5 carga:0 linea:Mitre
ABM: Se agrego Tren  [gasolina] pas:3 carga:0 linea:no-asignado
ABM: Se agrego Tren  [electrico] pas:10 carga:0 linea:San Martin
ABM: Se agrego Tren  [diesel] pas:7 carga:0 linea:Roca-Tandil
ABM: Se agrego Tren  [diesel] pas:6 carga:0 linea:Belgrano Norte
ABM: Se agrego Tren  [electrico] pas:8 carga:0 linea:Mitre
ABM: Se agrego Tren  [gasolina] pas:4 carga:0 linea:no-asignado
ABM: Se agrego Tren  [diesel] pas:5 carga:0 linea:San Martin
ABM: Se agrego Tren  [electrico] pas:9 carga:0 linea:Roca-Tandil
ABM: Se agrego Tren  [diesel] pas:6 carga:0 linea:Belgrano Norte
ABM: Se agrego Tren  [electrico] pas:7 carga:0 linea:San Martin

=== ESTADO DEL SISTEMA POST-CARGA INICIAL ===
eed.tp.TrenesSaControlador@6ce253f1
==============================================

ABM: Se creó la estación Tandil
ABM: Se agrego Tandil (Tandil) - Av. España 745 CP:7000 | vías: 4, plataformas: 2
ABM: Se creó la estación Retiro
ABM: Se agrego Retiro (CABA) - Av. Dr. Jose Maria Ramos Mejia 1430 CP:C1104 | vías: 9, plataformas: 6
ABM: Se creó la estación Constitucion
ABM: Se agrego Constitucion (CABA) - Av. Brasil 1128 CP:C1154 | vías: 14, plataformas: 8
ABM: Se creó la estación Canuelas
ABM: Se agrego Canuelas (Canuelas) - Libertad 150 CP:1814 | vías: 3, plataformas: 2
ABM: Se creó la estación Las Flores
ABM: Se agrego Las Flores (Las Flores) - Av. Rivadavia 400 CP:7200 | vías: 2, plataformas: 2
ABM: Se creó la estación Neuquen
ABM: Se agrego Neuquen (capital) - Av. Brasil 1128 CP:C1154 | vías: 14, plataformas: 8
ABM: Se creó la estación Bariloche
ABM: Se agrego Bariloche (Rio negro) - Libertad 150 CP:1814 | vías: 3, plataformas: 2
ABM: Se creó la estación Tierra del fuego
ABM: Se agrego Tierra del fuego (tierra) - Av. Rivadavia 400 CP:7200 | vías: 2, plataformas: 2
ABM: Se creó la estación La Plata
ABM: Se agrego La Plata (Buenos Aires) - Calle 1 100 CP:1900 | vías: 5, plataformas: 4
ABM: Se creó la estación Mar del Plata
ABM: Se agrego Mar del Plata (Buenos Aires) - Av. Luro 200 CP:7600 | vías: 4, plataformas: 3
ABM: Se creó la estación Rosario
ABM: Se agrego Rosario (Santa Fe) - Aristobulo 300 CP:2000 | vías: 6, plataformas: 4
ABM: Se creó la estación Cordoba
ABM: Se agrego Cordoba (Cordoba) - Peron 400 CP:5000 | vías: 5, plataformas: 3
ABM: Se creó la estación Mendoza
ABM: Se agrego Mendoza (Mendoza) - Las Heras 500 CP:5500 | vías: 3, plataformas: 2
ABM: Se creó la estación Tucuman
ABM: Se agrego Tucuman (Tucuman) - Corrientes 600 CP:4000 | vías: 3, plataformas: 2
ABM: Se creó la estación Salta
ABM: Se agrego Salta (Salta) - Balcarce 700 CP:4400 | vías: 2, plataformas: 2
ABM: Se creó la estación San Juan
ABM: Se agrego San Juan (San Juan) - España 800 CP:5400 | vías: 2, plataformas: 2
ABM: Se creó la estación San Luis
ABM: Se agrego San Luis (San Luis) - Illia 900 CP:5700 | vías: 2, plataformas: 2
ABM: Se creó la estación Santa Rosa
ABM: Se agrego Santa Rosa (La Pampa) - Luro 1000 CP:6300 | vías: 2, plataformas: 2
ABM: Se creó la estación Viedma
ABM: Se agrego Viedma (Rio Negro) - Roca 1100 CP:8500 | vías: 2, plataformas: 2
ABM: Se creó la estación Rawson
ABM: Se agrego Rawson (Chubut) - Fontana 1200 CP:9103 | vías: 2, plataformas: 2
ABM: Se agrego Tren  [diesel] pas:6 carga:0 linea:Mitre
ABM: Se agrego Tren  [gasolina] pas:0 carga:0 linea:no-asignado
ABM: Se agrego Tren  [diesel] pas:8 carga:0 linea:Roca-Tandil
ABM: Se agrego Tren  [electrico] pas:8 carga:0 linea:San Martin
ABM: Se agrego Tren  [diesel] pas:5 carga:0 linea:Belgrano Norte
ABM: Se agrego Tren  [gasolina] pas:4 carga:0 linea:Mitre
ABM: Se agrego Tren  [electrico] pas:7 carga:0 linea:Roca-Tandil
ABM: Se agrego Tren  [diesel] pas:6 carga:0 linea:San Martin
ABM: Se agrego Tren  [electrico] pas:9 carga:0 linea:Belgrano Norte
ABM: Se agrego Tren  [diesel] pas:5 carga:0 linea:Mitre
ABM: Se agrego Tren  [gasolina] pas:3 carga:0 linea:no-asignado
ABM: Se agrego Tren  [electrico] pas:10 carga:0 linea:San Martin
ABM: Se agrego Tren  [diesel] pas:7 carga:0 linea:Roca-Tandil
ABM: Se agrego Tren  [diesel] pas:6 carga:0 linea:Belgrano Norte
ABM: Se agrego Tren  [electrico] pas:8 carga:0 linea:Mitre
ABM: Se agrego Tren  [gasolina] pas:4 carga:0 linea:no-asignado
ABM: Se agrego Tren  [diesel] pas:5 carga:0 linea:San Martin
ABM: Se agrego Tren  [electrico] pas:9 carga:0 linea:Roca-Tandil
ABM: Se agrego Tren  [diesel] pas:6 carga:0 linea:Belgrano Norte
ABM: Se agrego Tren  [electrico] pas:7 carga:0 linea:San Martin

=== ESTADO DEL SISTEMA POST-CARGA INICIAL ===
eed.tp.TrenesSaControlador@6ce253f1
==============================================

ABM: Se creó la estación Tandil
ABM: Se agrego Tandil (Tandil) - Av. España 745 CP:7000 | vías: 4, plataformas: 2
ABM: Se creó la estación Retiro
ABM: Se agrego Retiro (CABA) - Av. Dr. Jose Maria Ramos Mejia 1430 CP:C1104 | vías: 9, plataformas: 6
ABM: Se creó la estación Constitucion
ABM: Se agrego Constitucion (CABA) - Av. Brasil 1128 CP:C1154 | vías: 14, plataformas: 8
ABM: Se creó la estación Canuelas
ABM: Se agrego Canuelas (Canuelas) - Libertad 150 CP:1814 | vías: 3, plataformas: 2
ABM: Se creó la estación Las Flores
ABM: Se agrego Las Flores (Las Flores) - Av. Rivadavia 400 CP:7200 | vías: 2, plataformas: 2
ABM: Se creó la estación Neuquen
ABM: Se agrego Neuquen (capital) - Av. Brasil 1128 CP:C1154 | vías: 14, plataformas: 8
ABM: Se creó la estación Bariloche
ABM: Se agrego Bariloche (Rio negro) - Libertad 150 CP:1814 | vías: 3, plataformas: 2
ABM: Se creó la estación Tierra del fuego
ABM: Se agrego Tierra del fuego (tierra) - Av. Rivadavia 400 CP:7200 | vías: 2, plataformas: 2
ABM: Se creó la estación La Plata
ABM: Se agrego La Plata (Buenos Aires) - Calle 1 100 CP:1900 | vías: 5, plataformas: 4
ABM: Se creó la estación Mar del Plata
ABM: Se agrego Mar del Plata (Buenos Aires) - Av. Luro 200 CP:7600 | vías: 4, plataformas: 3
ABM: Se creó la estación Rosario
ABM: Se agrego Rosario (Santa Fe) - Aristobulo 300 CP:2000 | vías: 6, plataformas: 4
ABM: Se creó la estación Cordoba
ABM: Se agrego Cordoba (Cordoba) - Peron 400 CP:5000 | vías: 5, plataformas: 3
ABM: Se creó la estación Mendoza
ABM: Se agrego Mendoza (Mendoza) - Las Heras 500 CP:5500 | vías: 3, plataformas: 2
ABM: Se creó la estación Tucuman
ABM: Se agrego Tucuman (Tucuman) - Corrientes 600 CP:4000 | vías: 3, plataformas: 2
ABM: Se creó la estación Salta
ABM: Se agrego Salta (Salta) - Balcarce 700 CP:4400 | vías: 2, plataformas: 2
ABM: Se creó la estación San Juan
ABM: Se agrego San Juan (San Juan) - España 800 CP:5400 | vías: 2, plataformas: 2
ABM: Se creó la estación San Luis
ABM: Se agrego San Luis (San Luis) - Illia 900 CP:5700 | vías: 2, plataformas: 2
ABM: Se creó la estación Santa Rosa
ABM: Se agrego Santa Rosa (La Pampa) - Luro 1000 CP:6300 | vías: 2, plataformas: 2
ABM: Se creó la estación Viedma
ABM: Se agrego Viedma (Rio Negro) - Roca 1100 CP:8500 | vías: 2, plataformas: 2
ABM: Se creó la estación Rawson
ABM: Se agrego Rawson (Chubut) - Fontana 1200 CP:9103 | vías: 2, plataformas: 2
ABM: Se agrego Tren  [diesel] pas:6 carga:0 linea:Mitre
ABM: Se agrego Tren  [gasolina] pas:0 carga:0 linea:no-asignado
ABM: Se agrego Tren  [diesel] pas:8 carga:0 linea:Roca-Tandil
ABM: Se agrego Tren  [electrico] pas:8 carga:0 linea:San Martin
ABM: Se agrego Tren  [diesel] pas:5 carga:0 linea:Belgrano Norte
ABM: Se agrego Tren  [gasolina] pas:4 carga:0 linea:Mitre
ABM: Se agrego Tren  [electrico] pas:7 carga:0 linea:Roca-Tandil
ABM: Se agrego Tren  [diesel] pas:6 carga:0 linea:San Martin
ABM: Se agrego Tren  [electrico] pas:9 carga:0 linea:Belgrano Norte
ABM: Se agrego Tren  [diesel] pas:5 carga:0 linea:Mitre
ABM: Se agrego Tren  [gasolina] pas:3 carga:0 linea:no-asignado
ABM: Se agrego Tren  [electrico] pas:10 carga:0 linea:San Martin
ABM: Se agrego Tren  [diesel] pas:7 carga:0 linea:Roca-Tandil
ABM: Se agrego Tren  [diesel] pas:6 carga:0 linea:Belgrano Norte
ABM: Se agrego Tren  [electrico] pas:8 carga:0 linea:Mitre
ABM: Se agrego Tren  [gasolina] pas:4 carga:0 linea:no-asignado
ABM: Se agrego Tren  [diesel] pas:5 carga:0 linea:San Martin
ABM: Se agrego Tren  [electrico] pas:9 carga:0 linea:Roca-Tandil
ABM: Se agrego Tren  [diesel] pas:6 carga:0 linea:Belgrano Norte
ABM: Se agrego Tren  [electrico] pas:7 carga:0 linea:San Martin

=== ESTADO DEL SISTEMA POST-CARGA INICIAL ===
eed.tp.TrenesSaControlador@6ce253f1
==============================================

ABM: Se creó la estación Tandil
ABM: Se agrego Tandil (Tandil) - Av. España 745 CP:7000 | vías: 4, plataformas: 2
ABM: Se creó la estación Retiro
ABM: Se agrego Retiro (CABA) - Av. Dr. Jose Maria Ramos Mejia 1430 CP:C1104 | vías: 9, plataformas: 6
ABM: Se creó la estación Constitucion
ABM: Se agrego Constitucion (CABA) - Av. Brasil 1128 CP:C1154 | vías: 14, plataformas: 8
ABM: Se creó la estación Canuelas
ABM: Se agrego Canuelas (Canuelas) - Libertad 150 CP:1814 | vías: 3, plataformas: 2
ABM: Se creó la estación Las Flores
ABM: Se agrego Las Flores (Las Flores) - Av. Rivadavia 400 CP:7200 | vías: 2, plataformas: 2
ABM: Se creó la estación Neuquen
ABM: Se agrego Neuquen (capital) - Av. Brasil 1128 CP:C1154 | vías: 14, plataformas: 8
ABM: Se creó la estación Bariloche
ABM: Se agrego Bariloche (Rio negro) - Libertad 150 CP:1814 | vías: 3, plataformas: 2
ABM: Se creó la estación Tierra del fuego
ABM: Se agrego Tierra del fuego (tierra) - Av. Rivadavia 400 CP:7200 | vías: 2, plataformas: 2
ABM: Se creó la estación La Plata
ABM: Se agrego La Plata (Buenos Aires) - Calle 1 100 CP:1900 | vías: 5, plataformas: 4
ABM: Se creó la estación Mar del Plata
ABM: Se agrego Mar del Plata (Buenos Aires) - Av. Luro 200 CP:7600 | vías: 4, plataformas: 3
ABM: Se creó la estación Rosario
ABM: Se agrego Rosario (Santa Fe) - Aristobulo 300 CP:2000 | vías: 6, plataformas: 4
ABM: Se creó la estación Cordoba
ABM: Se agrego Cordoba (Cordoba) - Peron 400 CP:5000 | vías: 5, plataformas: 3
ABM: Se creó la estación Mendoza
ABM: Se agrego Mendoza (Mendoza) - Las Heras 500 CP:5500 | vías: 3, plataformas: 2
ABM: Se creó la estación Tucuman
ABM: Se agrego Tucuman (Tucuman) - Corrientes 600 CP:4000 | vías: 3, plataformas: 2
ABM: Se creó la estación Salta
ABM: Se agrego Salta (Salta) - Balcarce 700 CP:4400 | vías: 2, plataformas: 2
ABM: Se creó la estación San Juan
ABM: Se agrego San Juan (San Juan) - España 800 CP:5400 | vías: 2, plataformas: 2
ABM: Se creó la estación San Luis
ABM: Se agrego San Luis (San Luis) - Illia 900 CP:5700 | vías: 2, plataformas: 2
ABM: Se creó la estación Santa Rosa
ABM: Se agrego Santa Rosa (La Pampa) - Luro 1000 CP:6300 | vías: 2, plataformas: 2
ABM: Se creó la estación Viedma
ABM: Se agrego Viedma (Rio Negro) - Roca 1100 CP:8500 | vías: 2, plataformas: 2
ABM: Se creó la estación Rawson
ABM: Se agrego Rawson (Chubut) - Fontana 1200 CP:9103 | vías: 2, plataformas: 2
ABM: Se agrego Tren  [diesel] pas:6 carga:0 linea:Mitre
ABM: Se agrego Tren  [gasolina] pas:0 carga:0 linea:no-asignado
ABM: Se agrego Tren  [diesel] pas:8 carga:0 linea:Roca-Tandil
ABM: Se agrego Tren  [electrico] pas:8 carga:0 linea:San Martin
ABM: Se agrego Tren  [diesel] pas:5 carga:0 linea:Belgrano Norte
ABM: Se agrego Tren  [gasolina] pas:4 carga:0 linea:Mitre
ABM: Se agrego Tren  [electrico] pas:7 carga:0 linea:Roca-Tandil
ABM: Se agrego Tren  [diesel] pas:6 carga:0 linea:San Martin
ABM: Se agrego Tren  [electrico] pas:9 carga:0 linea:Belgrano Norte
ABM: Se agrego Tren  [diesel] pas:5 carga:0 linea:Mitre
ABM: Se agrego Tren  [gasolina] pas:3 carga:0 linea:no-asignado
ABM: Se agrego Tren  [electrico] pas:10 carga:0 linea:San Martin
ABM: Se agrego Tren  [diesel] pas:7 carga:0 linea:Roca-Tandil
ABM: Se agrego Tren  [diesel] pas:6 carga:0 linea:Belgrano Norte
ABM: Se agrego Tren  [electrico] pas:8 carga:0 linea:Mitre
ABM: Se agrego Tren  [gasolina] pas:4 carga:0 linea:no-asignado
ABM: Se agrego Tren  [diesel] pas:5 carga:0 linea:San Martin
ABM: Se agrego Tren  [electrico] pas:9 carga:0 linea:Roca-Tandil
ABM: Se agrego Tren  [diesel] pas:6 carga:0 linea:Belgrano Norte
ABM: Se agrego Tren  [electrico] pas:7 carga:0 linea:San Martin

=== ESTADO DEL SISTEMA POST-CARGA INICIAL ===
eed.tp.TrenesSaControlador@6ce253f1
==============================================

ABM: Se creó la estación Tandil
ABM: Se agrego Tandil (Tandil) - Av. España 745 CP:7000 | vías: 4, plataformas: 2
ABM: Se creó la estación Retiro
ABM: Se agrego Retiro (CABA) - Av. Dr. Jose Maria Ramos Mejia 1430 CP:C1104 | vías: 9, plataformas: 6
ABM: Se creó la estación Constitucion
ABM: Se agrego Constitucion (CABA) - Av. Brasil 1128 CP:C1154 | vías: 14, plataformas: 8
ABM: Se creó la estación Canuelas
ABM: Se agrego Canuelas (Canuelas) - Libertad 150 CP:1814 | vías: 3, plataformas: 2
ABM: Se creó la estación Las Flores
ABM: Se agrego Las Flores (Las Flores) - Av. Rivadavia 400 CP:7200 | vías: 2, plataformas: 2
ABM: Se creó la estación Neuquen
ABM: Se agrego Neuquen (capital) - Av. Brasil 1128 CP:C1154 | vías: 14, plataformas: 8
ABM: Se creó la estación Bariloche
ABM: Se agrego Bariloche (Rio negro) - Libertad 150 CP:1814 | vías: 3, plataformas: 2
ABM: Se creó la estación Tierra del fuego
ABM: Se agrego Tierra del fuego (tierra) - Av. Rivadavia 400 CP:7200 | vías: 2, plataformas: 2
ABM: Se creó la estación La Plata
ABM: Se agrego La Plata (Buenos Aires) - Calle 1 100 CP:1900 | vías: 5, plataformas: 4
ABM: Se creó la estación Mar del Plata
ABM: Se agrego Mar del Plata (Buenos Aires) - Av. Luro 200 CP:7600 | vías: 4, plataformas: 3
ABM: Se creó la estación Rosario
ABM: Se agrego Rosario (Santa Fe) - Aristobulo 300 CP:2000 | vías: 6, plataformas: 4
ABM: Se creó la estación Cordoba
ABM: Se agrego Cordoba (Cordoba) - Peron 400 CP:5000 | vías: 5, plataformas: 3
ABM: Se creó la estación Mendoza
ABM: Se agrego Mendoza (Mendoza) - Las Heras 500 CP:5500 | vías: 3, plataformas: 2
ABM: Se creó la estación Tucuman
ABM: Se agrego Tucuman (Tucuman) - Corrientes 600 CP:4000 | vías: 3, plataformas: 2
ABM: Se creó la estación Salta
ABM: Se agrego Salta (Salta) - Balcarce 700 CP:4400 | vías: 2, plataformas: 2
ABM: Se creó la estación San Juan
ABM: Se agrego San Juan (San Juan) - España 800 CP:5400 | vías: 2, plataformas: 2
ABM: Se creó la estación San Luis
ABM: Se agrego San Luis (San Luis) - Illia 900 CP:5700 | vías: 2, plataformas: 2
ABM: Se creó la estación Santa Rosa
ABM: Se agrego Santa Rosa (La Pampa) - Luro 1000 CP:6300 | vías: 2, plataformas: 2
ABM: Se creó la estación Viedma
ABM: Se agrego Viedma (Rio Negro) - Roca 1100 CP:8500 | vías: 2, plataformas: 2
ABM: Se creó la estación Rawson
ABM: Se agrego Rawson (Chubut) - Fontana 1200 CP:9103 | vías: 2, plataformas: 2
ABM: Se agrego Tren  [diesel] pas:6 carga:0 linea:Mitre
ABM: Se agrego Tren  [gasolina] pas:0 carga:0 linea:no-asignado
ABM: Se agrego Tren  [diesel] pas:8 carga:0 linea:Roca-Tandil
ABM: Se agrego Tren  [electrico] pas:8 carga:0 linea:San Martin
ABM: Se agrego Tren  [diesel] pas:5 carga:0 linea:Belgrano Norte
ABM: Se agrego Tren  [gasolina] pas:4 carga:0 linea:Mitre
ABM: Se agrego Tren  [electrico] pas:7 carga:0 linea:Roca-Tandil
ABM: Se agrego Tren  [diesel] pas:6 carga:0 linea:San Martin
ABM: Se agrego Tren  [electrico] pas:9 carga:0 linea:Belgrano Norte
ABM: Se agrego Tren  [diesel] pas:5 carga:0 linea:Mitre
ABM: Se agrego Tren  [gasolina] pas:3 carga:0 linea:no-asignado
ABM: Se agrego Tren  [electrico] pas:10 carga:0 linea:San Martin
ABM: Se agrego Tren  [diesel] pas:7 carga:0 linea:Roca-Tandil
ABM: Se agrego Tren  [diesel] pas:6 carga:0 linea:Belgrano Norte
ABM: Se agrego Tren  [electrico] pas:8 carga:0 linea:Mitre
ABM: Se agrego Tren  [gasolina] pas:4 carga:0 linea:no-asignado
ABM: Se agrego Tren  [diesel] pas:5 carga:0 linea:San Martin
ABM: Se agrego Tren  [electrico] pas:9 carga:0 linea:Roca-Tandil
ABM: Se agrego Tren  [diesel] pas:6 carga:0 linea:Belgrano Norte
ABM: Se agrego Tren  [electrico] pas:7 carga:0 linea:San Martin

=== ESTADO DEL SISTEMA POST-CARGA INICIAL ===
eed.tp.TrenesSaControlador@6ce253f1
==============================================

ABM: Se creó la estación Tandil
ABM: Se agrego Tandil (Tandil) - Av. España 745 CP:7000 | vías: 4, plataformas: 2
ABM: Se creó la estación Retiro
ABM: Se agrego Retiro (CABA) - Av. Dr. Jose Maria Ramos Mejia 1430 CP:C1104 | vías: 9, plataformas: 6
ABM: Se creó la estación Constitucion
ABM: Se agrego Constitucion (CABA) - Av. Brasil 1128 CP:C1154 | vías: 14, plataformas: 8
ABM: Se creó la estación Canuelas
ABM: Se agrego Canuelas (Canuelas) - Libertad 150 CP:1814 | vías: 3, plataformas: 2
ABM: Se creó la estación Las Flores
ABM: Se agrego Las Flores (Las Flores) - Av. Rivadavia 400 CP:7200 | vías: 2, plataformas: 2
ABM: Se creó la estación Neuquen
ABM: Se agrego Neuquen (capital) - Av. Brasil 1128 CP:C1154 | vías: 14, plataformas: 8
ABM: Se creó la estación Bariloche
ABM: Se agrego Bariloche (Rio negro) - Libertad 150 CP:1814 | vías: 3, plataformas: 2
ABM: Se creó la estación Tierra del fuego
ABM: Se agrego Tierra del fuego (tierra) - Av. Rivadavia 400 CP:7200 | vías: 2, plataformas: 2
ABM: Se creó la estación La Plata
ABM: Se agrego La Plata (Buenos Aires) - Calle 1 100 CP:1900 | vías: 5, plataformas: 4
ABM: Se creó la estación Mar del Plata
ABM: Se agrego Mar del Plata (Buenos Aires) - Av. Luro 200 CP:7600 | vías: 4, plataformas: 3
ABM: Se creó la estación Rosario
ABM: Se agrego Rosario (Santa Fe) - Aristobulo 300 CP:2000 | vías: 6, plataformas: 4
ABM: Se creó la estación Cordoba
ABM: Se agrego Cordoba (Cordoba) - Peron 400 CP:5000 | vías: 5, plataformas: 3
ABM: Se creó la estación Mendoza
ABM: Se agrego Mendoza (Mendoza) - Las Heras 500 CP:5500 | vías: 3, plataformas: 2
ABM: Se creó la estación Tucuman
ABM: Se agrego Tucuman (Tucuman) - Corrientes 600 CP:4000 | vías: 3, plataformas: 2
ABM: Se creó la estación Salta
ABM: Se agrego Salta (Salta) - Balcarce 700 CP:4400 | vías: 2, plataformas: 2
ABM: Se creó la estación San Juan
ABM: Se agrego San Juan (San Juan) - España 800 CP:5400 | vías: 2, plataformas: 2
ABM: Se creó la estación San Luis
ABM: Se agrego San Luis (San Luis) - Illia 900 CP:5700 | vías: 2, plataformas: 2
ABM: Se creó la estación Santa Rosa
ABM: Se agrego Santa Rosa (La Pampa) - Luro 1000 CP:6300 | vías: 2, plataformas: 2
ABM: Se creó la estación Viedma
ABM: Se agrego Viedma (Rio Negro) - Roca 1100 CP:8500 | vías: 2, plataformas: 2
ABM: Se creó la estación Rawson
ABM: Se agrego Rawson (Chubut) - Fontana 1200 CP:9103 | vías: 2, plataformas: 2
ABM: Se agrego Tren  [diesel] pas:6 carga:0 linea:Mitre
ABM: Se agrego Tren  [gasolina] pas:0 carga:0 linea:no-asignado
ABM: Se agrego Tren  [diesel] pas:8 carga:0 linea:Roca-Tandil
ABM: Se agrego Tren  [electrico] pas:8 carga:0 linea:San Martin
ABM: Se agrego Tren  [diesel] pas:5 carga:0 linea:Belgrano Norte
ABM: Se agrego Tren  [gasolina] pas:4 carga:0 linea:Mitre
ABM: Se agrego Tren  [electrico] pas:7 carga:0 linea:Roca-Tandil
ABM: Se agrego Tren  [diesel] pas:6 carga:0 linea:San Martin
ABM: Se agrego Tren  [electrico] pas:9 carga:0 linea:Belgrano Norte
ABM: Se agrego Tren  [diesel] pas:5 carga:0 linea:Mitre
ABM: Se agrego Tren  [gasolina] pas:3 carga:0 linea:no-asignado
ABM: Se agrego Tren  [electrico] pas:10 carga:0 linea:San Martin
ABM: Se agrego Tren  [diesel] pas:7 carga:0 linea:Roca-Tandil
ABM: Se agrego Tren  [diesel] pas:6 carga:0 linea:Belgrano Norte
ABM: Se agrego Tren  [electrico] pas:8 carga:0 linea:Mitre
ABM: Se agrego Tren  [gasolina] pas:4 carga:0 linea:no-asignado
ABM: Se agrego Tren  [diesel] pas:5 carga:0 linea:San Martin
ABM: Se agrego Tren  [electrico] pas:9 carga:0 linea:Roca-Tandil
ABM: Se agrego Tren  [diesel] pas:6 carga:0 linea:Belgrano Norte
ABM: Se agrego Tren  [electrico] pas:7 carga:0 linea:San Martin

=== ESTADO DEL SISTEMA POST-CARGA INICIAL ===
eed.tp.TrenesSaControlador@6ce253f1
==============================================

ABM: Se creó la estación Tandil
ABM: Se agrego Tandil (Tandil) - Av. España 745 CP:7000 | vías: 4, plataformas: 2
ABM: Se creó la estación Retiro
ABM: Se agrego Retiro (CABA) - Av. Dr. Jose Maria Ramos Mejia 1430 CP:C1104 | vías: 9, plataformas: 6
ABM: Se creó la estación Constitucion
ABM: Se agrego Constitucion (CABA) - Av. Brasil 1128 CP:C1154 | vías: 14, plataformas: 8
ABM: Se creó la estación Canuelas
ABM: Se agrego Canuelas (Canuelas) - Libertad 150 CP:1814 | vías: 3, plataformas: 2
ABM: Se creó la estación Las Flores
ABM: Se agrego Las Flores (Las Flores) - Av. Rivadavia 400 CP:7200 | vías: 2, plataformas: 2
ABM: Se creó la estación Neuquen
ABM: Se agrego Neuquen (capital) - Av. Brasil 1128 CP:C1154 | vías: 14, plataformas: 8
ABM: Se creó la estación Bariloche
ABM: Se agrego Bariloche (Rio negro) - Libertad 150 CP:1814 | vías: 3, plataformas: 2
ABM: Se creó la estación Tierra del fuego
ABM: Se agrego Tierra del fuego (tierra) - Av. Rivadavia 400 CP:7200 | vías: 2, plataformas: 2
ABM: Se creó la estación La Plata
ABM: Se agrego La Plata (Buenos Aires) - Calle 1 100 CP:1900 | vías: 5, plataformas: 4
ABM: Se creó la estación Mar del Plata
ABM: Se agrego Mar del Plata (Buenos Aires) - Av. Luro 200 CP:7600 | vías: 4, plataformas: 3
ABM: Se creó la estación Rosario
ABM: Se agrego Rosario (Santa Fe) - Aristobulo 300 CP:2000 | vías: 6, plataformas: 4
ABM: Se creó la estación Cordoba
ABM: Se agrego Cordoba (Cordoba) - Peron 400 CP:5000 | vías: 5, plataformas: 3
ABM: Se creó la estación Mendoza
ABM: Se agrego Mendoza (Mendoza) - Las Heras 500 CP:5500 | vías: 3, plataformas: 2
ABM: Se creó la estación Tucuman
ABM: Se agrego Tucuman (Tucuman) - Corrientes 600 CP:4000 | vías: 3, plataformas: 2
ABM: Se creó la estación Salta
ABM: Se agrego Salta (Salta) - Balcarce 700 CP:4400 | vías: 2, plataformas: 2
ABM: Se creó la estación San Juan
ABM: Se agrego San Juan (San Juan) - España 800 CP:5400 | vías: 2, plataformas: 2
ABM: Se creó la estación San Luis
ABM: Se agrego San Luis (San Luis) - Illia 900 CP:5700 | vías: 2, plataformas: 2
ABM: Se creó la estación Santa Rosa
ABM: Se agrego Santa Rosa (La Pampa) - Luro 1000 CP:6300 | vías: 2, plataformas: 2
ABM: Se creó la estación Viedma
ABM: Se agrego Viedma (Rio Negro) - Roca 1100 CP:8500 | vías: 2, plataformas: 2
ABM: Se creó la estación Rawson
ABM: Se agrego Rawson (Chubut) - Fontana 1200 CP:9103 | vías: 2, plataformas: 2
ABM: Se agrego Tren  [diesel] pas:6 carga:0 linea:Mitre
ABM: Se agrego Tren  [gasolina] pas:0 carga:0 linea:no-asignado
ABM: Se agrego Tren  [diesel] pas:8 carga:0 linea:Roca-Tandil
ABM: Se agrego Tren  [electrico] pas:8 carga:0 linea:San Martin
ABM: Se agrego Tren  [diesel] pas:5 carga:0 linea:Belgrano Norte
ABM: Se agrego Tren  [gasolina] pas:4 carga:0 linea:Mitre
ABM: Se agrego Tren  [electrico] pas:7 carga:0 linea:Roca-Tandil
ABM: Se agrego Tren  [diesel] pas:6 carga:0 linea:San Martin
ABM: Se agrego Tren  [electrico] pas:9 carga:0 linea:Belgrano Norte
ABM: Se agrego Tren  [diesel] pas:5 carga:0 linea:Mitre
ABM: Se agrego Tren  [gasolina] pas:3 carga:0 linea:no-asignado
ABM: Se agrego Tren  [electrico] pas:10 carga:0 linea:San Martin
ABM: Se agrego Tren  [diesel] pas:7 carga:0 linea:Roca-Tandil
ABM: Se agrego Tren  [diesel] pas:6 carga:0 linea:Belgrano Norte
ABM: Se agrego Tren  [electrico] pas:8 carga:0 linea:Mitre
ABM: Se agrego Tren  [gasolina] pas:4 carga:0 linea:no-asignado
ABM: Se agrego Tren  [diesel] pas:5 carga:0 linea:San Martin
ABM: Se agrego Tren  [electrico] pas:9 carga:0 linea:Roca-Tandil
ABM: Se agrego Tren  [diesel] pas:6 carga:0 linea:Belgrano Norte
ABM: Se agrego Tren  [electrico] pas:7 carga:0 linea:San Martin

=== ESTADO DEL SISTEMA POST-CARGA INICIAL ===
eed.tp.TrenesSaControlador@6ce253f1
==============================================

ABM: Se creó la estación Tandil
ABM: Se agrego Tandil (Tandil) - Av. España 745 CP:7000 | vías: 4, plataformas: 2
ABM: Se creó la estación Retiro
ABM: Se agrego Retiro (CABA) - Av. Dr. Jose Maria Ramos Mejia 1430 CP:C1104 | vías: 9, plataformas: 6
ABM: Se creó la estación Constitucion
ABM: Se agrego Constitucion (CABA) - Av. Brasil 1128 CP:C1154 | vías: 14, plataformas: 8
ABM: Se creó la estación Canuelas
ABM: Se agrego Canuelas (Canuelas) - Libertad 150 CP:1814 | vías: 3, plataformas: 2
ABM: Se creó la estación Las Flores
ABM: Se agrego Las Flores (Las Flores) - Av. Rivadavia 400 CP:7200 | vías: 2, plataformas: 2
ABM: Se creó la estación Neuquen
ABM: Se agrego Neuquen (capital) - Av. Brasil 1128 CP:C1154 | vías: 14, plataformas: 8
ABM: Se creó la estación Bariloche
ABM: Se agrego Bariloche (Rio negro) - Libertad 150 CP:1814 | vías: 3, plataformas: 2
ABM: Se creó la estación Tierra del fuego
ABM: Se agrego Tierra del fuego (tierra) - Av. Rivadavia 400 CP:7200 | vías: 2, plataformas: 2
ABM: Se creó la estación La Plata
ABM: Se agrego La Plata (Buenos Aires) - Calle 1 100 CP:1900 | vías: 5, plataformas: 4
ABM: Se creó la estación Mar del Plata
ABM: Se agrego Mar del Plata (Buenos Aires) - Av. Luro 200 CP:7600 | vías: 4, plataformas: 3
ABM: Se creó la estación Rosario
ABM: Se agrego Rosario (Santa Fe) - Aristobulo 300 CP:2000 | vías: 6, plataformas: 4
ABM: Se creó la estación Cordoba
ABM: Se agrego Cordoba (Cordoba) - Peron 400 CP:5000 | vías: 5, plataformas: 3
ABM: Se creó la estación Mendoza
ABM: Se agrego Mendoza (Mendoza) - Las Heras 500 CP:5500 | vías: 3, plataformas: 2
ABM: Se creó la estación Tucuman
ABM: Se agrego Tucuman (Tucuman) - Corrientes 600 CP:4000 | vías: 3, plataformas: 2
ABM: Se creó la estación Salta
ABM: Se agrego Salta (Salta) - Balcarce 700 CP:4400 | vías: 2, plataformas: 2
ABM: Se creó la estación San Juan
ABM: Se agrego San Juan (San Juan) - España 800 CP:5400 | vías: 2, plataformas: 2
ABM: Se creó la estación San Luis
ABM: Se agrego San Luis (San Luis) - Illia 900 CP:5700 | vías: 2, plataformas: 2
ABM: Se creó la estación Santa Rosa
ABM: Se agrego Santa Rosa (La Pampa) - Luro 1000 CP:6300 | vías: 2, plataformas: 2
ABM: Se creó la estación Viedma
ABM: Se agrego Viedma (Rio Negro) - Roca 1100 CP:8500 | vías: 2, plataformas: 2
ABM: Se creó la estación Rawson
ABM: Se agrego Rawson (Chubut) - Fontana 1200 CP:9103 | vías: 2, plataformas: 2
ABM: Se agrego Tren  [diesel] pas:6 carga:0 linea:Mitre
ABM: Se agrego Tren  [gasolina] pas:0 carga:0 linea:no-asignado
ABM: Se agrego Tren  [diesel] pas:8 carga:0 linea:Roca-Tandil
ABM: Se agrego Tren  [electrico] pas:8 carga:0 linea:San Martin
ABM: Se agrego Tren  [diesel] pas:5 carga:0 linea:Belgrano Norte
ABM: Se agrego Tren  [gasolina] pas:4 carga:0 linea:Mitre
ABM: Se agrego Tren  [electrico] pas:7 carga:0 linea:Roca-Tandil
ABM: Se agrego Tren  [diesel] pas:6 carga:0 linea:San Martin
ABM: Se agrego Tren  [electrico] pas:9 carga:0 linea:Belgrano Norte
ABM: Se agrego Tren  [diesel] pas:5 carga:0 linea:Mitre
ABM: Se agrego Tren  [gasolina] pas:3 carga:0 linea:no-asignado
ABM: Se agrego Tren  [electrico] pas:10 carga:0 linea:San Martin
ABM: Se agrego Tren  [diesel] pas:7 carga:0 linea:Roca-Tandil
ABM: Se agrego Tren  [diesel] pas:6 carga:0 linea:Belgrano Norte
ABM: Se agrego Tren  [electrico] pas:8 carga:0 linea:Mitre
ABM: Se agrego Tren  [gasolina] pas:4 carga:0 linea:no-asignado
ABM: Se agrego Tren  [diesel] pas:5 carga:0 linea:San Martin
ABM: Se agrego Tren  [electrico] pas:9 carga:0 linea:Roca-Tandil
ABM: Se agrego Tren  [diesel] pas:6 carga:0 linea:Belgrano Norte
ABM: Se agrego Tren  [electrico] pas:7 carga:0 linea:San Martin

=== ESTADO DEL SISTEMA POST-CARGA INICIAL ===
eed.tp.TrenesSaControlador@6ce253f1
==============================================

ABM: Se creó la estación Tandil
ABM: Se agrego Tandil (Tandil) - Av. España 745 CP:7000 | vías: 4, plataformas: 2
ABM: Se creó la estación Retiro
ABM: Se agrego Retiro (CABA) - Av. Dr. Jose Maria Ramos Mejia 1430 CP:C1104 | vías: 9, plataformas: 6
ABM: Se creó la estación Constitucion
ABM: Se agrego Constitucion (CABA) - Av. Brasil 1128 CP:C1154 | vías: 14, plataformas: 8
ABM: Se creó la estación Canuelas
ABM: Se agrego Canuelas (Canuelas) - Libertad 150 CP:1814 | vías: 3, plataformas: 2
ABM: Se creó la estación Las Flores
ABM: Se agrego Las Flores (Las Flores) - Av. Rivadavia 400 CP:7200 | vías: 2, plataformas: 2
ABM: Se creó la estación Neuquen
ABM: Se agrego Neuquen (capital) - Av. Brasil 1128 CP:C1154 | vías: 14, plataformas: 8
ABM: Se creó la estación Bariloche
ABM: Se agrego Bariloche (Rio negro) - Libertad 150 CP:1814 | vías: 3, plataformas: 2
ABM: Se creó la estación Tierra del fuego
ABM: Se agrego Tierra del fuego (tierra) - Av. Rivadavia 400 CP:7200 | vías: 2, plataformas: 2
ABM: Se creó la estación La Plata
ABM: Se agrego La Plata (Buenos Aires) - Calle 1 100 CP:1900 | vías: 5, plataformas: 4
ABM: Se creó la estación Mar del Plata
ABM: Se agrego Mar del Plata (Buenos Aires) - Av. Luro 200 CP:7600 | vías: 4, plataformas: 3
ABM: Se creó la estación Rosario
ABM: Se agrego Rosario (Santa Fe) - Aristobulo 300 CP:2000 | vías: 6, plataformas: 4
ABM: Se creó la estación Cordoba
ABM: Se agrego Cordoba (Cordoba) - Peron 400 CP:5000 | vías: 5, plataformas: 3
ABM: Se creó la estación Mendoza
ABM: Se agrego Mendoza (Mendoza) - Las Heras 500 CP:5500 | vías: 3, plataformas: 2
ABM: Se creó la estación Tucuman
ABM: Se agrego Tucuman (Tucuman) - Corrientes 600 CP:4000 | vías: 3, plataformas: 2
ABM: Se creó la estación Salta
ABM: Se agrego Salta (Salta) - Balcarce 700 CP:4400 | vías: 2, plataformas: 2
ABM: Se creó la estación San Juan
ABM: Se agrego San Juan (San Juan) - España 800 CP:5400 | vías: 2, plataformas: 2
ABM: Se creó la estación San Luis
ABM: Se agrego San Luis (San Luis) - Illia 900 CP:5700 | vías: 2, plataformas: 2
ABM: Se creó la estación Santa Rosa
ABM: Se agrego Santa Rosa (La Pampa) - Luro 1000 CP:6300 | vías: 2, plataformas: 2
ABM: Se creó la estación Viedma
ABM: Se agrego Viedma (Rio Negro) - Roca 1100 CP:8500 | vías: 2, plataformas: 2
ABM: Se creó la estación Rawson
ABM: Se agrego Rawson (Chubut) - Fontana 1200 CP:9103 | vías: 2, plataformas: 2
ABM: Se agrego Tren  [diesel] pas:6 carga:0 linea:Mitre
ABM: Se agrego Tren  [gasolina] pas:0 carga:0 linea:no-asignado
ABM: Se agrego Tren  [diesel] pas:8 carga:0 linea:Roca-Tandil
ABM: Se agrego Tren  [electrico] pas:8 carga:0 linea:San Martin
ABM: Se agrego Tren  [diesel] pas:5 carga:0 linea:Belgrano Norte
ABM: Se agrego Tren  [gasolina] pas:4 carga:0 linea:Mitre
ABM: Se agrego Tren  [electrico] pas:7 carga:0 linea:Roca-Tandil
ABM: Se agrego Tren  [diesel] pas:6 carga:0 linea:San Martin
ABM: Se agrego Tren  [electrico] pas:9 carga:0 linea:Belgrano Norte
ABM: Se agrego Tren  [diesel] pas:5 carga:0 linea:Mitre
ABM: Se agrego Tren  [gasolina] pas:3 carga:0 linea:no-asignado
ABM: Se agrego Tren  [electrico] pas:10 carga:0 linea:San Martin
ABM: Se agrego Tren  [diesel] pas:7 carga:0 linea:Roca-Tandil
ABM: Se agrego Tren  [diesel] pas:6 carga:0 linea:Belgrano Norte
ABM: Se agrego Tren  [electrico] pas:8 carga:0 linea:Mitre
ABM: Se agrego Tren  [gasolina] pas:4 carga:0 linea:no-asignado
ABM: Se agrego Tren  [diesel] pas:5 carga:0 linea:San Martin
ABM: Se agrego Tren  [electrico] pas:9 carga:0 linea:Roca-Tandil
ABM: Se agrego Tren  [diesel] pas:6 carga:0 linea:Belgrano Norte
ABM: Se agrego Tren  [electrico] pas:7 carga:0 linea:San Martin

=== ESTADO DEL SISTEMA POST-CARGA INICIAL ===
eed.tp.TrenesSaControlador@6f79caec
==============================================

ABM: Se creó la estación Tandil
ABM: Se agrego Tandil (Tandil) - Av. España 745 CP:7000 | vías: 4, plataformas: 2
ABM: Se creó la estación Retiro
ABM: Se agrego Retiro (CABA) - Av. Dr. Jose Maria Ramos Mejia 1430 CP:C1104 | vías: 9, plataformas: 6
ABM: Se creó la estación Constitucion
ABM: Se agrego Constitucion (CABA) - Av. Brasil 1128 CP:C1154 | vías: 14, plataformas: 8
ABM: Se creó la estación Canuelas
ABM: Se agrego Canuelas (Canuelas) - Libertad 150 CP:1814 | vías: 3, plataformas: 2
ABM: Se creó la estación Las Flores
ABM: Se agrego Las Flores (Las Flores) - Av. Rivadavia 400 CP:7200 | vías: 2, plataformas: 2
ABM: Se creó la estación Neuquen
ABM: Se agrego Neuquen (capital) - Av. Brasil 1128 CP:C1154 | vías: 14, plataformas: 8
ABM: Se creó la estación Bariloche
ABM: Se agrego Bariloche (Rio negro) - Libertad 150 CP:1814 | vías: 3, plataformas: 2
ABM: Se creó la estación Tierra del fuego
ABM: Se agrego Tierra del fuego (tierra) - Av. Rivadavia 400 CP:7200 | vías: 2, plataformas: 2
ABM: Se creó la estación La Plata
ABM: Se agrego La Plata (Buenos Aires) - Calle 1 100 CP:1900 | vías: 5, plataformas: 4
ABM: Se creó la estación Mar del Plata
ABM: Se agrego Mar del Plata (Buenos Aires) - Av. Luro 200 CP:7600 | vías: 4, plataformas: 3
ABM: Se creó la estación Rosario
ABM: Se agrego Rosario (Santa Fe) - Aristobulo 300 CP:2000 | vías: 6, plataformas: 4
ABM: Se creó la estación Cordoba
ABM: Se agrego Cordoba (Cordoba) - Peron 400 CP:5000 | vías: 5, plataformas: 3
ABM: Se creó la estación Mendoza
ABM: Se agrego Mendoza (Mendoza) - Las Heras 500 CP:5500 | vías: 3, plataformas: 2
ABM: Se creó la estación Tucuman
ABM: Se agrego Tucuman (Tucuman) - Corrientes 600 CP:4000 | vías: 3, plataformas: 2
ABM: Se creó la estación Salta
ABM: Se agrego Salta (Salta) - Balcarce 700 CP:4400 | vías: 2, plataformas: 2
ABM: Se creó la estación San Juan
ABM: Se agrego San Juan (San Juan) - España 800 CP:5400 | vías: 2, plataformas: 2
ABM: Se creó la estación San Luis
ABM: Se agrego San Luis (San Luis) - Illia 900 CP:5700 | vías: 2, plataformas: 2
ABM: Se creó la estación Santa Rosa
ABM: Se agrego Santa Rosa (La Pampa) - Luro 1000 CP:6300 | vías: 2, plataformas: 2
ABM: Se creó la estación Viedma
ABM: Se agrego Viedma (Rio Negro) - Roca 1100 CP:8500 | vías: 2, plataformas: 2
ABM: Se creó la estación Rawson
ABM: Se agrego Rawson (Chubut) - Fontana 1200 CP:9103 | vías: 2, plataformas: 2
ABM: Se agrego Tren  [diesel] pas:6 carga:0 linea:Mitre
ABM: Se agrego Tren  [gasolina] pas:0 carga:0 linea:no-asignado
ABM: Se agrego Tren  [diesel] pas:8 carga:0 linea:Roca-Tandil
ABM: Se agrego Tren  [electrico] pas:8 carga:0 linea:San Martin
ABM: Se agrego Tren  [diesel] pas:5 carga:0 linea:Belgrano Norte
ABM: Se agrego Tren  [gasolina] pas:4 carga:0 linea:Mitre
ABM: Se agrego Tren  [electrico] pas:7 carga:0 linea:Roca-Tandil
ABM: Se agrego Tren  [diesel] pas:6 carga:0 linea:San Martin
ABM: Se agrego Tren  [electrico] pas:9 carga:0 linea:Belgrano Norte
ABM: Se agrego Tren  [diesel] pas:5 carga:0 linea:Mitre
ABM: Se agrego Tren  [gasolina] pas:3 carga:0 linea:no-asignado
ABM: Se agrego Tren  [electrico] pas:10 carga:0 linea:San Martin
ABM: Se agrego Tren  [diesel] pas:7 carga:0 linea:Roca-Tandil
ABM: Se agrego Tren  [diesel] pas:6 carga:0 linea:Belgrano Norte
ABM: Se agrego Tren  [electrico] pas:8 carga:0 linea:Mitre
ABM: Se agrego Tren  [gasolina] pas:4 carga:0 linea:no-asignado
ABM: Se agrego Tren  [diesel] pas:5 carga:0 linea:San Martin
ABM: Se agrego Tren  [electrico] pas:9 carga:0 linea:Roca-Tandil
ABM: Se agrego Tren  [diesel] pas:6 carga:0 linea:Belgrano Norte
ABM: Se agrego Tren  [electrico] pas:7 carga:0 linea:San Martin

=== ESTADO DEL SISTEMA POST-CARGA INICIAL ===
eed.tp.TrenesSaControlador@6ce253f1
==============================================

ABM: Se creó la estación Tandil
ABM: Se agrego Tandil (Tandil) - Av. España 745 CP:7000 | vías: 4, plataformas: 2
ABM: Se creó la estación Retiro
ABM: Se agrego Retiro (CABA) - Av. Dr. Jose Maria Ramos Mejia 1430 CP:C1104 | vías: 9, plataformas: 6
ABM: Se creó la estación Constitucion
ABM: Se agrego Constitucion (CABA) - Av. Brasil 1128 CP:C1154 | vías: 14, plataformas: 8
ABM: Se creó la estación Canuelas
ABM: Se agrego Canuelas (Canuelas) - Libertad 150 CP:1814 | vías: 3, plataformas: 2
ABM: Se creó la estación Las Flores
ABM: Se agrego Las Flores (Las Flores) - Av. Rivadavia 400 CP:7200 | vías: 2, plataformas: 2
ABM: Se creó la estación Neuquen
ABM: Se agrego Neuquen (capital) - Av. Brasil 1128 CP:C1154 | vías: 14, plataformas: 8
ABM: Se creó la estación Bariloche
ABM: Se agrego Bariloche (Rio negro) - Libertad 150 CP:1814 | vías: 3, plataformas: 2
ABM: Se creó la estación Tierra del fuego
ABM: Se agrego Tierra del fuego (tierra) - Av. Rivadavia 400 CP:7200 | vías: 2, plataformas: 2
ABM: Se creó la estación La Plata
ABM: Se agrego La Plata (Buenos Aires) - Calle 1 100 CP:1900 | vías: 5, plataformas: 4
ABM: Se creó la estación Mar del Plata
ABM: Se agrego Mar del Plata (Buenos Aires) - Av. Luro 200 CP:7600 | vías: 4, plataformas: 3
ABM: Se creó la estación Rosario
ABM: Se agrego Rosario (Santa Fe) - Aristobulo 300 CP:2000 | vías: 6, plataformas: 4
ABM: Se creó la estación Cordoba
ABM: Se agrego Cordoba (Cordoba) - Peron 400 CP:5000 | vías: 5, plataformas: 3
ABM: Se creó la estación Mendoza
ABM: Se agrego Mendoza (Mendoza) - Las Heras 500 CP:5500 | vías: 3, plataformas: 2
ABM: Se creó la estación Tucuman
ABM: Se agrego Tucuman (Tucuman) - Corrientes 600 CP:4000 | vías: 3, plataformas: 2
ABM: Se creó la estación Salta
ABM: Se agrego Salta (Salta) - Balcarce 700 CP:4400 | vías: 2, plataformas: 2
ABM: Se creó la estación San Juan
ABM: Se agrego San Juan (San Juan) - España 800 CP:5400 | vías: 2, plataformas: 2
ABM: Se creó la estación San Luis
ABM: Se agrego San Luis (San Luis) - Illia 900 CP:5700 | vías: 2, plataformas: 2
ABM: Se creó la estación Santa Rosa
ABM: Se agrego Santa Rosa (La Pampa) - Luro 1000 CP:6300 | vías: 2, plataformas: 2
ABM: Se creó la estación Viedma
ABM: Se agrego Viedma (Rio Negro) - Roca 1100 CP:8500 | vías: 2, plataformas: 2
ABM: Se creó la estación Rawson
ABM: Se agrego Rawson (Chubut) - Fontana 1200 CP:9103 | vías: 2, plataformas: 2
ABM: Se agrego Tren  [diesel] pas:6 carga:0 linea:Mitre
ABM: Se agrego Tren  [gasolina] pas:0 carga:0 linea:no-asignado
ABM: Se agrego Tren  [diesel] pas:8 carga:0 linea:Roca-Tandil
ABM: Se agrego Tren  [electrico] pas:8 carga:0 linea:San Martin
ABM: Se agrego Tren  [diesel] pas:5 carga:0 linea:Belgrano Norte
ABM: Se agrego Tren  [gasolina] pas:4 carga:0 linea:Mitre
ABM: Se agrego Tren  [electrico] pas:7 carga:0 linea:Roca-Tandil
ABM: Se agrego Tren  [diesel] pas:6 carga:0 linea:San Martin
ABM: Se agrego Tren  [electrico] pas:9 carga:0 linea:Belgrano Norte
ABM: Se agrego Tren  [diesel] pas:5 carga:0 linea:Mitre
ABM: Se agrego Tren  [gasolina] pas:3 carga:0 linea:no-asignado
ABM: Se agrego Tren  [electrico] pas:10 carga:0 linea:San Martin
ABM: Se agrego Tren  [diesel] pas:7 carga:0 linea:Roca-Tandil
ABM: Se agrego Tren  [diesel] pas:6 carga:0 linea:Belgrano Norte
ABM: Se agrego Tren  [electrico] pas:8 carga:0 linea:Mitre
ABM: Se agrego Tren  [gasolina] pas:4 carga:0 linea:no-asignado
ABM: Se agrego Tren  [diesel] pas:5 carga:0 linea:San Martin
ABM: Se agrego Tren  [electrico] pas:9 carga:0 linea:Roca-Tandil
ABM: Se agrego Tren  [diesel] pas:6 carga:0 linea:Belgrano Norte
ABM: Se agrego Tren  [electrico] pas:7 carga:0 linea:San Martin

=== ESTADO DEL SISTEMA POST-CARGA INICIAL ===
eed.tp.TrenesSaControlador@6ce253f1
==============================================

ABM: Se creó la estación Tandil
ABM: Se agrego Tandil (Tandil) - Av. España 745 CP:7000 | vías: 4, plataformas: 2
ABM: Se creó la estación Retiro
ABM: Se agrego Retiro (CABA) - Av. Dr. Jose Maria Ramos Mejia 1430 CP:C1104 | vías: 9, plataformas: 6
ABM: Se creó la estación Constitucion
ABM: Se agrego Constitucion (CABA) - Av. Brasil 1128 CP:C1154 | vías: 14, plataformas: 8
ABM: Se creó la estación Canuelas
ABM: Se agrego Canuelas (Canuelas) - Libertad 150 CP:1814 | vías: 3, plataformas: 2
ABM: Se creó la estación Las Flores
ABM: Se agrego Las Flores (Las Flores) - Av. Rivadavia 400 CP:7200 | vías: 2, plataformas: 2
ABM: Se creó la estación Neuquen
ABM: Se agrego Neuquen (capital) - Av. Brasil 1128 CP:C1154 | vías: 14, plataformas: 8
ABM: Se creó la estación Bariloche
ABM: Se agrego Bariloche (Rio negro) - Libertad 150 CP:1814 | vías: 3, plataformas: 2
ABM: Se creó la estación Tierra del fuego
ABM: Se agrego Tierra del fuego (tierra) - Av. Rivadavia 400 CP:7200 | vías: 2, plataformas: 2
ABM: Se creó la estación La Plata
ABM: Se agrego La Plata (Buenos Aires) - Calle 1 100 CP:1900 | vías: 5, plataformas: 4
ABM: Se creó la estación Mar del Plata
ABM: Se agrego Mar del Plata (Buenos Aires) - Av. Luro 200 CP:7600 | vías: 4, plataformas: 3
ABM: Se creó la estación Rosario
ABM: Se agrego Rosario (Santa Fe) - Aristobulo 300 CP:2000 | vías: 6, plataformas: 4
ABM: Se creó la estación Cordoba
ABM: Se agrego Cordoba (Cordoba) - Peron 400 CP:5000 | vías: 5, plataformas: 3
ABM: Se creó la estación Mendoza
ABM: Se agrego Mendoza (Mendoza) - Las Heras 500 CP:5500 | vías: 3, plataformas: 2
ABM: Se creó la estación Tucuman
ABM: Se agrego Tucuman (Tucuman) - Corrientes 600 CP:4000 | vías: 3, plataformas: 2
ABM: Se creó la estación Salta
ABM: Se agrego Salta (Salta) - Balcarce 700 CP:4400 | vías: 2, plataformas: 2
ABM: Se creó la estación San Juan
ABM: Se agrego San Juan (San Juan) - España 800 CP:5400 | vías: 2, plataformas: 2
ABM: Se creó la estación San Luis
ABM: Se agrego San Luis (San Luis) - Illia 900 CP:5700 | vías: 2, plataformas: 2
ABM: Se creó la estación Santa Rosa
ABM: Se agrego Santa Rosa (La Pampa) - Luro 1000 CP:6300 | vías: 2, plataformas: 2
ABM: Se creó la estación Viedma
ABM: Se agrego Viedma (Rio Negro) - Roca 1100 CP:8500 | vías: 2, plataformas: 2
ABM: Se creó la estación Rawson
ABM: Se agrego Rawson (Chubut) - Fontana 1200 CP:9103 | vías: 2, plataformas: 2
ABM: Se agrego Tren  [diesel] pas:6 carga:0 linea:Mitre
ABM: Se agrego Tren  [gasolina] pas:0 carga:0 linea:no-asignado
ABM: Se agrego Tren  [diesel] pas:8 carga:0 linea:Roca-Tandil
ABM: Se agrego Tren  [electrico] pas:8 carga:0 linea:San Martin
ABM: Se agrego Tren  [diesel] pas:5 carga:0 linea:Belgrano Norte
ABM: Se agrego Tren  [gasolina] pas:4 carga:0 linea:Mitre
ABM: Se agrego Tren  [electrico] pas:7 carga:0 linea:Roca-Tandil
ABM: Se agrego Tren  [diesel] pas:6 carga:0 linea:San Martin
ABM: Se agrego Tren  [electrico] pas:9 carga:0 linea:Belgrano Norte
ABM: Se agrego Tren  [diesel] pas:5 carga:0 linea:Mitre
ABM: Se agrego Tren  [gasolina] pas:3 carga:0 linea:no-asignado
ABM: Se agrego Tren  [electrico] pas:10 carga:0 linea:San Martin
ABM: Se agrego Tren  [diesel] pas:7 carga:0 linea:Roca-Tandil
ABM: Se agrego Tren  [diesel] pas:6 carga:0 linea:Belgrano Norte
ABM: Se agrego Tren  [electrico] pas:8 carga:0 linea:Mitre
ABM: Se agrego Tren  [gasolina] pas:4 carga:0 linea:no-asignado
ABM: Se agrego Tren  [diesel] pas:5 carga:0 linea:San Martin
ABM: Se agrego Tren  [electrico] pas:9 carga:0 linea:Roca-Tandil
ABM: Se agrego Tren  [diesel] pas:6 carga:0 linea:Belgrano Norte
ABM: Se agrego Tren  [electrico] pas:7 carga:0 linea:San Martin

=== ESTADO DEL SISTEMA POST-CARGA INICIAL ===
eed.tp.TrenesSaControlador@6ce253f1
==============================================

ABM: Se creó la estación Tandil
ABM: Se agrego Tandil (Tandil) - Av. España 745 CP:7000 | vías: 4, plataformas: 2
ABM: Se creó la estación Retiro
ABM: Se agrego Retiro (CABA) - Av. Dr. Jose Maria Ramos Mejia 1430 CP:C1104 | vías: 9, plataformas: 6
ABM: Se creó la estación Constitucion
ABM: Se agrego Constitucion (CABA) - Av. Brasil 1128 CP:C1154 | vías: 14, plataformas: 8
ABM: Se creó la estación Canuelas
ABM: Se agrego Canuelas (Canuelas) - Libertad 150 CP:1814 | vías: 3, plataformas: 2
ABM: Se creó la estación Las Flores
ABM: Se agrego Las Flores (Las Flores) - Av. Rivadavia 400 CP:7200 | vías: 2, plataformas: 2
ABM: Se creó la estación Neuquen
ABM: Se agrego Neuquen (capital) - Av. Brasil 1128 CP:C1154 | vías: 14, plataformas: 8
ABM: Se creó la estación Bariloche
ABM: Se agrego Bariloche (Rio negro) - Libertad 150 CP:1814 | vías: 3, plataformas: 2
ABM: Se creó la estación Tierra del fuego
ABM: Se agrego Tierra del fuego (tierra) - Av. Rivadavia 400 CP:7200 | vías: 2, plataformas: 2
ABM: Se creó la estación La Plata
ABM: Se agrego La Plata (Buenos Aires) - Calle 1 100 CP:1900 | vías: 5, plataformas: 4
ABM: Se creó la estación Mar del Plata
ABM: Se agrego Mar del Plata (Buenos Aires) - Av. Luro 200 CP:7600 | vías: 4, plataformas: 3
ABM: Se creó la estación Rosario
ABM: Se agrego Rosario (Santa Fe) - Aristobulo 300 CP:2000 | vías: 6, plataformas: 4
ABM: Se creó la estación Cordoba
ABM: Se agrego Cordoba (Cordoba) - Peron 400 CP:5000 | vías: 5, plataformas: 3
ABM: Se creó la estación Mendoza
ABM: Se agrego Mendoza (Mendoza) - Las Heras 500 CP:5500 | vías: 3, plataformas: 2
ABM: Se creó la estación Tucuman
ABM: Se agrego Tucuman (Tucuman) - Corrientes 600 CP:4000 | vías: 3, plataformas: 2
ABM: Se creó la estación Salta
ABM: Se agrego Salta (Salta) - Balcarce 700 CP:4400 | vías: 2, plataformas: 2
ABM: Se creó la estación San Juan
ABM: Se agrego San Juan (San Juan) - España 800 CP:5400 | vías: 2, plataformas: 2
ABM: Se creó la estación San Luis
ABM: Se agrego San Luis (San Luis) - Illia 900 CP:5700 | vías: 2, plataformas: 2
ABM: Se creó la estación Santa Rosa
ABM: Se agrego Santa Rosa (La Pampa) - Luro 1000 CP:6300 | vías: 2, plataformas: 2
ABM: Se creó la estación Viedma
ABM: Se agrego Viedma (Rio Negro) - Roca 1100 CP:8500 | vías: 2, plataformas: 2
ABM: Se creó la estación Rawson
ABM: Se agrego Rawson (Chubut) - Fontana 1200 CP:9103 | vías: 2, plataformas: 2
ABM: Se agrego Tren  [diesel] pas:6 carga:0 linea:Mitre
ABM: Se agrego Tren  [gasolina] pas:0 carga:0 linea:no-asignado
ABM: Se agrego Tren  [diesel] pas:8 carga:0 linea:Roca-Tandil
ABM: Se agrego Tren  [electrico] pas:8 carga:0 linea:San Martin
ABM: Se agrego Tren  [diesel] pas:5 carga:0 linea:Belgrano Norte
ABM: Se agrego Tren  [gasolina] pas:4 carga:0 linea:Mitre
ABM: Se agrego Tren  [electrico] pas:7 carga:0 linea:Roca-Tandil
ABM: Se agrego Tren  [diesel] pas:6 carga:0 linea:San Martin
ABM: Se agrego Tren  [electrico] pas:9 carga:0 linea:Belgrano Norte
ABM: Se agrego Tren  [diesel] pas:5 carga:0 linea:Mitre
ABM: Se agrego Tren  [gasolina] pas:3 carga:0 linea:no-asignado
ABM: Se agrego Tren  [electrico] pas:10 carga:0 linea:San Martin
ABM: Se agrego Tren  [diesel] pas:7 carga:0 linea:Roca-Tandil
ABM: Se agrego Tren  [diesel] pas:6 carga:0 linea:Belgrano Norte
ABM: Se agrego Tren  [electrico] pas:8 carga:0 linea:Mitre
ABM: Se agrego Tren  [gasolina] pas:4 carga:0 linea:no-asignado
ABM: Se agrego Tren  [diesel] pas:5 carga:0 linea:San Martin
ABM: Se agrego Tren  [electrico] pas:9 carga:0 linea:Roca-Tandil
ABM: Se agrego Tren  [diesel] pas:6 carga:0 linea:Belgrano Norte
ABM: Se agrego Tren  [electrico] pas:7 carga:0 linea:San Martin

=== ESTADO DEL SISTEMA POST-CARGA INICIAL ===
eed.tp.TrenesSaControlador@6ce253f1
==============================================

ABM: Se creó la estación Tandil
ABM: Se agrego Tandil (Tandil) - Av. España 745 CP:7000 | vías: 4, plataformas: 2
ABM: Se creó la estación Retiro
ABM: Se agrego Retiro (CABA) - Av. Dr. Jose Maria Ramos Mejia 1430 CP:C1104 | vías: 9, plataformas: 6
ABM: Se creó la estación Constitucion
ABM: Se agrego Constitucion (CABA) - Av. Brasil 1128 CP:C1154 | vías: 14, plataformas: 8
ABM: Se creó la estación Canuelas
ABM: Se agrego Canuelas (Canuelas) - Libertad 150 CP:1814 | vías: 3, plataformas: 2
ABM: Se creó la estación Las Flores
ABM: Se agrego Las Flores (Las Flores) - Av. Rivadavia 400 CP:7200 | vías: 2, plataformas: 2
ABM: Se creó la estación Neuquen
ABM: Se agrego Neuquen (capital) - Av. Brasil 1128 CP:C1154 | vías: 14, plataformas: 8
ABM: Se creó la estación Bariloche
ABM: Se agrego Bariloche (Rio negro) - Libertad 150 CP:1814 | vías: 3, plataformas: 2
ABM: Se creó la estación Tierra del fuego
ABM: Se agrego Tierra del fuego (tierra) - Av. Rivadavia 400 CP:7200 | vías: 2, plataformas: 2
ABM: Se creó la estación La Plata
ABM: Se agrego La Plata (Buenos Aires) - Calle 1 100 CP:1900 | vías: 5, plataformas: 4
ABM: Se creó la estación Mar del Plata
ABM: Se agrego Mar del Plata (Buenos Aires) - Av. Luro 200 CP:7600 | vías: 4, plataformas: 3
ABM: Se creó la estación Rosario
ABM: Se agrego Rosario (Santa Fe) - Aristobulo 300 CP:2000 | vías: 6, plataformas: 4
ABM: Se creó la estación Cordoba
ABM: Se agrego Cordoba (Cordoba) - Peron 400 CP:5000 | vías: 5, plataformas: 3
ABM: Se creó la estación Mendoza
ABM: Se agrego Mendoza (Mendoza) - Las Heras 500 CP:5500 | vías: 3, plataformas: 2
ABM: Se creó la estación Tucuman
ABM: Se agrego Tucuman (Tucuman) - Corrientes 600 CP:4000 | vías: 3, plataformas: 2
ABM: Se creó la estación Salta
ABM: Se agrego Salta (Salta) - Balcarce 700 CP:4400 | vías: 2, plataformas: 2
ABM: Se creó la estación San Juan
ABM: Se agrego San Juan (San Juan) - España 800 CP:5400 | vías: 2, plataformas: 2
ABM: Se creó la estación San Luis
ABM: Se agrego San Luis (San Luis) - Illia 900 CP:5700 | vías: 2, plataformas: 2
ABM: Se creó la estación Santa Rosa
ABM: Se agrego Santa Rosa (La Pampa) - Luro 1000 CP:6300 | vías: 2, plataformas: 2
ABM: Se creó la estación Viedma
ABM: Se agrego Viedma (Rio Negro) - Roca 1100 CP:8500 | vías: 2, plataformas: 2
ABM: Se creó la estación Rawson
ABM: Se agrego Rawson (Chubut) - Fontana 1200 CP:9103 | vías: 2, plataformas: 2
ABM: Se agrego Tren  [diesel] pas:6 carga:0 linea:Mitre
ABM: Se agrego Tren  [gasolina] pas:0 carga:0 linea:no-asignado
ABM: Se agrego Tren  [diesel] pas:8 carga:0 linea:Roca-Tandil
ABM: Se agrego Tren  [electrico] pas:8 carga:0 linea:San Martin
ABM: Se agrego Tren  [diesel] pas:5 carga:0 linea:Belgrano Norte
ABM: Se agrego Tren  [gasolina] pas:4 carga:0 linea:Mitre
ABM: Se agrego Tren  [electrico] pas:7 carga:0 linea:Roca-Tandil
ABM: Se agrego Tren  [diesel] pas:6 carga:0 linea:San Martin
ABM: Se agrego Tren  [electrico] pas:9 carga:0 linea:Belgrano Norte
ABM: Se agrego Tren  [diesel] pas:5 carga:0 linea:Mitre
ABM: Se agrego Tren  [gasolina] pas:3 carga:0 linea:no-asignado
ABM: Se agrego Tren  [electrico] pas:10 carga:0 linea:San Martin
ABM: Se agrego Tren  [diesel] pas:7 carga:0 linea:Roca-Tandil
ABM: Se agrego Tren  [diesel] pas:6 carga:0 linea:Belgrano Norte
ABM: Se agrego Tren  [electrico] pas:8 carga:0 linea:Mitre
ABM: Se agrego Tren  [gasolina] pas:4 carga:0 linea:no-asignado
ABM: Se agrego Tren  [diesel] pas:5 carga:0 linea:San Martin
ABM: Se agrego Tren  [electrico] pas:9 carga:0 linea:Roca-Tandil
ABM: Se agrego Tren  [diesel] pas:6 carga:0 linea:Belgrano Norte
ABM: Se agrego Tren  [electrico] pas:7 carga:0 linea:San Martin

=== ESTADO DEL SISTEMA POST-CARGA INICIAL ===
eed.tp.TrenesSaControlador@6ce253f1
==============================================

ABM: Se creó la estación Tandil
ABM: Se agrego Tandil (Tandil) - Av. España 745 CP:7000 | vías: 4, plataformas: 2
ABM: Se creó la estación Retiro
ABM: Se agrego Retiro (CABA) - Av. Dr. Jose Maria Ramos Mejia 1430 CP:C1104 | vías: 9, plataformas: 6
ABM: Se creó la estación Constitucion
ABM: Se agrego Constitucion (CABA) - Av. Brasil 1128 CP:C1154 | vías: 14, plataformas: 8
ABM: Se creó la estación Canuelas
ABM: Se agrego Canuelas (Canuelas) - Libertad 150 CP:1814 | vías: 3, plataformas: 2
ABM: Se creó la estación Las Flores
ABM: Se agrego Las Flores (Las Flores) - Av. Rivadavia 400 CP:7200 | vías: 2, plataformas: 2
ABM: Se creó la estación Neuquen
ABM: Se agrego Neuquen (capital) - Av. Brasil 1128 CP:C1154 | vías: 14, plataformas: 8
ABM: Se creó la estación Bariloche
ABM: Se agrego Bariloche (Rio negro) - Libertad 150 CP:1814 | vías: 3, plataformas: 2
ABM: Se creó la estación Tierra del fuego
ABM: Se agrego Tierra del fuego (tierra) - Av. Rivadavia 400 CP:7200 | vías: 2, plataformas: 2
ABM: Se creó la estación La Plata
ABM: Se agrego La Plata (Buenos Aires) - Calle 1 100 CP:1900 | vías: 5, plataformas: 4
ABM: Se creó la estación Mar del Plata
ABM: Se agrego Mar del Plata (Buenos Aires) - Av. Luro 200 CP:7600 | vías: 4, plataformas: 3
ABM: Se creó la estación Rosario
ABM: Se agrego Rosario (Santa Fe) - Aristobulo 300 CP:2000 | vías: 6, plataformas: 4
ABM: Se creó la estación Cordoba
ABM: Se agrego Cordoba (Cordoba) - Peron 400 CP:5000 | vías: 5, plataformas: 3
ABM: Se creó la estación Mendoza
ABM: Se agrego Mendoza (Mendoza) - Las Heras 500 CP:5500 | vías: 3, plataformas: 2
ABM: Se creó la estación Tucuman
ABM: Se agrego Tucuman (Tucuman) - Corrientes 600 CP:4000 | vías: 3, plataformas: 2
ABM: Se creó la estación Salta
ABM: Se agrego Salta (Salta) - Balcarce 700 CP:4400 | vías: 2, plataformas: 2
ABM: Se creó la estación San Juan
ABM: Se agrego San Juan (San Juan) - España 800 CP:5400 | vías: 2, plataformas: 2
ABM: Se creó la estación San Luis
ABM: Se agrego San Luis (San Luis) - Illia 900 CP:5700 | vías: 2, plataformas: 2
ABM: Se creó la estación Santa Rosa
ABM: Se agrego Santa Rosa (La Pampa) - Luro 1000 CP:6300 | vías: 2, plataformas: 2
ABM: Se creó la estación Viedma
ABM: Se agrego Viedma (Rio Negro) - Roca 1100 CP:8500 | vías: 2, plataformas: 2
ABM: Se creó la estación Rawson
ABM: Se agrego Rawson (Chubut) - Fontana 1200 CP:9103 | vías: 2, plataformas: 2
ABM: Se agrego Tren  [diesel] pas:6 carga:0 linea:Mitre
ABM: Se agrego Tren  [gasolina] pas:0 carga:0 linea:no-asignado
ABM: Se agrego Tren  [diesel] pas:8 carga:0 linea:Roca-Tandil
ABM: Se agrego Tren  [electrico] pas:8 carga:0 linea:San Martin
ABM: Se agrego Tren  [diesel] pas:5 carga:0 linea:Belgrano Norte
ABM: Se agrego Tren  [gasolina] pas:4 carga:0 linea:Mitre
ABM: Se agrego Tren  [electrico] pas:7 carga:0 linea:Roca-Tandil
ABM: Se agrego Tren  [diesel] pas:6 carga:0 linea:San Martin
ABM: Se agrego Tren  [electrico] pas:9 carga:0 linea:Belgrano Norte
ABM: Se agrego Tren  [diesel] pas:5 carga:0 linea:Mitre
ABM: Se agrego Tren  [gasolina] pas:3 carga:0 linea:no-asignado
ABM: Se agrego Tren  [electrico] pas:10 carga:0 linea:San Martin
ABM: Se agrego Tren  [diesel] pas:7 carga:0 linea:Roca-Tandil
ABM: Se agrego Tren  [diesel] pas:6 carga:0 linea:Belgrano Norte
ABM: Se agrego Tren  [electrico] pas:8 carga:0 linea:Mitre
ABM: Se agrego Tren  [gasolina] pas:4 carga:0 linea:no-asignado
ABM: Se agrego Tren  [diesel] pas:5 carga:0 linea:San Martin
ABM: Se agrego Tren  [electrico] pas:9 carga:0 linea:Roca-Tandil
ABM: Se agrego Tren  [diesel] pas:6 carga:0 linea:Belgrano Norte
ABM: Se agrego Tren  [electrico] pas:7 carga:0 linea:San Martin

=== ESTADO DEL SISTEMA POST-CARGA INICIAL ===
eed.tp.TrenesSaControlador@6ce253f1
==============================================

ABM: Se agrego Tandil (Av. España) - 745 7000 CP:4 | vías: 2, plataformas: 2
ABM: Se agrego CABA (Av. Dr. Jose Maria Ramos Mejia) - 1430 C1104 CP:9 | vías: 6, plataformas: 6
ABM: Se agrego CABA (Av. Brasil) - 1128 C1154 CP:14 | vías: 8, plataformas: 8
ABM: Se agrego Canuelas (Libertad) - 150 1814 CP:3 | vías: 2, plataformas: 2
ABM: Se agrego Las Flores (Av. Rivadavia) - 400 7200 CP:2 | vías: 2, plataformas: 2
ABM: Se agrego capital (Av. Brasil) - 1128 C1154 CP:14 | vías: 8, plataformas: 8
ABM: Se agrego Rio negro (Libertad) - 150 1814 CP:3 | vías: 2, plataformas: 2
ABM: Se agrego tierra (Av. Rivadavia) - 400 7200 CP:2 | vías: 2, plataformas: 2
ABM: Se agrego Buenos Aires (Calle 1) - 100 1900 CP:5 | vías: 4, plataformas: 4
ABM: Se agrego Buenos Aires (Av. Luro) - 200 7600 CP:4 | vías: 3, plataformas: 3
ABM: Se agrego Santa Fe (Aristobulo) - 300 2000 CP:6 | vías: 4, plataformas: 4
ABM: Se agrego Cordoba (Peron) - 400 5000 CP:5 | vías: 3, plataformas: 3
ABM: Se agrego Mendoza (Las Heras) - 500 5500 CP:3 | vías: 2, plataformas: 2
ABM: Se agrego Tucuman (Corrientes) - 600 4000 CP:3 | vías: 2, plataformas: 2
ABM: Se agrego Salta (Balcarce) - 700 4400 CP:2 | vías: 2, plataformas: 2
ABM: Se agrego San Juan (España) - 800 5400 CP:2 | vías: 2, plataformas: 2
ABM: Se agrego San Luis (Illia) - 900 5700 CP:2 | vías: 2, plataformas: 2
ABM: Se agrego La Pampa (Luro) - 1000 6300 CP:2 | vías: 2, plataformas: 2
ABM: Se agrego Rio Negro (Roca) - 1100 8500 CP:2 | vías: 2, plataformas: 2
ABM: Se agrego Chubut (Fontana) - 1200 9103 CP:2 | vías: 2, plataformas: 2
ABM: Se agrego Tandil (Av. España) - 745 7000 CP:4 | vías: 2, plataformas: 2
ABM: Se agrego CABA (Av. Dr. Jose Maria Ramos Mejia) - 1430 C1104 CP:9 | vías: 6, plataformas: 6
ABM: Se agrego CABA (Av. Brasil) - 1128 C1154 CP:14 | vías: 8, plataformas: 8
ABM: Se agrego Canuelas (Libertad) - 150 1814 CP:3 | vías: 2, plataformas: 2
ABM: Se agrego Las Flores (Av. Rivadavia) - 400 7200 CP:2 | vías: 2, plataformas: 2
ABM: Se agrego capital (Av. Brasil) - 1128 C1154 CP:14 | vías: 8, plataformas: 8
ABM: Se agrego Rio negro (Libertad) - 150 1814 CP:3 | vías: 2, plataformas: 2
ABM: Se agrego tierra (Av. Rivadavia) - 400 7200 CP:2 | vías: 2, plataformas: 2
ABM: Se agrego Buenos Aires (Calle 1) - 100 1900 CP:5 | vías: 4, plataformas: 4
ABM: Se agrego Buenos Aires (Av. Luro) - 200 7600 CP:4 | vías: 3, plataformas: 3
ABM: Se agrego Santa Fe (Aristobulo) - 300 2000 CP:6 | vías: 4, plataformas: 4
ABM: Se agrego Cordoba (Peron) - 400 5000 CP:5 | vías: 3, plataformas: 3
ABM: Se agrego Mendoza (Las Heras) - 500 5500 CP:3 | vías: 2, plataformas: 2
ABM: Se agrego Tucuman (Corrientes) - 600 4000 CP:3 | vías: 2, plataformas: 2
ABM: Se agrego Salta (Balcarce) - 700 4400 CP:2 | vías: 2, plataformas: 2
ABM: Se agrego San Juan (España) - 800 5400 CP:2 | vías: 2, plataformas: 2
ABM: Se agrego San Luis (Illia) - 900 5700 CP:2 | vías: 2, plataformas: 2
ABM: Se agrego La Pampa (Luro) - 1000 6300 CP:2 | vías: 2, plataformas: 2
ABM: Se agrego Rio Negro (Roca) - 1100 8500 CP:2 | vías: 2, plataformas: 2
ABM: Se agrego Chubut (Fontana) - 1200 9103 CP:2 | vías: 2, plataformas: 2
ABM: Se agrego Tandil (Tandil) - Av. España 745 CP:7000 | vías: 4, plataformas: 2
ABM: Se agrego Retiro (CABA) - Av. Dr. Jose Maria Ramos Mejia 1430 CP:C1104 | vías: 9, plataformas: 6
ABM: Se agrego Constitucion (CABA) - Av. Brasil 1128 CP:C1154 | vías: 14, plataformas: 8
ABM: Se agrego Canuelas (Canuelas) - Libertad 150 CP:1814 | vías: 3, plataformas: 2
ABM: Se agrego Las Flores (Las Flores) - Av. Rivadavia 400 CP:7200 | vías: 2, plataformas: 2
ABM: Se agrego Neuquen (capital) - Av. Brasil 1128 CP:C1154 | vías: 14, plataformas: 8
ABM: Se agrego Bariloche (Rio negro) - Libertad 150 CP:1814 | vías: 3, plataformas: 2
ABM: Se agrego Tierra del fuego (tierra) - Av. Rivadavia 400 CP:7200 | vías: 2, plataformas: 2
ABM: Se agrego La Plata (Buenos Aires) - Calle 1 100 CP:1900 | vías: 5, plataformas: 4
ABM: Se agrego Mar del Plata (Buenos Aires) - Av. Luro 200 CP:7600 | vías: 4, plataformas: 3
ABM: Se agrego Rosario (Santa Fe) - Aristobulo 300 CP:2000 | vías: 6, plataformas: 4
ABM: Se agrego Cordoba (Cordoba) - Peron 400 CP:5000 | vías: 5, plataformas: 3
ABM: Se agrego Mendoza (Mendoza) - Las Heras 500 CP:5500 | vías: 3, plataformas: 2
ABM: Se agrego Tucuman (Tucuman) - Corrientes 600 CP:4000 | vías: 3, plataformas: 2
ABM: Se agrego Salta (Salta) - Balcarce 700 CP:4400 | vías: 2, plataformas: 2
ABM: Se agrego San Juan (San Juan) - España 800 CP:5400 | vías: 2, plataformas: 2
ABM: Se agrego San Luis (San Luis) - Illia 900 CP:5700 | vías: 2, plataformas: 2
ABM: Se agrego Santa Rosa (La Pampa) - Luro 1000 CP:6300 | vías: 2, plataformas: 2
ABM: Se agrego Viedma (Rio Negro) - Roca 1100 CP:8500 | vías: 2, plataformas: 2
ABM: Se agrego Rawson (Chubut) - Fontana 1200 CP:9103 | vías: 2, plataformas: 2
ABM: Se agrego Tandil (Tandil) - Av. España 745 CP:7000 | vías: 4, plataformas: 2
ABM: Se agrego Retiro (CABA) - Av. Dr. Jose Maria Ramos Mejia 1430 CP:C1104 | vías: 9, plataformas: 6
ABM: Se agrego Constitucion (CABA) - Av. Brasil 1128 CP:C1154 | vías: 14, plataformas: 8
ABM: Se agrego Canuelas (Canuelas) - Libertad 150 CP:1814 | vías: 3, plataformas: 2
ABM: Se agrego Las Flores (Las Flores) - Av. Rivadavia 400 CP:7200 | vías: 2, plataformas: 2
ABM: Se agrego Neuquen (capital) - Av. Brasil 1128 CP:C1154 | vías: 14, plataformas: 8
ABM: Se agrego Bariloche (Rio negro) - Libertad 150 CP:1814 | vías: 3, plataformas: 2
ABM: Se agrego Tierra del fuego (tierra) - Av. Rivadavia 400 CP:7200 | vías: 2, plataformas: 2
ABM: Se agrego La Plata (Buenos Aires) - Calle 1 100 CP:1900 | vías: 5, plataformas: 4
ABM: Se agrego Mar del Plata (Buenos Aires) - Av. Luro 200 CP:7600 | vías: 4, plataformas: 3
ABM: Se agrego Rosario (Santa Fe) - Aristobulo 300 CP:2000 | vías: 6, plataformas: 4
ABM: Se agrego Cordoba (Cordoba) - Peron 400 CP:5000 | vías: 5, plataformas: 3
ABM: Se agrego Mendoza (Mendoza) - Las Heras 500 CP:5500 | vías: 3, plataformas: 2
ABM: Se agrego Tucuman (Tucuman) - Corrientes 600 CP:4000 | vías: 3, plataformas: 2
ABM: Se agrego Salta (Salta) - Balcarce 700 CP:4400 | vías: 2, plataformas: 2
ABM: Se agrego San Juan (San Juan) - España 800 CP:5400 | vías: 2, plataformas: 2
ABM: Se agrego San Luis (San Luis) - Illia 900 CP:5700 | vías: 2, plataformas: 2
ABM: Se agrego Santa Rosa (La Pampa) - Luro 1000 CP:6300 | vías: 2, plataformas: 2
ABM: Se agrego Viedma (Rio Negro) - Roca 1100 CP:8500 | vías: 2, plataformas: 2
ABM: Se agrego Rawson (Chubut) - Fontana 1200 CP:9103 | vías: 2, plataformas: 2
ABM: Se agrego Tandil (Tandil) - Av. España 745 CP:7000 | vías: 4, plataformas: 2
ABM: Se agrego Retiro (CABA) - Av. Dr. Jose Maria Ramos Mejia 1430 CP:C1104 | vías: 9, plataformas: 6
ABM: Se agrego Constitucion (CABA) - Av. Brasil 1128 CP:C1154 | vías: 14, plataformas: 8
ABM: Se agrego Canuelas (Canuelas) - Libertad 150 CP:1814 | vías: 3, plataformas: 2
ABM: Se agrego Las Flores (Las Flores) - Av. Rivadavia 400 CP:7200 | vías: 2, plataformas: 2
ABM: Se agrego Neuquen (capital) - Av. Brasil 1128 CP:C1154 | vías: 14, plataformas: 8
ABM: Se agrego Bariloche (Rio negro) - Libertad 150 CP:1814 | vías: 3, plataformas: 2
ABM: Se agrego Tierra del fuego (tierra) - Av. Rivadavia 400 CP:7200 | vías: 2, plataformas: 2
ABM: Se agrego La Plata (Buenos Aires) - Calle 1 100 CP:1900 | vías: 5, plataformas: 4
ABM: Se agrego Mar del Plata (Buenos Aires) - Av. Luro 200 CP:7600 | vías: 4, plataformas: 3
ABM: Se agrego Rosario (Santa Fe) - Aristobulo 300 CP:2000 | vías: 6, plataformas: 4
ABM: Se agrego Cordoba (Cordoba) - Peron 400 CP:5000 | vías: 5, plataformas: 3
ABM: Se agrego Mendoza (Mendoza) - Las Heras 500 CP:5500 | vías: 3, plataformas: 2
ABM: Se agrego Tucuman (Tucuman) - Corrientes 600 CP:4000 | vías: 3, plataformas: 2
ABM: Se agrego Salta (Salta) - Balcarce 700 CP:4400 | vías: 2, plataformas: 2
ABM: Se agrego San Juan (San Juan) - España 800 CP:5400 | vías: 2, plataformas: 2
ABM: Se agrego San Luis (San Luis) - Illia 900 CP:5700 | vías: 2, plataformas: 2
ABM: Se agrego Santa Rosa (La Pampa) - Luro 1000 CP:6300 | vías: 2, plataformas: 2
ABM: Se agrego Viedma (Rio Negro) - Roca 1100 CP:8500 | vías: 2, plataformas: 2
ABM: Se agrego Rawson (Chubut) - Fontana 1200 CP:9103 | vías: 2, plataformas: 2
ABM: Se agrego Tandil (Tandil) - Av. España 745 CP:7000 | vías: 4, plataformas: 2
ABM: Se agrego Retiro (CABA) - Av. Dr. Jose Maria Ramos Mejia 1430 CP:C1104 | vías: 9, plataformas: 6
ABM: Se agrego Constitucion (CABA) - Av. Brasil 1128 CP:C1154 | vías: 14, plataformas: 8
ABM: Se agrego Canuelas (Canuelas) - Libertad 150 CP:1814 | vías: 3, plataformas: 2
ABM: Se agrego Las Flores (Las Flores) - Av. Rivadavia 400 CP:7200 | vías: 2, plataformas: 2
ABM: Se agrego Neuquen (capital) - Av. Brasil 1128 CP:C1154 | vías: 14, plataformas: 8
ABM: Se agrego Bariloche (Rio negro) - Libertad 150 CP:1814 | vías: 3, plataformas: 2
ABM: Se agrego Tierra del fuego (tierra) - Av. Rivadavia 400 CP:7200 | vías: 2, plataformas: 2
ABM: Se agrego La Plata (Buenos Aires) - Calle 1 100 CP:1900 | vías: 5, plataformas: 4
ABM: Se agrego Mar del Plata (Buenos Aires) - Av. Luro 200 CP:7600 | vías: 4, plataformas: 3
ABM: Se agrego Rosario (Santa Fe) - Aristobulo 300 CP:2000 | vías: 6, plataformas: 4
ABM: Se agrego Cordoba (Cordoba) - Peron 400 CP:5000 | vías: 5, plataformas: 3
ABM: Se agrego Mendoza (Mendoza) - Las Heras 500 CP:5500 | vías: 3, plataformas: 2
ABM: Se agrego Tucuman (Tucuman) - Corrientes 600 CP:4000 | vías: 3, plataformas: 2
ABM: Se agrego Salta (Salta) - Balcarce 700 CP:4400 | vías: 2, plataformas: 2
ABM: Se agrego San Juan (San Juan) - España 800 CP:5400 | vías: 2, plataformas: 2
ABM: Se agrego San Luis (San Luis) - Illia 900 CP:5700 | vías: 2, plataformas: 2
ABM: Se agrego Santa Rosa (La Pampa) - Luro 1000 CP:6300 | vías: 2, plataformas: 2
ABM: Se agrego Viedma (Rio Negro) - Roca 1100 CP:8500 | vías: 2, plataformas: 2
ABM: Se agrego Rawson (Chubut) - Fontana 1200 CP:9103 | vías: 2, plataformas: 2
ABM: Se agrego Tandil (Tandil) - Av. España 745 CP:7000 | vías: 4, plataformas: 2
ABM: Se agrego Retiro (CABA) - Av. Dr. Jose Maria Ramos Mejia 1430 CP:C1104 | vías: 9, plataformas: 6
ABM: Se agrego Constitucion (CABA) - Av. Brasil 1128 CP:C1154 | vías: 14, plataformas: 8
ABM: Se agrego Canuelas (Canuelas) - Libertad 150 CP:1814 | vías: 3, plataformas: 2
ABM: Se agrego Las Flores (Las Flores) - Av. Rivadavia 400 CP:7200 | vías: 2, plataformas: 2
ABM: Se agrego Neuquen (capital) - Av. Brasil 1128 CP:C1154 | vías: 14, plataformas: 8
ABM: Se agrego Bariloche (Rio negro) - Libertad 150 CP:1814 | vías: 3, plataformas: 2
ABM: Se agrego Tierra del fuego (tierra) - Av. Rivadavia 400 CP:7200 | vías: 2, plataformas: 2
ABM: Se agrego La Plata (Buenos Aires) - Calle 1 100 CP:1900 | vías: 5, plataformas: 4
ABM: Se agrego Mar del Plata (Buenos Aires) - Av. Luro 200 CP:7600 | vías: 4, plataformas: 3
ABM: Se agrego Rosario (Santa Fe) - Aristobulo 300 CP:2000 | vías: 6, plataformas: 4
ABM: Se agrego Cordoba (Cordoba) - Peron 400 CP:5000 | vías: 5, plataformas: 3
ABM: Se agrego Mendoza (Mendoza) - Las Heras 500 CP:5500 | vías: 3, plataformas: 2
ABM: Se agrego Tucuman (Tucuman) - Corrientes 600 CP:4000 | vías: 3, plataformas: 2
ABM: Se agrego Salta (Salta) - Balcarce 700 CP:4400 | vías: 2, plataformas: 2
ABM: Se agrego San Juan (San Juan) - España 800 CP:5400 | vías: 2, plataformas: 2
ABM: Se agrego San Luis (San Luis) - Illia 900 CP:5700 | vías: 2, plataformas: 2
ABM: Se agrego Santa Rosa (La Pampa) - Luro 1000 CP:6300 | vías: 2, plataformas: 2
ABM: Se agrego Viedma (Rio Negro) - Roca 1100 CP:8500 | vías: 2, plataformas: 2
ABM: Se agrego Rawson (Chubut) - Fontana 1200 CP:9103 | vías: 2, plataformas: 2
ABM: Se agrego Tren  [diesel] pas:6 carga:0 linea:Mitre
ABM: Se agrego Tren  [gasolina] pas:0 carga:0 linea:no-asignado
ABM: Se agrego Tren  [diesel] pas:8 carga:0 linea:Roca-Tandil
ABM: Se agrego Tren  [electrico] pas:8 carga:0 linea:San Martin
ABM: Se agrego Tren  [diesel] pas:5 carga:0 linea:Belgrano Norte
ABM: Se agrego Tren  [gasolina] pas:4 carga:0 linea:Mitre
ABM: Se agrego Tren  [electrico] pas:7 carga:0 linea:Roca-Tandil
ABM: Se agrego Tren  [diesel] pas:6 carga:0 linea:San Martin
ABM: Se agrego Tren  [electrico] pas:9 carga:0 linea:Belgrano Norte
ABM: Se agrego Tren  [diesel] pas:5 carga:0 linea:Mitre
ABM: Se agrego Tren  [gasolina] pas:3 carga:0 linea:no-asignado
ABM: Se agrego Tren  [electrico] pas:10 carga:0 linea:San Martin
ABM: Se agrego Tren  [diesel] pas:7 carga:0 linea:Roca-Tandil
ABM: Se agrego Tren  [diesel] pas:6 carga:0 linea:Belgrano Norte
ABM: Se agrego Tren  [electrico] pas:8 carga:0 linea:Mitre
ABM: Se agrego Tren  [gasolina] pas:4 carga:0 linea:no-asignado
ABM: Se agrego Tren  [diesel] pas:5 carga:0 linea:San Martin
ABM: Se agrego Tren  [electrico] pas:9 carga:0 linea:Roca-Tandil
ABM: Se agrego Tren  [diesel] pas:6 carga:0 linea:Belgrano Norte
ABM: Se agrego Tren  [electrico] pas:7 carga:0 linea:San Martin

=== ESTADO DEL SISTEMA POST-CARGA INICIAL ===
eed.tp.TrenesSaControlador@6ce253f1
==============================================

ABM: Se agrego Tandil (Tandil) - Av. España 745 CP:7000 | vías: 4, plataformas: 2
ABM: Se agrego Retiro (CABA) - Av. Dr. Jose Maria Ramos Mejia 1430 CP:C1104 | vías: 9, plataformas: 6
ABM: Se agrego Constitucion (CABA) - Av. Brasil 1128 CP:C1154 | vías: 14, plataformas: 8
ABM: Se agrego Canuelas (Canuelas) - Libertad 150 CP:1814 | vías: 3, plataformas: 2
ABM: Se agrego Las Flores (Las Flores) - Av. Rivadavia 400 CP:7200 | vías: 2, plataformas: 2
ABM: Se agrego Neuquen (capital) - Av. Brasil 1128 CP:C1154 | vías: 14, plataformas: 8
ABM: Se agrego Bariloche (Rio negro) - Libertad 150 CP:1814 | vías: 3, plataformas: 2
ABM: Se agrego Tierra del fuego (tierra) - Av. Rivadavia 400 CP:7200 | vías: 2, plataformas: 2
ABM: Se agrego La Plata (Buenos Aires) - Calle 1 100 CP:1900 | vías: 5, plataformas: 4
ABM: Se agrego Mar del Plata (Buenos Aires) - Av. Luro 200 CP:7600 | vías: 4, plataformas: 3
ABM: Se agrego Rosario (Santa Fe) - Aristobulo 300 CP:2000 | vías: 6, plataformas: 4
ABM: Se agrego Cordoba (Cordoba) - Peron 400 CP:5000 | vías: 5, plataformas: 3
ABM: Se agrego Mendoza (Mendoza) - Las Heras 500 CP:5500 | vías: 3, plataformas: 2
ABM: Se agrego Tucuman (Tucuman) - Corrientes 600 CP:4000 | vías: 3, plataformas: 2
ABM: Se agrego Salta (Salta) - Balcarce 700 CP:4400 | vías: 2, plataformas: 2
ABM: Se agrego San Juan (San Juan) - España 800 CP:5400 | vías: 2, plataformas: 2
ABM: Se agrego San Luis (San Luis) - Illia 900 CP:5700 | vías: 2, plataformas: 2
ABM: Se agrego Santa Rosa (La Pampa) - Luro 1000 CP:6300 | vías: 2, plataformas: 2
ABM: Se agrego Viedma (Rio Negro) - Roca 1100 CP:8500 | vías: 2, plataformas: 2
ABM: Se agrego Rawson (Chubut) - Fontana 1200 CP:9103 | vías: 2, plataformas: 2
ABM: Se agrego Tren  [diesel] pas:6 carga:0 linea:Mitre
ABM: Se agrego Tren  [gasolina] pas:0 carga:0 linea:no-asignado
ABM: Se agrego Tren  [diesel] pas:8 carga:0 linea:Roca-Tandil
ABM: Se agrego Tren  [electrico] pas:8 carga:0 linea:San Martin
ABM: Se agrego Tren  [diesel] pas:5 carga:0 linea:Belgrano Norte
ABM: Se agrego Tren  [gasolina] pas:4 carga:0 linea:Mitre
ABM: Se agrego Tren  [electrico] pas:7 carga:0 linea:Roca-Tandil
ABM: Se agrego Tren  [diesel] pas:6 carga:0 linea:San Martin
ABM: Se agrego Tren  [electrico] pas:9 carga:0 linea:Belgrano Norte
ABM: Se agrego Tren  [diesel] pas:5 carga:0 linea:Mitre
ABM: Se agrego Tren  [gasolina] pas:3 carga:0 linea:no-asignado
ABM: Se agrego Tren  [electrico] pas:10 carga:0 linea:San Martin
ABM: Se agrego Tren  [diesel] pas:7 carga:0 linea:Roca-Tandil
ABM: Se agrego Tren  [diesel] pas:6 carga:0 linea:Belgrano Norte
ABM: Se agrego Tren  [electrico] pas:8 carga:0 linea:Mitre
ABM: Se agrego Tren  [gasolina] pas:4 carga:0 linea:no-asignado
ABM: Se agrego Tren  [diesel] pas:5 carga:0 linea:San Martin
ABM: Se agrego Tren  [electrico] pas:9 carga:0 linea:Roca-Tandil
ABM: Se agrego Tren  [diesel] pas:6 carga:0 linea:Belgrano Norte
ABM: Se agrego Tren  [electrico] pas:7 carga:0 linea:San Martin

=== ESTADO DEL SISTEMA POST-CARGA INICIAL ===
eed.tp.TrenesSaControlador@6ce253f1
==============================================

ABM: Se agrego Tandil (Tandil) - Av. España 745 CP:7000 | vías: 4, plataformas: 2
ABM: Se agrego Retiro (CABA) - Av. Dr. Jose Maria Ramos Mejia 1430 CP:C1104 | vías: 9, plataformas: 6
ABM: Se agrego Constitucion (CABA) - Av. Brasil 1128 CP:C1154 | vías: 14, plataformas: 8
ABM: Se agrego Canuelas (Canuelas) - Libertad 150 CP:1814 | vías: 3, plataformas: 2
ABM: Se agrego Las Flores (Las Flores) - Av. Rivadavia 400 CP:7200 | vías: 2, plataformas: 2
ABM: Se agrego Neuquen (capital) - Av. Brasil 1128 CP:C1154 | vías: 14, plataformas: 8
ABM: Se agrego Bariloche (Rio negro) - Libertad 150 CP:1814 | vías: 3, plataformas: 2
ABM: Se agrego Tierra del fuego (tierra) - Av. Rivadavia 400 CP:7200 | vías: 2, plataformas: 2
ABM: Se agrego La Plata (Buenos Aires) - Calle 1 100 CP:1900 | vías: 5, plataformas: 4
ABM: Se agrego Mar del Plata (Buenos Aires) - Av. Luro 200 CP:7600 | vías: 4, plataformas: 3
ABM: Se agrego Rosario (Santa Fe) - Aristobulo 300 CP:2000 | vías: 6, plataformas: 4
ABM: Se agrego Cordoba (Cordoba) - Peron 400 CP:5000 | vías: 5, plataformas: 3
ABM: Se agrego Mendoza (Mendoza) - Las Heras 500 CP:5500 | vías: 3, plataformas: 2
ABM: Se agrego Tucuman (Tucuman) - Corrientes 600 CP:4000 | vías: 3, plataformas: 2
ABM: Se agrego Salta (Salta) - Balcarce 700 CP:4400 | vías: 2, plataformas: 2
ABM: Se agrego San Juan (San Juan) - España 800 CP:5400 | vías: 2, plataformas: 2
ABM: Se agrego San Luis (San Luis) - Illia 900 CP:5700 | vías: 2, plataformas: 2
ABM: Se agrego Santa Rosa (La Pampa) - Luro 1000 CP:6300 | vías: 2, plataformas: 2
ABM: Se agrego Viedma (Rio Negro) - Roca 1100 CP:8500 | vías: 2, plataformas: 2
ABM: Se agrego Rawson (Chubut) - Fontana 1200 CP:9103 | vías: 2, plataformas: 2
ABM: Se agrego Tren  [diesel] pas:6 carga:0 linea:Mitre
ABM: Se agrego Tren  [gasolina] pas:0 carga:0 linea:no-asignado
ABM: Se agrego Tren  [diesel] pas:8 carga:0 linea:Roca-Tandil
ABM: Se agrego Tren  [electrico] pas:8 carga:0 linea:San Martin
ABM: Se agrego Tren  [diesel] pas:5 carga:0 linea:Belgrano Norte
ABM: Se agrego Tren  [gasolina] pas:4 carga:0 linea:Mitre
ABM: Se agrego Tren  [electrico] pas:7 carga:0 linea:Roca-Tandil
ABM: Se agrego Tren  [diesel] pas:6 carga:0 linea:San Martin
ABM: Se agrego Tren  [electrico] pas:9 carga:0 linea:Belgrano Norte
ABM: Se agrego Tren  [diesel] pas:5 carga:0 linea:Mitre
ABM: Se agrego Tren  [gasolina] pas:3 carga:0 linea:no-asignado
ABM: Se agrego Tren  [electrico] pas:10 carga:0 linea:San Martin
ABM: Se agrego Tren  [diesel] pas:7 carga:0 linea:Roca-Tandil
ABM: Se agrego Tren  [diesel] pas:6 carga:0 linea:Belgrano Norte
ABM: Se agrego Tren  [electrico] pas:8 carga:0 linea:Mitre
ABM: Se agrego Tren  [gasolina] pas:4 carga:0 linea:no-asignado
ABM: Se agrego Tren  [diesel] pas:5 carga:0 linea:San Martin
ABM: Se agrego Tren  [electrico] pas:9 carga:0 linea:Roca-Tandil
ABM: Se agrego Tren  [diesel] pas:6 carga:0 linea:Belgrano Norte
ABM: Se agrego Tren  [electrico] pas:7 carga:0 linea:San Martin

=== ESTADO DEL SISTEMA POST-CARGA INICIAL ===
eed.tp.TrenesSaControlador@6ce253f1
==============================================

ABM: Se agrego Tandil (Tandil) - Av. España 745 CP:7000 | vías: 4, plataformas: 2
ABM: Se agrego Retiro (CABA) - Av. Dr. Jose Maria Ramos Mejia 1430 CP:C1104 | vías: 9, plataformas: 6
ABM: Se agrego Constitucion (CABA) - Av. Brasil 1128 CP:C1154 | vías: 14, plataformas: 8
ABM: Se agrego Canuelas (Canuelas) - Libertad 150 CP:1814 | vías: 3, plataformas: 2
ABM: Se agrego Las Flores (Las Flores) - Av. Rivadavia 400 CP:7200 | vías: 2, plataformas: 2
ABM: Se agrego Neuquen (capital) - Av. Brasil 1128 CP:C1154 | vías: 14, plataformas: 8
ABM: Se agrego Bariloche (Rio negro) - Libertad 150 CP:1814 | vías: 3, plataformas: 2
ABM: Se agrego Tierra del fuego (tierra) - Av. Rivadavia 400 CP:7200 | vías: 2, plataformas: 2
ABM: Se agrego La Plata (Buenos Aires) - Calle 1 100 CP:1900 | vías: 5, plataformas: 4
ABM: Se agrego Mar del Plata (Buenos Aires) - Av. Luro 200 CP:7600 | vías: 4, plataformas: 3
ABM: Se agrego Rosario (Santa Fe) - Aristobulo 300 CP:2000 | vías: 6, plataformas: 4
ABM: Se agrego Cordoba (Cordoba) - Peron 400 CP:5000 | vías: 5, plataformas: 3
ABM: Se agrego Mendoza (Mendoza) - Las Heras 500 CP:5500 | vías: 3, plataformas: 2
ABM: Se agrego Tucuman (Tucuman) - Corrientes 600 CP:4000 | vías: 3, plataformas: 2
ABM: Se agrego Salta (Salta) - Balcarce 700 CP:4400 | vías: 2, plataformas: 2
ABM: Se agrego San Juan (San Juan) - España 800 CP:5400 | vías: 2, plataformas: 2
ABM: Se agrego San Luis (San Luis) - Illia 900 CP:5700 | vías: 2, plataformas: 2
ABM: Se agrego Santa Rosa (La Pampa) - Luro 1000 CP:6300 | vías: 2, plataformas: 2
ABM: Se agrego Viedma (Rio Negro) - Roca 1100 CP:8500 | vías: 2, plataformas: 2
ABM: Se agrego Rawson (Chubut) - Fontana 1200 CP:9103 | vías: 2, plataformas: 2
ABM: Se agrego Tren  [diesel] pas:6 carga:0 linea:Mitre
ABM: Se agrego Tren  [gasolina] pas:0 carga:0 linea:no-asignado
ABM: Se agrego Tren  [diesel] pas:8 carga:0 linea:Roca-Tandil
ABM: Se agrego Tren  [electrico] pas:8 carga:0 linea:San Martin
ABM: Se agrego Tren  [diesel] pas:5 carga:0 linea:Belgrano Norte
ABM: Se agrego Tren  [gasolina] pas:4 carga:0 linea:Mitre
ABM: Se agrego Tren  [electrico] pas:7 carga:0 linea:Roca-Tandil
ABM: Se agrego Tren  [diesel] pas:6 carga:0 linea:San Martin
ABM: Se agrego Tren  [electrico] pas:9 carga:0 linea:Belgrano Norte
ABM: Se agrego Tren  [diesel] pas:5 carga:0 linea:Mitre
ABM: Se agrego Tren  [gasolina] pas:3 carga:0 linea:no-asignado
ABM: Se agrego Tren  [electrico] pas:10 carga:0 linea:San Martin
ABM: Se agrego Tren  [diesel] pas:7 carga:0 linea:Roca-Tandil
ABM: Se agrego Tren  [diesel] pas:6 carga:0 linea:Belgrano Norte
ABM: Se agrego Tren  [electrico] pas:8 carga:0 linea:Mitre
ABM: Se agrego Tren  [gasolina] pas:4 carga:0 linea:no-asignado
ABM: Se agrego Tren  [diesel] pas:5 carga:0 linea:San Martin
ABM: Se agrego Tren  [electrico] pas:9 carga:0 linea:Roca-Tandil
ABM: Se agrego Tren  [diesel] pas:6 carga:0 linea:Belgrano Norte
ABM: Se agrego Tren  [electrico] pas:7 carga:0 linea:San Martin

=== ESTADO DEL SISTEMA POST-CARGA INICIAL ===
eed.tp.TrenesSaControlador@6ce253f1
==============================================

ABM: Se agrego Tandil (Tandil) - Av. España 745 CP:7000 | vías: 4, plataformas: 2
ABM: Se agrego Retiro (CABA) - Av. Dr. Jose Maria Ramos Mejia 1430 CP:C1104 | vías: 9, plataformas: 6
ABM: Se agrego Constitucion (CABA) - Av. Brasil 1128 CP:C1154 | vías: 14, plataformas: 8
ABM: Se agrego Canuelas (Canuelas) - Libertad 150 CP:1814 | vías: 3, plataformas: 2
ABM: Se agrego Las Flores (Las Flores) - Av. Rivadavia 400 CP:7200 | vías: 2, plataformas: 2
ABM: Se agrego Neuquen (capital) - Av. Brasil 1128 CP:C1154 | vías: 14, plataformas: 8
ABM: Se agrego Bariloche (Rio negro) - Libertad 150 CP:1814 | vías: 3, plataformas: 2
ABM: Se agrego Tierra del fuego (tierra) - Av. Rivadavia 400 CP:7200 | vías: 2, plataformas: 2
ABM: Se agrego La Plata (Buenos Aires) - Calle 1 100 CP:1900 | vías: 5, plataformas: 4
ABM: Se agrego Mar del Plata (Buenos Aires) - Av. Luro 200 CP:7600 | vías: 4, plataformas: 3
ABM: Se agrego Rosario (Santa Fe) - Aristobulo 300 CP:2000 | vías: 6, plataformas: 4
ABM: Se agrego Cordoba (Cordoba) - Peron 400 CP:5000 | vías: 5, plataformas: 3
ABM: Se agrego Mendoza (Mendoza) - Las Heras 500 CP:5500 | vías: 3, plataformas: 2
ABM: Se agrego Tucuman (Tucuman) - Corrientes 600 CP:4000 | vías: 3, plataformas: 2
ABM: Se agrego Salta (Salta) - Balcarce 700 CP:4400 | vías: 2, plataformas: 2
ABM: Se agrego San Juan (San Juan) - España 800 CP:5400 | vías: 2, plataformas: 2
ABM: Se agrego San Luis (San Luis) - Illia 900 CP:5700 | vías: 2, plataformas: 2
ABM: Se agrego Santa Rosa (La Pampa) - Luro 1000 CP:6300 | vías: 2, plataformas: 2
ABM: Se agrego Viedma (Rio Negro) - Roca 1100 CP:8500 | vías: 2, plataformas: 2
ABM: Se agrego Rawson (Chubut) - Fontana 1200 CP:9103 | vías: 2, plataformas: 2
ABM: Se agrego Tren  [diesel] pas:6 carga:0 linea:Mitre
ABM: Se agrego Tren  [gasolina] pas:0 carga:0 linea:no-asignado
ABM: Se agrego Tren  [diesel] pas:8 carga:0 linea:Roca-Tandil
ABM: Se agrego Tren  [electrico] pas:8 carga:0 linea:San Martin
ABM: Se agrego Tren  [diesel] pas:5 carga:0 linea:Belgrano Norte
ABM: Se agrego Tren  [gasolina] pas:4 carga:0 linea:Mitre
ABM: Se agrego Tren  [electrico] pas:7 carga:0 linea:Roca-Tandil
ABM: Se agrego Tren  [diesel] pas:6 carga:0 linea:San Martin
ABM: Se agrego Tren  [electrico] pas:9 carga:0 linea:Belgrano Norte
ABM: Se agrego Tren  [diesel] pas:5 carga:0 linea:Mitre
ABM: Se agrego Tren  [gasolina] pas:3 carga:0 linea:no-asignado
ABM: Se agrego Tren  [electrico] pas:10 carga:0 linea:San Martin
ABM: Se agrego Tren  [diesel] pas:7 carga:0 linea:Roca-Tandil
ABM: Se agrego Tren  [diesel] pas:6 carga:0 linea:Belgrano Norte
ABM: Se agrego Tren  [electrico] pas:8 carga:0 linea:Mitre
ABM: Se agrego Tren  [gasolina] pas:4 carga:0 linea:no-asignado
ABM: Se agrego Tren  [diesel] pas:5 carga:0 linea:San Martin
ABM: Se agrego Tren  [electrico] pas:9 carga:0 linea:Roca-Tandil
ABM: Se agrego Tren  [diesel] pas:6 carga:0 linea:Belgrano Norte
ABM: Se agrego Tren  [electrico] pas:7 carga:0 linea:San Martin

=== ESTADO DEL SISTEMA POST-CARGA INICIAL ===
eed.tp.TrenesSaControlador@6ce253f1
==============================================


=== ESTADO DEL SISTEMA POST-CARGA INICIAL ===
eed.tp.TrenesSaControlador@6ce253f1
==============================================


=== ESTADO DEL SISTEMA POST-CARGA INICIAL ===
eed.tp.TrenesSaControlador@6ce253f1
==============================================


=== ESTADO DEL SISTEMA POST-CARGA INICIAL ===
eed.tp.TrenesSaControlador@6ce253f1
==============================================


=== ESTADO DEL SISTEMA POST-CARGA INICIAL ===
eed.tp.TrenesSaControlador@6ce253f1
==============================================


=== ESTADO DEL SISTEMA POST-CARGA INICIAL ===
eed.tp.TrenesSaControlador@6ce253f1
==============================================


=== ESTADO DEL SISTEMA POST-CARGA INICIAL ===
eed.tp.TrenesSaControlador@6ce253f1
==============================================


=== ESTADO DEL SISTEMA POST-CARGA INICIAL ===
eed.tp.TrenesSaControlador@6ce253f1
==============================================


=== ESTADO DEL SISTEMA POST-CARGA INICIAL ===
eed.tp.TrenesSaControlador@6ce253f1
==============================================


=== ESTADO DEL SISTEMA POST-CARGA INICIAL ===
eed.tp.TrenesSaControlador@6ce253f1
==============================================


=== ESTADO DEL SISTEMA POST-CARGA INICIAL ===
eed.tp.TrenesSaControlador@6ce253f1
==============================================


=== ESTADO DEL SISTEMA POST-CARGA INICIAL ===
eed.tp.TrenesSaControlador@6ce253f1
==============================================


=== ESTADO DEL SISTEMA POST-CARGA INICIAL ===
eed.tp.TrenesSaControlador@6ce253f1
==============================================


=== ESTADO DEL SISTEMA POST-CARGA INICIAL ===
eed.tp.TrenesSaControlador@6ce253f1
==============================================


=== ESTADO DEL SISTEMA POST-CARGA INICIAL ===
eed.tp.TrenesSaControlador@6ce253f1
==============================================


=== ESTADO DEL SISTEMA POST-CARGA INICIAL ===
eed.tp.TrenesSaControlador@6ce253f1
==============================================


=== ESTADO DEL SISTEMA POST-CARGA INICIAL ===
eed.tp.TrenesSaControlador@6ce253f1
==============================================


=== ESTADO DEL SISTEMA POST-CARGA INICIAL ===
eed.tp.TrenesSaControlador@6ce253f1
==============================================


=== ESTADO DEL SISTEMA POST-CARGA INICIAL ===
eed.tp.TrenesSaControlador@6ce253f1
==============================================


=== ESTADO DEL SISTEMA POST-CARGA INICIAL ===
eed.tp.TrenesSaControlador@6ce253f1
==============================================


=== ESTADO DEL SISTEMA POST-CARGA INICIAL ===
eed.tp.TrenesSaControlador@6ce253f1
==============================================


=== ESTADO DEL SISTEMA POST-CARGA INICIAL ===
eed.tp.TrenesSaControlador@6ce253f1
==============================================


=== ESTADO DEL SISTEMA POST-CARGA INICIAL ===
eed.tp.TrenesSaControlador@6ce253f1
==============================================


=== ESTADO DEL SISTEMA POST-CARGA INICIAL ===
eed.tp.TrenesSaControlador@6ce253f1
==============================================


=== ESTADO DEL SISTEMA POST-CARGA INICIAL ===
eed.tp.TrenesSaControlador@6f79caec
==============================================


=== ESTADO DEL SISTEMA POST-CARGA INICIAL ===
eed.tp.TrenesSaControlador@6f79caec
==============================================


=== ESTADO DEL SISTEMA POST-CARGA INICIAL ===
eed.tp.TrenesSaControlador@6ce253f1
==============================================


=== ESTADO DEL SISTEMA POST-CARGA INICIAL ===
eed.tp.TrenesSaControlador@6ce253f1
==============================================


=== ESTADO DEL SISTEMA POST-CARGA INICIAL ===
eed.tp.TrenesSaControlador@6ce253f1
==============================================


=== ESTADO DEL SISTEMA POST-CARGA INICIAL ===
eed.tp.TrenesSaControlador@6ce253f1
==============================================


=== ESTADO DEL SISTEMA POST-CARGA INICIAL ===
eed.tp.TrenesSaControlador@6ce253f1
==============================================


=== ESTADO DEL SISTEMA POST-CARGA INICIAL ===
eed.tp.TrenesSaControlador@6ce253f1
==============================================


=== ESTADO DEL SISTEMA POST-CARGA INICIAL ===
eed.tp.TrenesSaControlador@6ce253f1
==============================================


=== ESTADO DEL SISTEMA POST-CARGA INICIAL ===
eed.tp.TrenesSaControlador@6ce253f1
==============================================


=== ESTADO DEL SISTEMA POST-CARGA INICIAL ===
eed.tp.TrenesSaControlador@6ce253f1
==============================================


=== ESTADO DEL SISTEMA POST-CARGA INICIAL ===
eed.tp.TrenesSaControlador@6ce253f1
==============================================


=== ESTADO DEL SISTEMA POST-CARGA INICIAL ===
eed.tp.TrenesSaControlador@6ce253f1
==============================================


=== ESTADO DEL SISTEMA POST-CARGA INICIAL ===
eed.tp.TrenesSaControlador@6ce253f1
==============================================


=== ESTADO DEL SISTEMA POST-CARGA INICIAL ===
eed.tp.TrenesSaControlador@6ce253f1
==============================================


=== ESTADO DEL SISTEMA POST-CARGA INICIAL ===
eed.tp.TrenesSaControlador@6ce253f1
==============================================


=== ESTADO DEL SISTEMA POST-CARGA INICIAL ===
eed.tp.TrenesSaControlador@6ce253f1
==============================================


=== ESTADO DEL SISTEMA POST-CARGA INICIAL ===
eed.tp.TrenesSaControlador@6ce253f1
==============================================


=== ESTADO DEL SISTEMA POST-CARGA INICIAL ===
eed.tp.TrenesSaControlador@6ce253f1
==============================================


=== ESTADO DEL SISTEMA POST-CARGA INICIAL ===
eed.tp.TrenesSaControlador@6ce253f1
==============================================


=== ESTADO DEL SISTEMA POST-CARGA INICIAL ===
eed.tp.TrenesSaControlador@6ce253f1
==============================================


=== ESTADO DEL SISTEMA POST-CARGA INICIAL ===
eed.tp.TrenesSaControlador@6ce253f1
==============================================


=== ESTADO DEL SISTEMA POST-CARGA INICIAL ===
eed.tp.TrenesSaControlador@6ce253f1
==============================================


=== ESTADO DEL SISTEMA POST-CARGA INICIAL ===
eed.tp.TrenesSaControlador@6ce253f1
==============================================


=== ESTADO DEL SISTEMA POST-CARGA INICIAL ===
eed.tp.TrenesSaControlador@6ce253f1
==============================================


=== ESTADO DEL SISTEMA POST-CARGA INICIAL ===
eed.tp.TrenesSaControlador@6f79caec
==============================================


=== ESTADO DEL SISTEMA POST-CARGA INICIAL ===
eed.tp.TrenesSaControlador@6ce253f1
==============================================


=== ESTADO DEL SISTEMA POST-CARGA INICIAL ===
eed.tp.TrenesSaControlador@6ce253f1
==============================================


=== ESTADO DEL SISTEMA POST-CARGA INICIAL ===
eed.tp.TrenesSaControlador@6ce253f1
==============================================


=== ESTADO DEL SISTEMA POST-CARGA INICIAL ===
eed.tp.TrenesSaControlador@6ce253f1
==============================================


=== ESTADO DEL SISTEMA POST-CARGA INICIAL ===
eed.tp.TrenesSaControlador@6ce253f1
==============================================


=== ESTADO DEL SISTEMA POST-CARGA INICIAL ===
eed.tp.TrenesSaControlador@6ce253f1
==============================================


=== ESTADO DEL SISTEMA POST-CARGA INICIAL ===
eed.tp.TrenesSaControlador@6ce253f1
==============================================


=== ESTADO DEL SISTEMA POST-CARGA INICIAL ===
eed.tp.TrenesSaControlador@6ce253f1
==============================================


=== ESTADO DEL SISTEMA POST-CARGA INICIAL ===
eed.tp.TrenesSaControlador@6ce253f1
==============================================


=== ESTADO DEL SISTEMA POST-CARGA INICIAL ===
eed.tp.TrenesSaControlador@6ce253f1
==============================================


=== ESTADO DEL SISTEMA POST-CARGA INICIAL ===
eed.tp.TrenesSaControlador@6ce253f1
==============================================


=== ESTADO DEL SISTEMA POST-CARGA INICIAL ===
eed.tp.TrenesSaControlador@6ce253f1
==============================================


=== ESTADO DEL SISTEMA POST-CARGA INICIAL ===
eed.tp.TrenesSaControlador@6ce253f1
==============================================


=== ESTADO DEL SISTEMA POST-CARGA INICIAL ===
eed.tp.TrenesSaControlador@6ce253f1
==============================================


=== ESTADO DEL SISTEMA POST-CARGA INICIAL ===
eed.tp.TrenesSaControlador@6ce253f1
==============================================


=== ESTADO DEL SISTEMA POST-CARGA INICIAL ===
eed.tp.TrenesSaControlador@6ce253f1
==============================================


=== ESTADO DEL SISTEMA POST-CARGA INICIAL ===
eed.tp.TrenesSaControlador@6ce253f1
==============================================

